id,productId,phone_type,created_at,user_id
6,heart.777,A,"2023-05-13 21:28:34",1211127
7,heart.777,A,"2023-05-13 21:29:39",1151343
8,heart.777,A,"2023-05-13 21:31:33",1002147
9,heart.777,A,"2023-05-13 21:31:39",1095040
11,heart.777,A,"2023-05-13 21:34:32",1164081
12,heart.200,A,"2023-05-13 21:39:06",1239225
13,heart.4000,A,"2023-05-13 21:39:22",1239225
14,heart.777,A,"2023-05-13 21:43:30",916229
15,heart.777,A,"2023-05-13 21:43:40",1179497
17,heart.777,A,"2023-05-13 21:43:57",1084334
18,heart.777,A,"2023-05-13 21:45:48",1219305
19,heart.777,A,"2023-05-13 21:46:18",1000165
20,heart.1000,A,"2023-05-13 21:47:04",1000165
21,heart.777,A,"2023-05-13 21:47:28",1179900
23,heart.777,A,"2023-05-13 21:50:23",1186896
24,heart.777,A,"2023-05-13 21:52:07",1182767
26,heart.4000,A,"2023-05-13 21:54:23",1164347
27,heart.777,A,"2023-05-13 21:55:05",1082183
28,heart.777,A,"2023-05-13 21:56:03",1206701
30,heart.777,A,"2023-05-13 21:56:27",886620
31,heart.1000,A,"2023-05-13 21:56:51",1211364
32,heart.777,A,"2023-05-13 21:58:46",937357
33,heart.777,A,"2023-05-13 21:59:49",1091515
34,heart.777,A,"2023-05-13 22:04:29",1191594
35,heart.777,A,"2023-05-13 22:04:58",1059265
36,heart.200,A,"2023-05-13 22:05:27",1191594
37,heart.1000,A,"2023-05-13 22:06:26",1191594
38,heart.777,A,"2023-05-13 22:07:17",1175886
39,heart.777,A,"2023-05-13 22:07:36",1108320
40,heart.777,A,"2023-05-13 22:07:37",1033813
41,heart.1000,A,"2023-05-13 22:07:39",1088440
42,heart.4000,A,"2023-05-13 22:07:54",1191594
43,heart.777,A,"2023-05-13 22:08:29",1170271
44,heart.777,A,"2023-05-13 22:09:11",1146301
45,heart.777,A,"2023-05-13 22:09:39",1208793
46,heart.200,A,"2023-05-13 22:10:28",1206701
47,heart.777,A,"2023-05-13 22:10:33",1181417
48,heart.777,A,"2023-05-13 22:11:07",982924
49,heart.777,A,"2023-05-13 22:12:05",1002468
50,heart.777,A,"2023-05-13 22:13:11",1124938
51,heart.777,A,"2023-05-13 22:13:39",955989
52,heart.777,A,"2023-05-13 22:15:01",998521
53,heart.4000,A,"2023-05-13 22:15:21",1239225
54,heart.777,A,"2023-05-13 22:19:48",1215545
55,heart.200,A,"2023-05-13 22:21:11",1083594
56,heart.1000,A,"2023-05-13 22:21:31",1178580
57,heart.777,A,"2023-05-13 22:22:21",940675
58,heart.777,A,"2023-05-13 22:23:05",1085475
59,heart.777,A,"2023-05-13 22:24:15",839006
60,heart.4000,A,"2023-05-13 22:25:11",1170271
61,heart.777,A,"2023-05-13 22:25:11",1147921
62,heart.777,A,"2023-05-13 22:25:38",1115974
63,heart.777,A,"2023-05-13 22:25:42",1083300
64,heart.777,A,"2023-05-13 22:25:45",1204011
65,heart.777,A,"2023-05-13 22:26:10",996142
66,heart.1000,A,"2023-05-13 22:26:44",1227124
67,heart.777,A,"2023-05-13 22:26:45",985576
68,heart.777,A,"2023-05-13 22:27:41",1146434
69,heart.777,A,"2023-05-13 22:31:05",1190913
70,heart.1000,A,"2023-05-13 22:31:29",985576
71,heart.777,A,"2023-05-13 22:32:05",1190959
72,heart.777,A,"2023-05-13 22:32:07",1185389
73,heart.1000,A,"2023-05-13 22:32:28",931850
74,heart.1000,A,"2023-05-13 22:32:48",931850
75,heart.777,A,"2023-05-13 22:32:48",1075103
76,heart.777,A,"2023-05-13 22:33:12",1035081
77,heart.1000,A,"2023-05-13 22:33:44",1190959
78,heart.777,A,"2023-05-13 22:34:41",954005
79,heart.200,A,"2023-05-13 22:34:45",1170271
80,heart.777,A,"2023-05-13 22:36:09",1214248
81,heart.777,A,"2023-05-13 22:36:29",1207407
82,heart.777,A,"2023-05-13 22:36:47",1013452
83,heart.777,A,"2023-05-13 22:36:51",984433
84,heart.1000,A,"2023-05-13 22:37:15",1170271
85,heart.777,A,"2023-05-13 22:37:42",1152187
86,heart.777,A,"2023-05-13 22:37:44",1227124
87,heart.777,A,"2023-05-13 22:38:47",1085764
88,heart.777,A,"2023-05-13 22:39:10",1086064
89,heart.1000,A,"2023-05-13 22:39:22",1170271
90,heart.777,A,"2023-05-13 22:39:46",1239426
91,heart.1000,A,"2023-05-13 22:39:52",1190959
92,heart.777,A,"2023-05-13 22:40:58",888764
93,heart.777,A,"2023-05-13 22:41:20",840191
94,heart.777,A,"2023-05-13 22:41:43",1047681
95,heart.200,A,"2023-05-13 22:43:04",1039404
96,heart.777,A,"2023-05-13 22:44:19",1039036
97,heart.777,A,"2023-05-13 22:44:31",943163
98,heart.777,A,"2023-05-13 22:45:25",1047464
99,heart.777,A,"2023-05-13 22:45:33",1165671
100,heart.777,A,"2023-05-13 22:45:38",1229449
101,heart.777,A,"2023-05-13 22:46:22",972105
102,heart.777,A,"2023-05-13 22:46:31",1077885
103,heart.777,A,"2023-05-13 22:46:39",1111046
104,heart.777,A,"2023-05-13 22:47:11",962842
105,heart.777,A,"2023-05-13 22:47:25",1035781
106,heart.777,A,"2023-05-13 22:47:50",1121941
107,heart.777,A,"2023-05-13 22:48:10",1198495
108,heart.777,A,"2023-05-13 22:48:22",866630
109,heart.777,A,"2023-05-13 22:48:24",1239225
111,heart.777,A,"2023-05-13 22:48:57",886928
112,heart.777,A,"2023-05-13 22:49:56",1060117
113,heart.777,A,"2023-05-13 22:49:57",1018819
114,heart.777,A,"2023-05-13 22:50:17",1024860
115,heart.777,A,"2023-05-13 22:50:20",904965
116,heart.1000,A,"2023-05-13 22:50:36",1170271
117,heart.4000,A,"2023-05-13 22:50:38",1141993
118,heart.777,A,"2023-05-13 22:50:44",1211300
119,heart.777,A,"2023-05-13 22:50:51",951639
120,heart.777,A,"2023-05-13 22:50:57",980886
121,heart.777,A,"2023-05-13 22:50:58",1141008
122,heart.777,A,"2023-05-13 22:51:32",1188495
123,heart.777,A,"2023-05-13 22:51:46",1177010
126,heart.777,A,"2023-05-13 22:52:36",1064730
127,heart.1000,A,"2023-05-13 22:52:37",904965
130,heart.1000,A,"2023-05-13 22:53:34",1211300
131,heart.200,A,"2023-05-13 22:53:57",951639
132,heart.777,A,"2023-05-13 22:54:17",897210
133,heart.777,A,"2023-05-13 22:54:49",1193942
134,heart.777,A,"2023-05-13 22:54:58",838785
135,heart.200,A,"2023-05-13 22:55:29",951639
136,heart.777,A,"2023-05-13 22:55:31",1239164
137,heart.777,A,"2023-05-13 22:55:33",1164272
138,heart.777,A,"2023-05-13 22:55:35",1228070
139,heart.777,A,"2023-05-13 22:55:38",1230554
140,heart.777,A,"2023-05-13 22:55:46",1229822
141,heart.4000,A,"2023-05-13 22:55:57",1040040
142,heart.200,A,"2023-05-13 22:56:18",951639
143,heart.777,A,"2023-05-13 22:56:19",1167927
145,heart.777,A,"2023-05-13 22:56:53",1082166
146,heart.777,A,"2023-05-13 22:57:24",941835
147,heart.777,A,"2023-05-13 22:57:39",1191339
148,heart.777,A,"2023-05-13 22:57:41",1133626
149,heart.777,A,"2023-05-13 22:57:59",965908
150,heart.777,A,"2023-05-13 22:58:17",1090735
151,heart.777,A,"2023-05-13 22:58:33",995062
152,heart.777,A,"2023-05-13 22:58:50",1152357
153,heart.777,A,"2023-05-13 22:58:59",1195222
154,heart.1000,A,"2023-05-13 22:59:18",1009737
155,heart.777,A,"2023-05-13 22:59:19",1210641
156,heart.777,A,"2023-05-13 22:59:39",1156957
157,heart.777,A,"2023-05-13 23:00:16",940761
158,heart.777,A,"2023-05-13 23:00:25",1038553
159,heart.777,A,"2023-05-13 23:00:31",1009737
160,heart.1000,A,"2023-05-13 23:01:11",1229822
161,heart.777,A,"2023-05-13 23:01:15",1195614
162,heart.777,A,"2023-05-13 23:02:29",1121382
163,heart.777,A,"2023-05-13 23:02:33",1160598
164,heart.1000,A,"2023-05-13 23:02:49",1160598
165,heart.200,A,"2023-05-13 23:03:04",1160598
166,heart.777,A,"2023-05-13 23:03:13",1036446
167,heart.777,A,"2023-05-13 23:03:37",1137367
168,heart.777,A,"2023-05-13 23:04:02",921671
169,heart.777,A,"2023-05-13 23:04:08",1163007
170,heart.777,A,"2023-05-13 23:05:27",884588
171,heart.777,A,"2023-05-13 23:05:34",1044731
172,heart.777,A,"2023-05-13 23:05:35",931973
173,heart.777,A,"2023-05-13 23:05:39",1041084
174,heart.777,A,"2023-05-13 23:05:52",1156146
175,heart.777,A,"2023-05-13 23:05:54",938002
176,heart.200,A,"2023-05-13 23:05:57",931973
177,heart.777,A,"2023-05-13 23:06:04",935040
178,heart.777,A,"2023-05-13 23:06:05",1166744
179,heart.777,A,"2023-05-13 23:06:20",1130442
180,heart.777,A,"2023-05-13 23:06:44",1186037
181,heart.1000,A,"2023-05-13 23:06:46",1174648
182,heart.1000,A,"2023-05-13 23:07:05",1044731
183,heart.777,A,"2023-05-13 23:07:13",1174648
184,heart.777,A,"2023-05-13 23:07:15",1192345
185,heart.777,A,"2023-05-13 23:07:28",1015255
186,heart.777,A,"2023-05-13 23:07:43",1008973
187,heart.777,A,"2023-05-13 23:08:13",870018
188,heart.777,A,"2023-05-13 23:08:40",1111028
189,heart.1000,A,"2023-05-13 23:08:45",1044731
190,heart.777,A,"2023-05-13 23:09:03",964580
191,heart.777,A,"2023-05-13 23:09:05",1119461
192,heart.777,A,"2023-05-13 23:09:28",1123840
193,heart.777,A,"2023-05-13 23:09:43",1176074
194,heart.777,A,"2023-05-13 23:09:59",1101252
195,heart.777,A,"2023-05-13 23:10:10",837842
196,heart.777,A,"2023-05-13 23:10:17",858834
197,heart.777,A,"2023-05-13 23:10:54",1019586
198,heart.777,A,"2023-05-13 23:11:13",1026457
199,heart.777,A,"2023-05-13 23:11:19",1077051
200,heart.777,A,"2023-05-13 23:11:21",1008431
201,heart.777,A,"2023-05-13 23:11:22",1134286
202,heart.1000,A,"2023-05-13 23:11:24",1044731
203,heart.777,A,"2023-05-13 23:11:30",879724
204,heart.777,A,"2023-05-13 23:11:34",1188895
205,heart.777,A,"2023-05-13 23:11:45",1053537
206,heart.1000,A,"2023-05-13 23:11:49",879724
207,heart.777,A,"2023-05-13 23:12:01",1102793
208,heart.4000,A,"2023-05-13 23:12:33",1008973
209,heart.777,A,"2023-05-13 23:12:52",945444
210,heart.777,A,"2023-05-13 23:12:52",1211188
211,heart.777,A,"2023-05-13 23:13:01",947654
212,heart.777,A,"2023-05-13 23:13:07",1234995
213,heart.1000,A,"2023-05-13 23:13:51",945444
214,heart.777,A,"2023-05-13 23:13:54",1193130
215,heart.777,A,"2023-05-13 23:14:10",1005228
216,heart.777,A,"2023-05-13 23:14:17",1231203
217,heart.777,A,"2023-05-13 23:14:49",1128592
218,heart.777,A,"2023-05-13 23:14:51",940695
219,heart.777,A,"2023-05-13 23:15:01",1180472
220,heart.777,A,"2023-05-13 23:15:05",1213990
221,heart.777,A,"2023-05-13 23:15:32",962210
222,heart.777,A,"2023-05-13 23:15:56",967754
223,heart.777,A,"2023-05-13 23:16:23",1005375
224,heart.777,A,"2023-05-13 23:16:28",1135140
226,heart.777,A,"2023-05-13 23:16:48",907209
227,heart.777,A,"2023-05-13 23:16:48",1051447
228,heart.777,A,"2023-05-13 23:16:56",1199279
229,heart.777,A,"2023-05-13 23:16:58",1186529
230,heart.777,A,"2023-05-13 23:17:04",1186621
231,heart.777,A,"2023-05-13 23:17:13",1193434
232,heart.1000,A,"2023-05-13 23:17:16",973106
233,heart.777,A,"2023-05-13 23:17:25",1134821
234,heart.1000,A,"2023-05-13 23:17:43",968051
235,heart.777,A,"2023-05-13 23:17:53",1125371
236,heart.4000,A,"2023-05-13 23:18:09",968051
237,heart.777,A,"2023-05-13 23:18:14",1232310
238,heart.1000,A,"2023-05-13 23:18:33",973106
239,heart.777,A,"2023-05-13 23:18:34",1133640
240,heart.777,A,"2023-05-13 23:18:36",1216355
241,heart.777,A,"2023-05-13 23:19:01",985788
242,heart.777,A,"2023-05-13 23:19:04",1222949
243,heart.1000,A,"2023-05-13 23:19:25",1069056
245,heart.777,A,"2023-05-13 23:20:03",1217873
246,heart.777,A,"2023-05-13 23:20:10",1111452
247,heart.777,A,"2023-05-13 23:20:46",1209020
248,heart.777,A,"2023-05-13 23:21:14",1208715
249,heart.777,A,"2023-05-13 23:21:17",1053606
250,heart.777,A,"2023-05-13 23:21:24",1136081
251,heart.777,A,"2023-05-13 23:21:24",949882
252,heart.777,A,"2023-05-13 23:21:24",1188938
253,heart.777,A,"2023-05-13 23:21:36",1133110
254,heart.1000,A,"2023-05-13 23:21:44",973106
255,heart.777,A,"2023-05-13 23:21:55",1075600
256,heart.777,A,"2023-05-13 23:22:14",919047
257,heart.777,A,"2023-05-13 23:23:02",1058965
258,heart.777,A,"2023-05-13 23:24:36",1205843
259,heart.777,A,"2023-05-13 23:25:01",1173823
260,heart.777,A,"2023-05-13 23:25:07",1111692
261,heart.777,A,"2023-05-13 23:25:12",1030230
262,heart.777,A,"2023-05-13 23:25:53",896432
263,heart.777,A,"2023-05-13 23:25:54",908704
264,heart.777,A,"2023-05-13 23:25:58",1215072
265,heart.4000,A,"2023-05-13 23:26:35",1073669
266,heart.777,A,"2023-05-13 23:26:54",1029185
267,heart.777,A,"2023-05-13 23:27:00",906796
268,heart.777,A,"2023-05-13 23:27:04",1220066
269,heart.777,A,"2023-05-13 23:27:14",1169397
270,heart.777,A,"2023-05-13 23:27:40",1231364
271,heart.777,A,"2023-05-13 23:27:49",1187441
272,heart.777,A,"2023-05-13 23:27:52",1009410
273,heart.777,A,"2023-05-13 23:28:03",1194582
274,heart.777,A,"2023-05-13 23:28:09",1070836
275,heart.777,A,"2023-05-13 23:28:24",894473
276,heart.777,A,"2023-05-13 23:28:43",1220994
277,heart.777,A,"2023-05-13 23:28:47",1191759
278,heart.777,A,"2023-05-13 23:29:03",984112
279,heart.777,A,"2023-05-13 23:29:15",1182963
280,heart.777,A,"2023-05-13 23:29:15",1201242
281,heart.777,A,"2023-05-13 23:29:38",1210481
282,heart.777,A,"2023-05-13 23:30:01",960743
283,heart.777,A,"2023-05-13 23:30:04",1021162
284,heart.777,A,"2023-05-13 23:30:18",1051591
285,heart.777,A,"2023-05-13 23:30:49",1150022
286,heart.777,A,"2023-05-13 23:31:03",1199724
287,heart.777,A,"2023-05-13 23:31:18",1202127
288,heart.1000,A,"2023-05-13 23:31:21",984112
289,heart.777,A,"2023-05-13 23:31:24",1150804
290,heart.777,A,"2023-05-13 23:31:46",1147966
291,heart.777,A,"2023-05-13 23:31:58",842555
292,heart.777,A,"2023-05-13 23:32:16",1110775
293,heart.777,A,"2023-05-13 23:32:36",1111290
294,heart.777,A,"2023-05-13 23:32:53",1113276
295,heart.777,A,"2023-05-13 23:33:24",1179191
296,heart.777,A,"2023-05-13 23:34:08",1032960
297,heart.777,A,"2023-05-13 23:35:00",1196040
298,heart.777,A,"2023-05-13 23:35:04",974093
299,heart.777,A,"2023-05-13 23:35:05",968594
300,heart.777,A,"2023-05-13 23:35:30",1003431
301,heart.777,A,"2023-05-13 23:35:31",1039443
302,heart.777,A,"2023-05-13 23:35:32",1071907
303,heart.777,A,"2023-05-13 23:35:39",1137498
304,heart.777,A,"2023-05-13 23:35:42",1152840
305,heart.1000,A,"2023-05-13 23:35:50",1195324
306,heart.777,A,"2023-05-13 23:35:53",920720
307,heart.777,A,"2023-05-13 23:36:04",853348
308,heart.777,A,"2023-05-13 23:36:10",995641
309,heart.777,A,"2023-05-13 23:36:26",1164044
310,heart.777,A,"2023-05-13 23:36:29",1111763
311,heart.1000,A,"2023-05-13 23:36:49",1137498
312,heart.777,A,"2023-05-13 23:37:05",1097991
313,heart.777,A,"2023-05-13 23:37:11",1127278
314,heart.777,A,"2023-05-13 23:37:26",1229508
315,heart.777,A,"2023-05-13 23:37:27",838145
316,heart.777,A,"2023-05-13 23:37:30",1177045
317,heart.777,A,"2023-05-13 23:37:35",939939
318,heart.777,A,"2023-05-13 23:37:36",1087737
319,heart.777,A,"2023-05-13 23:37:57",1148017
320,heart.777,A,"2023-05-13 23:37:59",1159536
321,heart.200,A,"2023-05-13 23:38:16",1148017
322,heart.777,A,"2023-05-13 23:38:20",1039573
323,heart.200,A,"2023-05-13 23:38:56",1148017
324,heart.777,A,"2023-05-13 23:39:01",1101139
325,heart.777,A,"2023-05-13 23:39:03",1207731
326,heart.777,A,"2023-05-13 23:39:17",1142794
327,heart.777,A,"2023-05-13 23:39:25",1215870
328,heart.1000,A,"2023-05-13 23:39:33",899403
329,heart.777,A,"2023-05-13 23:39:40",1026518
330,heart.777,A,"2023-05-13 23:39:46",1212545
331,heart.777,A,"2023-05-13 23:39:47",1162885
332,heart.777,A,"2023-05-13 23:39:52",1060894
333,heart.777,A,"2023-05-13 23:40:12",1206134
334,heart.777,A,"2023-05-13 23:40:14",1191696
335,heart.200,A,"2023-05-13 23:40:37",1191696
336,heart.777,A,"2023-05-13 23:40:51",1217524
337,heart.777,A,"2023-05-13 23:40:55",1191537
338,heart.1000,A,"2023-05-13 23:40:59",1199724
339,heart.777,A,"2023-05-13 23:41:20",899403
340,heart.777,A,"2023-05-13 23:41:24",973106
341,heart.777,A,"2023-05-13 23:41:27",1164347
342,heart.777,A,"2023-05-13 23:41:28",1198781
343,heart.777,A,"2023-05-13 23:41:36",898240
344,heart.777,A,"2023-05-13 23:41:57",966507
345,heart.1000,A,"2023-05-13 23:42:12",1236455
346,heart.1000,A,"2023-05-13 23:42:17",973106
347,heart.4000,A,"2023-05-13 23:42:20",899403
348,heart.777,A,"2023-05-13 23:42:22",1096471
349,heart.777,A,"2023-05-13 23:42:36",1176592
350,heart.1000,A,"2023-05-13 23:42:40",1096471
351,heart.777,A,"2023-05-13 23:43:00",982916
352,heart.777,A,"2023-05-13 23:43:08",947631
354,heart.200,A,"2023-05-13 23:43:14",1096471
355,heart.200,A,"2023-05-13 23:43:17",973106
356,heart.777,A,"2023-05-13 23:43:57",1194147
357,heart.777,A,"2023-05-13 23:44:10",938400
358,heart.777,A,"2023-05-13 23:44:26",1106245
359,heart.777,A,"2023-05-13 23:44:33",1096506
360,heart.200,A,"2023-05-13 23:44:43",1191070
361,heart.777,A,"2023-05-13 23:44:52",1207157
362,heart.200,A,"2023-05-13 23:45:12",1191070
363,heart.777,A,"2023-05-13 23:45:20",902180
364,heart.777,A,"2023-05-13 23:45:24",982574
365,heart.777,A,"2023-05-13 23:45:34",1191070
366,heart.777,A,"2023-05-13 23:45:38",1192398
367,heart.777,A,"2023-05-13 23:45:38",1238152
368,heart.777,A,"2023-05-13 23:46:29",1203513
369,heart.777,A,"2023-05-13 23:46:31",1192429
370,heart.777,A,"2023-05-13 23:46:34",1146417
371,heart.777,A,"2023-05-13 23:46:35",1211339
372,heart.777,A,"2023-05-13 23:46:56",1153420
373,heart.777,A,"2023-05-13 23:47:22",863905
374,heart.777,A,"2023-05-13 23:47:23",1175625
375,heart.200,A,"2023-05-13 23:47:28",1110744
376,heart.777,A,"2023-05-13 23:47:29",1165931
377,heart.777,A,"2023-05-13 23:47:31",1164057
378,heart.777,A,"2023-05-13 23:47:49",1078723
379,heart.777,A,"2023-05-13 23:48:07",978790
380,heart.777,A,"2023-05-13 23:48:47",1228964
381,heart.777,A,"2023-05-13 23:48:50",963499
382,heart.777,A,"2023-05-13 23:49:32",867002
383,heart.777,A,"2023-05-13 23:49:34",1100627
384,heart.777,A,"2023-05-13 23:49:38",1030143
385,heart.777,A,"2023-05-13 23:49:59",1161572
386,heart.777,A,"2023-05-13 23:50:00",1144114
387,heart.777,A,"2023-05-13 23:50:04",1179331
388,heart.777,A,"2023-05-13 23:50:24",951754
389,heart.777,A,"2023-05-13 23:50:25",1180741
390,heart.777,A,"2023-05-13 23:51:11",1138833
391,heart.777,A,"2023-05-13 23:51:28",1093400
392,heart.777,A,"2023-05-13 23:51:28",1127571
393,heart.777,A,"2023-05-13 23:51:32",1067434
394,heart.777,A,"2023-05-13 23:51:33",1131924
395,heart.200,A,"2023-05-13 23:51:49",1067434
396,heart.200,A,"2023-05-13 23:52:15",1138833
397,heart.1000,A,"2023-05-13 23:52:30",1193145
398,heart.777,A,"2023-05-13 23:52:48",1150720
399,heart.777,A,"2023-05-13 23:52:56",986294
400,heart.777,A,"2023-05-13 23:53:04",1074913
401,heart.777,A,"2023-05-13 23:53:12",1223047
402,heart.777,A,"2023-05-13 23:53:14",1219090
403,heart.777,A,"2023-05-13 23:53:17",1189700
404,heart.777,A,"2023-05-13 23:53:21",1193145
405,heart.1000,A,"2023-05-13 23:53:34",1161964
406,heart.777,A,"2023-05-13 23:53:42",1175847
407,heart.777,A,"2023-05-13 23:53:42",1123269
408,heart.777,A,"2023-05-13 23:53:45",986571
409,heart.777,A,"2023-05-13 23:53:50",1206433
410,heart.777,A,"2023-05-13 23:54:01",1096717
411,heart.777,A,"2023-05-13 23:54:03",1066165
412,heart.777,A,"2023-05-13 23:54:05",1209542
413,heart.1000,A,"2023-05-13 23:54:37",1189700
414,heart.777,A,"2023-05-13 23:54:41",1187149
415,heart.777,A,"2023-05-13 23:55:04",1094683
416,heart.777,A,"2023-05-13 23:55:04",1056369
417,heart.777,A,"2023-05-13 23:55:22",943693
418,heart.777,A,"2023-05-13 23:55:27",969252
419,heart.200,A,"2023-05-13 23:55:31",1095617
420,heart.777,A,"2023-05-13 23:56:10",937211
421,heart.777,A,"2023-05-13 23:56:15",980734
422,heart.777,A,"2023-05-13 23:56:29",1104049
423,heart.777,A,"2023-05-13 23:56:32",1190365
424,heart.777,A,"2023-05-13 23:56:35",1179532
425,heart.777,A,"2023-05-13 23:56:55",928688
426,heart.777,A,"2023-05-13 23:57:01",961465
427,heart.777,A,"2023-05-13 23:57:05",1065707
428,heart.777,A,"2023-05-13 23:57:14",887433
429,heart.777,A,"2023-05-13 23:57:38",1156418
430,heart.777,A,"2023-05-13 23:58:00",1201474
431,heart.777,A,"2023-05-13 23:58:01",973417
432,heart.777,A,"2023-05-13 23:58:07",987389
433,heart.777,A,"2023-05-13 23:58:11",1069175
434,heart.777,A,"2023-05-13 23:58:37",989141
435,heart.1000,A,"2023-05-13 23:58:41",1012297
436,heart.777,A,"2023-05-13 23:58:52",930714
437,heart.777,A,"2023-05-13 23:59:03",1012297
438,heart.777,A,"2023-05-13 23:59:43",1067414
439,heart.777,A,"2023-05-13 23:59:51",1123506
440,heart.777,A,"2023-05-13 23:59:53",868946
442,heart.777,A,"2023-05-14 00:00:29",1162200
443,heart.777,A,"2023-05-14 00:00:34",1124985
444,heart.777,A,"2023-05-14 00:01:50",945055
445,heart.777,A,"2023-05-14 00:02:20",1045418
446,heart.777,A,"2023-05-14 00:02:23",1021540
447,heart.777,A,"2023-05-14 00:02:57",1066679
448,heart.777,A,"2023-05-14 00:03:44",1148913
449,heart.777,A,"2023-05-14 00:03:57",1225233
450,heart.777,A,"2023-05-14 00:03:59",1156085
451,heart.777,A,"2023-05-14 00:04:02",1164698
452,heart.777,A,"2023-05-14 00:04:04",1212986
453,heart.777,A,"2023-05-14 00:04:13",1000966
454,heart.777,A,"2023-05-14 00:04:34",1176842
455,heart.777,A,"2023-05-14 00:04:54",1098292
456,heart.777,A,"2023-05-14 00:04:54",969506
457,heart.777,A,"2023-05-14 00:05:03",1198915
458,heart.200,A,"2023-05-14 00:05:28",1198915
459,heart.1000,A,"2023-05-14 00:05:35",969506
460,heart.777,A,"2023-05-14 00:05:50",1221293
461,heart.777,A,"2023-05-14 00:05:51",1207545
462,heart.777,A,"2023-05-14 00:05:54",932373
463,heart.777,A,"2023-05-14 00:06:07",1164896
464,heart.777,A,"2023-05-14 00:06:08",1217774
465,heart.777,A,"2023-05-14 00:06:12",1125590
466,heart.777,A,"2023-05-14 00:06:24",978479
467,heart.777,A,"2023-05-14 00:06:28",992636
468,heart.777,A,"2023-05-14 00:06:47",1102517
469,heart.777,A,"2023-05-14 00:06:56",1167749
470,heart.777,A,"2023-05-14 00:07:04",962633
471,heart.777,A,"2023-05-14 00:07:13",1056158
472,heart.777,A,"2023-05-14 00:07:20",848058
473,heart.777,A,"2023-05-14 00:07:24",1127858
474,heart.777,A,"2023-05-14 00:07:36",1094802
475,heart.777,A,"2023-05-14 00:07:42",944576
476,heart.777,A,"2023-05-14 00:08:00",1206809
477,heart.777,A,"2023-05-14 00:08:06",1030594
478,heart.777,A,"2023-05-14 00:08:16",1090079
479,heart.1000,A,"2023-05-14 00:08:31",1225474
480,heart.200,A,"2023-05-14 00:08:34",1090079
481,heart.777,A,"2023-05-14 00:08:38",1151584
482,heart.777,A,"2023-05-14 00:08:43",973988
483,heart.777,A,"2023-05-14 00:08:44",950170
484,heart.777,A,"2023-05-14 00:08:45",1018838
485,heart.777,A,"2023-05-14 00:09:32",1110771
486,heart.4000,A,"2023-05-14 00:09:37",1068366
487,heart.1000,A,"2023-05-14 00:09:41",978479
488,heart.777,A,"2023-05-14 00:09:53",843479
489,heart.777,A,"2023-05-14 00:09:55",1229965
490,heart.777,A,"2023-05-14 00:10:08",1075403
491,heart.200,A,"2023-05-14 00:10:28",1207731
492,heart.777,A,"2023-05-14 00:10:32",1140533
493,heart.777,A,"2023-05-14 00:10:36",1172937
494,heart.777,A,"2023-05-14 00:10:43",997606
495,heart.777,A,"2023-05-14 00:10:48",1130874
496,heart.777,A,"2023-05-14 00:10:53",1013277
497,heart.777,A,"2023-05-14 00:11:02",1195234
498,heart.777,A,"2023-05-14 00:11:12",930034
499,heart.777,A,"2023-05-14 00:11:19",1103386
500,heart.777,A,"2023-05-14 00:11:20",1161388
501,heart.777,A,"2023-05-14 00:11:47",1123141
502,heart.777,A,"2023-05-14 00:11:48",1120713
503,heart.777,A,"2023-05-14 00:11:54",1208173
504,heart.777,A,"2023-05-14 00:12:11",1191387
505,heart.777,A,"2023-05-14 00:12:22",1095842
506,heart.777,A,"2023-05-14 00:12:22",922648
507,heart.777,A,"2023-05-14 00:12:30",1160356
508,heart.200,A,"2023-05-14 00:12:49",1160356
509,heart.777,A,"2023-05-14 00:12:54",970959
510,heart.777,A,"2023-05-14 00:13:24",1158745
511,heart.777,A,"2023-05-14 00:13:38",1086952
512,heart.4000,A,"2023-05-14 00:13:43",1167196
513,heart.777,A,"2023-05-14 00:13:44",1175124
514,heart.777,A,"2023-05-14 00:13:47",913054
515,heart.777,A,"2023-05-14 00:13:59",1235858
516,heart.777,A,"2023-05-14 00:13:59",1204907
517,heart.777,A,"2023-05-14 00:14:26",1206123
519,heart.777,A,"2023-05-14 00:14:45",1227967
520,heart.777,A,"2023-05-14 00:15:23",1185730
521,heart.777,A,"2023-05-14 00:15:32",1187327
522,heart.1000,A,"2023-05-14 00:15:33",1120713
523,heart.777,A,"2023-05-14 00:15:38",899375
524,heart.777,A,"2023-05-14 00:15:46",1141940
525,heart.777,A,"2023-05-14 00:15:46",1233440
526,heart.777,A,"2023-05-14 00:15:46",1054823
527,heart.777,A,"2023-05-14 00:15:55",1087114
528,heart.4000,A,"2023-05-14 00:15:57",875270
529,heart.777,A,"2023-05-14 00:15:59",1104844
530,heart.777,A,"2023-05-14 00:16:09",1133678
531,heart.777,A,"2023-05-14 00:16:13",1176917
532,heart.777,A,"2023-05-14 00:16:50",1199115
533,heart.1000,A,"2023-05-14 00:17:04",1133678
534,heart.777,A,"2023-05-14 00:17:34",1205309
535,heart.1000,A,"2023-05-14 00:17:42",1199115
536,heart.777,A,"2023-05-14 00:17:45",1115934
537,heart.777,A,"2023-05-14 00:17:47",1181519
538,heart.200,A,"2023-05-14 00:18:06",1115934
539,heart.777,A,"2023-05-14 00:18:06",1082802
540,heart.777,A,"2023-05-14 00:18:10",903511
541,heart.200,A,"2023-05-14 00:18:26",1115934
542,heart.1000,A,"2023-05-14 00:18:36",933563
543,heart.777,A,"2023-05-14 00:18:54",1163731
544,heart.777,A,"2023-05-14 00:18:55",1192591
545,heart.777,A,"2023-05-14 00:18:57",933563
546,heart.777,A,"2023-05-14 00:18:59",1003785
547,heart.777,A,"2023-05-14 00:19:01",1227279
548,heart.777,A,"2023-05-14 00:19:03",976841
549,heart.777,A,"2023-05-14 00:19:09",1204564
550,heart.777,A,"2023-05-14 00:19:15",1207255
551,heart.777,A,"2023-05-14 00:19:18",1049573
552,heart.777,A,"2023-05-14 00:19:21",1047861
553,heart.777,A,"2023-05-14 00:19:22",1058818
554,heart.777,A,"2023-05-14 00:19:34",1015595
555,heart.777,A,"2023-05-14 00:19:46",896859
556,heart.777,A,"2023-05-14 00:19:47",1026129
557,heart.777,A,"2023-05-14 00:19:53",1109373
558,heart.777,A,"2023-05-14 00:19:54",1110414
559,heart.777,A,"2023-05-14 00:20:00",1193477
560,heart.777,A,"2023-05-14 00:20:00",965834
561,heart.777,A,"2023-05-14 00:20:05",1049597
562,heart.1000,A,"2023-05-14 00:20:23",1122862
563,heart.777,A,"2023-05-14 00:20:27",841939
564,heart.777,A,"2023-05-14 00:20:44",1125737
565,heart.777,A,"2023-05-14 00:21:22",1183334
566,heart.777,A,"2023-05-14 00:21:33",1206987
567,heart.777,A,"2023-05-14 00:21:36",1017647
568,heart.777,A,"2023-05-14 00:21:46",984857
569,heart.777,A,"2023-05-14 00:21:52",1191495
570,heart.777,A,"2023-05-14 00:22:04",1228965
571,heart.777,A,"2023-05-14 00:22:26",1124025
572,heart.777,A,"2023-05-14 00:22:35",1067754
573,heart.777,A,"2023-05-14 00:22:55",1068366
574,heart.777,A,"2023-05-14 00:22:59",1081183
575,heart.777,A,"2023-05-14 00:23:19",895575
576,heart.4000,A,"2023-05-14 00:23:25",1032285
577,heart.777,A,"2023-05-14 00:23:27",1119067
578,heart.777,A,"2023-05-14 00:23:31",1129126
579,heart.777,A,"2023-05-14 00:24:18",1166135
580,heart.777,A,"2023-05-14 00:24:30",996151
581,heart.777,A,"2023-05-14 00:24:32",1193257
582,heart.777,A,"2023-05-14 00:24:36",1076217
583,heart.777,A,"2023-05-14 00:24:41",1230819
584,heart.1000,A,"2023-05-14 00:24:49",996151
585,heart.200,A,"2023-05-14 00:25:13",996151
586,heart.777,A,"2023-05-14 00:25:16",929470
587,heart.200,A,"2023-05-14 00:25:25",1135668
588,heart.777,A,"2023-05-14 00:25:26",1002137
589,heart.777,A,"2023-05-14 00:25:27",1164173
590,heart.777,A,"2023-05-14 00:25:46",1133415
591,heart.777,A,"2023-05-14 00:26:01",1230437
592,heart.777,A,"2023-05-14 00:26:07",988886
593,heart.777,A,"2023-05-14 00:26:18",959291
594,heart.777,A,"2023-05-14 00:26:23",1120092
595,heart.1000,A,"2023-05-14 00:26:26",1199724
596,heart.777,A,"2023-05-14 00:26:27",1090582
597,heart.777,A,"2023-05-14 00:26:33",1030909
598,heart.777,A,"2023-05-14 00:26:35",1121551
599,heart.777,A,"2023-05-14 00:27:09",1135668
600,heart.777,A,"2023-05-14 00:27:13",1135099
601,heart.777,A,"2023-05-14 00:27:18",1221124
602,heart.777,A,"2023-05-14 00:27:22",1119109
603,heart.777,A,"2023-05-14 00:27:28",888319
604,heart.777,A,"2023-05-14 00:27:30",1065275
605,heart.777,A,"2023-05-14 00:27:33",1219917
606,heart.777,A,"2023-05-14 00:27:38",1210683
607,heart.777,A,"2023-05-14 00:27:56",1178487
608,heart.777,A,"2023-05-14 00:27:59",1129187
609,heart.777,A,"2023-05-14 00:28:02",1182796
610,heart.777,A,"2023-05-14 00:28:16",993265
611,heart.777,A,"2023-05-14 00:28:26",1036929
612,heart.777,A,"2023-05-14 00:28:29",1069804
613,heart.777,A,"2023-05-14 00:28:32",967628
614,heart.777,A,"2023-05-14 00:28:35",1181257
615,heart.777,A,"2023-05-14 00:28:40",1158347
616,heart.777,A,"2023-05-14 00:28:49",1053830
617,heart.200,A,"2023-05-14 00:29:02",1036929
618,heart.777,A,"2023-05-14 00:29:05",1123726
619,heart.777,A,"2023-05-14 00:29:06",938290
620,heart.777,A,"2023-05-14 00:29:06",1154950
621,heart.777,A,"2023-05-14 00:29:06",1101756
622,heart.777,A,"2023-05-14 00:29:46",1162207
623,heart.777,A,"2023-05-14 00:29:50",1017859
624,heart.777,A,"2023-05-14 00:30:05",900848
625,heart.777,A,"2023-05-14 00:30:05",1101527
626,heart.777,A,"2023-05-14 00:30:14",1036001
627,heart.777,A,"2023-05-14 00:30:14",1218171
628,heart.777,A,"2023-05-14 00:30:45",859625
629,heart.777,A,"2023-05-14 00:30:48",1233058
630,heart.777,A,"2023-05-14 00:30:57",1102341
631,heart.777,A,"2023-05-14 00:31:39",1171801
632,heart.777,A,"2023-05-14 00:31:46",1163880
633,heart.777,A,"2023-05-14 00:32:02",1037926
634,heart.777,A,"2023-05-14 00:32:43",920351
635,heart.777,A,"2023-05-14 00:32:52",1130961
636,heart.777,A,"2023-05-14 00:32:56",934216
637,heart.777,A,"2023-05-14 00:32:57",1046015
638,heart.777,A,"2023-05-14 00:33:01",1237206
639,heart.777,A,"2023-05-14 00:33:10",1205405
640,heart.1000,A,"2023-05-14 00:33:17",944856
641,heart.777,A,"2023-05-14 00:33:20",959923
643,heart.777,A,"2023-05-14 00:33:40",1057009
644,heart.777,A,"2023-05-14 00:33:41",980719
645,heart.777,A,"2023-05-14 00:33:52",1015746
646,heart.777,A,"2023-05-14 00:34:02",1106909
647,heart.200,A,"2023-05-14 00:34:06",1198495
648,heart.777,A,"2023-05-14 00:34:09",941865
649,heart.1000,A,"2023-05-14 00:34:15",959923
650,heart.777,A,"2023-05-14 00:34:15",1136604
651,heart.777,A,"2023-05-14 00:34:23",1057541
652,heart.1000,A,"2023-05-14 00:34:34",1187252
653,heart.777,A,"2023-05-14 00:34:37",1055737
654,heart.777,A,"2023-05-14 00:34:44",1119887
655,heart.777,A,"2023-05-14 00:34:54",1227809
656,heart.777,A,"2023-05-14 00:35:04",1212948
657,heart.777,A,"2023-05-14 00:35:08",1053878
658,heart.777,A,"2023-05-14 00:35:20",1123304
659,heart.777,A,"2023-05-14 00:35:24",1137258
660,heart.777,A,"2023-05-14 00:35:26",1125129
661,heart.1000,A,"2023-05-14 00:35:39",1137258
662,heart.777,A,"2023-05-14 00:35:40",1187252
663,heart.1000,A,"2023-05-14 00:36:14",1187252
664,heart.777,A,"2023-05-14 00:36:19",1202042
665,heart.777,A,"2023-05-14 00:36:21",1098951
666,heart.777,A,"2023-05-14 00:36:36",1205059
667,heart.777,A,"2023-05-14 00:36:37",1066617
668,heart.777,A,"2023-05-14 00:36:42",1052728
669,heart.777,A,"2023-05-14 00:37:09",1078194
670,heart.777,A,"2023-05-14 00:37:19",1139236
671,heart.777,A,"2023-05-14 00:37:25",1037412
672,heart.777,A,"2023-05-14 00:37:30",1119005
673,heart.777,A,"2023-05-14 00:37:38",1063738
674,heart.777,A,"2023-05-14 00:37:40",1177856
675,heart.777,A,"2023-05-14 00:37:44",1113339
676,heart.777,A,"2023-05-14 00:37:47",1164312
677,heart.777,A,"2023-05-14 00:38:00",937935
678,heart.777,A,"2023-05-14 00:38:01",1066930
679,heart.777,A,"2023-05-14 00:38:15",1001254
680,heart.777,A,"2023-05-14 00:38:28",1006333
681,heart.777,A,"2023-05-14 00:38:35",847993
682,heart.777,A,"2023-05-14 00:38:38",1070764
683,heart.777,A,"2023-05-14 00:38:38",1212505
684,heart.777,A,"2023-05-14 00:38:50",1147340
685,heart.777,A,"2023-05-14 00:39:02",1033586
686,heart.777,A,"2023-05-14 00:39:20",1140299
687,heart.777,A,"2023-05-14 00:39:22",1226354
688,heart.777,A,"2023-05-14 00:39:38",1216538
689,heart.777,A,"2023-05-14 00:39:46",1143550
690,heart.777,A,"2023-05-14 00:39:52",1191795
691,heart.777,A,"2023-05-14 00:39:56",910564
692,heart.777,A,"2023-05-14 00:40:07",953689
693,heart.777,A,"2023-05-14 00:40:23",1127037
694,heart.777,A,"2023-05-14 00:41:03",1069709
695,heart.777,A,"2023-05-14 00:41:08",1150217
696,heart.777,A,"2023-05-14 00:41:24",1127621
697,heart.200,A,"2023-05-14 00:41:24",1127037
698,heart.777,A,"2023-05-14 00:41:32",1197603
699,heart.777,A,"2023-05-14 00:41:37",985037
700,heart.777,A,"2023-05-14 00:41:39",1231879
701,heart.777,A,"2023-05-14 00:42:02",1165332
702,heart.4000,A,"2023-05-14 00:42:13",1150217
703,heart.777,A,"2023-05-14 00:42:27",1167704
704,heart.777,A,"2023-05-14 00:42:29",924010
705,heart.777,A,"2023-05-14 00:42:42",929491
706,heart.777,A,"2023-05-14 00:42:43",1106895
707,heart.777,A,"2023-05-14 00:42:44",1203149
708,heart.777,A,"2023-05-14 00:42:48",874035
709,heart.777,A,"2023-05-14 00:43:02",1090662
710,heart.777,A,"2023-05-14 00:43:07",1219748
711,heart.777,A,"2023-05-14 00:43:25",1026083
712,heart.777,A,"2023-05-14 00:43:33",926418
713,heart.777,A,"2023-05-14 00:43:49",1009093
714,heart.777,A,"2023-05-14 00:43:53",948138
715,heart.1000,A,"2023-05-14 00:44:01",1026083
716,heart.777,A,"2023-05-14 00:44:07",853057
717,heart.777,A,"2023-05-14 00:44:19",1081811
718,heart.777,A,"2023-05-14 00:44:20",1217445
719,heart.777,A,"2023-05-14 00:44:22",1171608
720,heart.1000,A,"2023-05-14 00:44:22",1106895
721,heart.777,A,"2023-05-14 00:44:24",1206277
722,heart.777,A,"2023-05-14 00:44:29",1111059
723,heart.777,A,"2023-05-14 00:44:38",1034321
724,heart.777,A,"2023-05-14 00:44:44",1207349
725,heart.777,A,"2023-05-14 00:45:09",991902
726,heart.777,A,"2023-05-14 00:45:22",877460
727,heart.777,A,"2023-05-14 00:45:28",958397
728,heart.1000,A,"2023-05-14 00:45:29",1127037
729,heart.777,A,"2023-05-14 00:46:01",1147599
730,heart.777,A,"2023-05-14 00:46:12",1122207
731,heart.777,A,"2023-05-14 00:46:12",1185687
732,heart.1000,A,"2023-05-14 00:46:18",1223562
733,heart.777,A,"2023-05-14 00:46:20",1130536
734,heart.777,A,"2023-05-14 00:46:55",1210310
735,heart.777,A,"2023-05-14 00:46:56",1036978
736,heart.777,A,"2023-05-14 00:47:02",957965
737,heart.1000,A,"2023-05-14 00:47:26",926418
739,heart.777,A,"2023-05-14 00:47:37",894610
740,heart.777,A,"2023-05-14 00:47:40",1210704
741,heart.777,A,"2023-05-14 00:47:49",994037
743,heart.777,A,"2023-05-14 00:48:01",1024245
744,heart.777,A,"2023-05-14 00:48:03",1052482
745,heart.777,A,"2023-05-14 00:48:10",1230801
746,heart.200,A,"2023-05-14 00:48:13",877460
747,heart.1000,A,"2023-05-14 00:48:18",1068534
748,heart.777,A,"2023-05-14 00:48:35",1068534
749,heart.777,A,"2023-05-14 00:48:51",964588
750,heart.777,A,"2023-05-14 00:48:55",1211620
751,heart.777,A,"2023-05-14 00:49:11",1006554
752,heart.777,A,"2023-05-14 00:49:20",1068167
753,heart.777,A,"2023-05-14 00:49:46",1106230
754,heart.777,A,"2023-05-14 00:49:46",1158228
755,heart.777,A,"2023-05-14 00:50:16",954754
756,heart.777,A,"2023-05-14 00:50:22",1100188
757,heart.777,A,"2023-05-14 00:50:28",1219605
758,heart.777,A,"2023-05-14 00:50:44",1195079
759,heart.777,A,"2023-05-14 00:50:44",1013763
760,heart.777,A,"2023-05-14 00:50:44",1135976
761,heart.777,A,"2023-05-14 00:51:09",896733
762,heart.777,A,"2023-05-14 00:51:17",1135416
763,heart.1000,A,"2023-05-14 00:51:18",922083
764,heart.777,A,"2023-05-14 00:51:19",1128401
765,heart.777,A,"2023-05-14 00:51:20",1060580
766,heart.777,A,"2023-05-14 00:51:25",1176590
767,heart.777,A,"2023-05-14 00:51:27",1151166
768,heart.777,A,"2023-05-14 00:51:31",1030391
769,heart.777,A,"2023-05-14 00:51:32",1097874
770,heart.777,A,"2023-05-14 00:51:35",1200500
771,heart.777,A,"2023-05-14 00:51:41",922083
772,heart.200,A,"2023-05-14 00:51:47",1030391
773,heart.777,A,"2023-05-14 00:51:48",1135370
774,heart.200,A,"2023-05-14 00:51:54",1200500
775,heart.777,A,"2023-05-14 00:52:02",1118564
776,heart.777,A,"2023-05-14 00:52:09",1164509
777,heart.777,A,"2023-05-14 00:52:13",958902
778,heart.777,A,"2023-05-14 00:52:18",1103097
779,heart.777,A,"2023-05-14 00:52:28",1117942
780,heart.777,A,"2023-05-14 00:52:41",1232285
781,heart.777,A,"2023-05-14 00:52:44",850629
782,heart.777,A,"2023-05-14 00:52:51",1169804
783,heart.777,A,"2023-05-14 00:52:55",965612
784,heart.777,A,"2023-05-14 00:52:55",983572
785,heart.777,A,"2023-05-14 00:53:08",925926
786,heart.777,A,"2023-05-14 00:53:23",965810
787,heart.777,A,"2023-05-14 00:54:05",971417
788,heart.1000,A,"2023-05-14 00:54:09",1042650
789,heart.777,A,"2023-05-14 00:54:40",1049069
790,heart.777,A,"2023-05-14 00:55:11",856644
791,heart.1000,A,"2023-05-14 00:55:24",1207816
792,heart.777,A,"2023-05-14 00:55:31",1185317
793,heart.777,A,"2023-05-14 00:55:32",1234237
794,heart.777,A,"2023-05-14 00:55:44",1132362
795,heart.777,A,"2023-05-14 00:55:45",972210
796,heart.777,A,"2023-05-14 00:55:49",1229469
797,heart.777,A,"2023-05-14 00:56:14",1082101
798,heart.777,A,"2023-05-14 00:56:24",1086254
799,heart.777,A,"2023-05-14 00:56:41",1209811
800,heart.777,A,"2023-05-14 00:56:57",936782
801,heart.777,A,"2023-05-14 00:57:20",1112833
802,heart.777,A,"2023-05-14 00:57:20",933760
803,heart.777,A,"2023-05-14 00:57:38",1054911
804,heart.777,A,"2023-05-14 00:57:42",1105807
805,heart.777,A,"2023-05-14 00:57:47",940148
806,heart.777,A,"2023-05-14 00:58:03",965275
807,heart.777,A,"2023-05-14 00:58:09",1193344
808,heart.777,A,"2023-05-14 00:58:15",909817
809,heart.777,A,"2023-05-14 00:59:08",886336
810,heart.777,A,"2023-05-14 00:59:16",1165886
811,heart.777,A,"2023-05-14 00:59:19",1169986
812,heart.777,A,"2023-05-14 00:59:21",1041113
813,heart.777,A,"2023-05-14 00:59:29",1228171
814,heart.777,A,"2023-05-14 00:59:32",1151368
815,heart.777,A,"2023-05-14 00:59:44",932182
816,heart.777,A,"2023-05-14 00:59:57",866492
817,heart.1000,A,"2023-05-14 01:00:08",1105807
818,heart.777,A,"2023-05-14 01:00:09",881603
819,heart.777,A,"2023-05-14 01:00:21",1008515
820,heart.777,A,"2023-05-14 01:00:28",1037779
821,heart.777,A,"2023-05-14 01:00:37",1076292
822,heart.777,A,"2023-05-14 01:00:40",1196588
823,heart.4000,A,"2023-05-14 01:00:55",1009708
824,heart.777,A,"2023-05-14 01:00:57",1183949
825,heart.777,A,"2023-05-14 01:01:02",921943
826,heart.777,A,"2023-05-14 01:01:22",1155729
827,heart.777,A,"2023-05-14 01:01:38",891238
828,heart.777,A,"2023-05-14 01:01:38",975225
829,heart.1000,A,"2023-05-14 01:01:41",1086254
830,heart.777,A,"2023-05-14 01:01:52",1146383
831,heart.1000,A,"2023-05-14 01:01:55",1054911
832,heart.1000,A,"2023-05-14 01:01:57",1004947
833,heart.777,A,"2023-05-14 01:02:02",877294
834,heart.777,A,"2023-05-14 01:02:03",1083637
835,heart.1000,A,"2023-05-14 01:02:11",891238
836,heart.200,A,"2023-05-14 01:02:32",1040038
837,heart.777,A,"2023-05-14 01:02:33",1055649
838,heart.777,A,"2023-05-14 01:02:33",1003597
839,heart.200,A,"2023-05-14 01:02:38",891238
840,heart.777,A,"2023-05-14 01:02:44",1024911
841,heart.777,A,"2023-05-14 01:02:50",1078943
842,heart.200,A,"2023-05-14 01:02:58",1191759
843,heart.777,A,"2023-05-14 01:03:12",1127559
844,heart.1000,A,"2023-05-14 01:03:17",1154176
845,heart.777,A,"2023-05-14 01:03:21",1217204
846,heart.777,A,"2023-05-14 01:03:22",1169374
847,heart.1000,A,"2023-05-14 01:03:24",886928
848,heart.777,A,"2023-05-14 01:03:32",1042503
849,heart.777,A,"2023-05-14 01:03:38",1093198
850,heart.777,A,"2023-05-14 01:03:42",1002695
851,heart.777,A,"2023-05-14 01:03:59",971449
852,heart.777,A,"2023-05-14 01:04:05",966001
853,heart.777,A,"2023-05-14 01:04:14",1169861
854,heart.777,A,"2023-05-14 01:04:26",1120471
856,heart.777,A,"2023-05-14 01:04:28",1065072
857,heart.777,A,"2023-05-14 01:04:31",1142834
858,heart.777,A,"2023-05-14 01:04:34",1217374
859,heart.777,A,"2023-05-14 01:04:37",974433
860,heart.777,A,"2023-05-14 01:04:40",1072561
861,heart.777,A,"2023-05-14 01:04:42",1095830
862,heart.777,A,"2023-05-14 01:04:45",1178722
863,heart.777,A,"2023-05-14 01:04:57",1038116
864,heart.777,A,"2023-05-14 01:05:00",1063458
865,heart.777,A,"2023-05-14 01:05:08",1067218
866,heart.777,A,"2023-05-14 01:05:15",1142288
867,heart.1000,A,"2023-05-14 01:05:19",1093198
868,heart.777,A,"2023-05-14 01:05:19",1102330
869,heart.777,A,"2023-05-14 01:05:19",1180316
870,heart.777,A,"2023-05-14 01:05:21",948249
871,heart.1000,A,"2023-05-14 01:05:22",886928
872,heart.200,A,"2023-05-14 01:05:40",1142288
873,heart.777,A,"2023-05-14 01:05:43",1161715
874,heart.777,A,"2023-05-14 01:05:50",943317
875,heart.777,A,"2023-05-14 01:06:02",1201735
876,heart.777,A,"2023-05-14 01:06:11",1120118
877,heart.777,A,"2023-05-14 01:06:19",1130661
878,heart.777,A,"2023-05-14 01:06:20",1081412
879,heart.777,A,"2023-05-14 01:06:26",1226099
880,heart.777,A,"2023-05-14 01:06:35",1106180
881,heart.777,A,"2023-05-14 01:06:36",1053558
882,heart.777,A,"2023-05-14 01:06:40",1089895
883,heart.777,A,"2023-05-14 01:06:40",1185431
884,heart.777,A,"2023-05-14 01:06:41",1047424
885,heart.777,A,"2023-05-14 01:06:54",1113960
886,heart.777,A,"2023-05-14 01:06:58",962141
887,heart.777,A,"2023-05-14 01:07:10",1207182
888,heart.777,A,"2023-05-14 01:07:14",1170390
889,heart.777,A,"2023-05-14 01:07:25",1199284
890,heart.777,A,"2023-05-14 01:07:42",1152742
891,heart.777,A,"2023-05-14 01:07:42",1056438
892,heart.777,A,"2023-05-14 01:08:00",1189007
893,heart.777,A,"2023-05-14 01:08:16",1209107
894,heart.777,A,"2023-05-14 01:08:24",1132629
895,heart.777,A,"2023-05-14 01:08:41",1023885
896,heart.777,A,"2023-05-14 01:08:42",972697
897,heart.777,A,"2023-05-14 01:08:45",960335
898,heart.777,A,"2023-05-14 01:08:48",1170098
899,heart.777,A,"2023-05-14 01:08:48",1108069
900,heart.1000,A,"2023-05-14 01:08:56",1149582
901,heart.777,A,"2023-05-14 01:09:02",896589
902,heart.777,A,"2023-05-14 01:09:02",1147346
903,heart.777,A,"2023-05-14 01:09:05",1204950
904,heart.777,A,"2023-05-14 01:09:21",1212276
905,heart.777,A,"2023-05-14 01:09:26",1040038
906,heart.4000,A,"2023-05-14 01:09:26",1170782
907,heart.777,A,"2023-05-14 01:09:26",1131726
908,heart.777,A,"2023-05-14 01:09:38",1139479
909,heart.777,A,"2023-05-14 01:09:43",885520
910,heart.777,A,"2023-05-14 01:09:52",1108130
911,heart.777,A,"2023-05-14 01:10:05",1029277
912,heart.777,A,"2023-05-14 01:10:20",1087927
913,heart.200,A,"2023-05-14 01:10:29",1161715
914,heart.1000,A,"2023-05-14 01:10:34",1040038
915,heart.777,A,"2023-05-14 01:10:37",1086658
916,heart.777,A,"2023-05-14 01:10:42",1149582
917,heart.777,A,"2023-05-14 01:11:06",1059995
918,heart.777,A,"2023-05-14 01:11:09",1009365
919,heart.1000,A,"2023-05-14 01:11:11",1217204
920,heart.777,A,"2023-05-14 01:11:22",982568
921,heart.1000,A,"2023-05-14 01:11:31",1213720
922,heart.777,A,"2023-05-14 01:11:35",1183297
923,heart.777,A,"2023-05-14 01:11:41",1131167
924,heart.777,A,"2023-05-14 01:11:43",977062
925,heart.1000,A,"2023-05-14 01:11:51",1213720
926,heart.200,A,"2023-05-14 01:11:51",1130536
927,heart.777,A,"2023-05-14 01:11:56",1190493
928,heart.777,A,"2023-05-14 01:11:58",1208476
929,heart.777,A,"2023-05-14 01:12:09",1188771
930,heart.777,A,"2023-05-14 01:12:32",1200655
931,heart.777,A,"2023-05-14 01:13:01",926012
932,heart.777,A,"2023-05-14 01:13:06",958001
933,heart.777,A,"2023-05-14 01:13:12",969976
934,heart.777,A,"2023-05-14 01:13:21",1223254
935,heart.777,A,"2023-05-14 01:13:27",977050
936,heart.777,A,"2023-05-14 01:13:33",1154305
937,heart.777,A,"2023-05-14 01:13:36",1021197
938,heart.777,A,"2023-05-14 01:14:26",1240429
939,heart.200,A,"2023-05-14 01:14:50",1021197
940,heart.777,A,"2023-05-14 01:15:07",1119792
941,heart.777,A,"2023-05-14 01:15:14",1118105
942,heart.777,A,"2023-05-14 01:15:15",1159709
943,heart.777,A,"2023-05-14 01:15:18",1212656
944,heart.777,A,"2023-05-14 01:15:25",1142077
945,heart.4000,A,"2023-05-14 01:15:31",971417
946,heart.777,A,"2023-05-14 01:15:34",1137307
947,heart.4000,A,"2023-05-14 01:15:46",971417
948,heart.4000,A,"2023-05-14 01:15:47",1227798
949,heart.777,A,"2023-05-14 01:15:52",1192883
950,heart.777,A,"2023-05-14 01:15:59",1081105
951,heart.777,A,"2023-05-14 01:16:09",1202306
952,heart.777,A,"2023-05-14 01:16:22",1141944
953,heart.777,A,"2023-05-14 01:16:46",1213537
954,heart.777,A,"2023-05-14 01:16:56",1220456
955,heart.1000,A,"2023-05-14 01:17:03",1059995
956,heart.777,A,"2023-05-14 01:17:11",1078431
957,heart.777,A,"2023-05-14 01:17:14",1208339
958,heart.777,A,"2023-05-14 01:17:21",1051203
959,heart.777,A,"2023-05-14 01:17:25",1101081
960,heart.777,A,"2023-05-14 01:17:29",1202981
961,heart.777,A,"2023-05-14 01:17:52",868239
962,heart.777,A,"2023-05-14 01:17:54",1041974
963,heart.777,A,"2023-05-14 01:17:58",1011418
964,heart.777,A,"2023-05-14 01:18:39",1190182
965,heart.777,A,"2023-05-14 01:18:51",1208223
966,heart.777,A,"2023-05-14 01:19:06",946819
967,heart.777,A,"2023-05-14 01:19:08",855938
968,heart.777,A,"2023-05-14 01:19:10",1241927
969,heart.777,A,"2023-05-14 01:19:21",1193911
970,heart.777,A,"2023-05-14 01:19:24",1030271
971,heart.777,A,"2023-05-14 01:19:31",1102497
972,heart.200,A,"2023-05-14 01:19:45",1241927
973,heart.777,A,"2023-05-14 01:19:49",1100444
974,heart.777,A,"2023-05-14 01:19:49",998960
975,heart.777,A,"2023-05-14 01:19:53",961104
976,heart.777,A,"2023-05-14 01:20:12",1215811
977,heart.777,A,"2023-05-14 01:20:13",1217625
978,heart.777,A,"2023-05-14 01:20:31",1155997
979,heart.1000,A,"2023-05-14 01:20:37",1102497
980,heart.777,A,"2023-05-14 01:20:39",1157087
981,heart.777,A,"2023-05-14 01:20:57",1206656
982,heart.1000,A,"2023-05-14 01:21:00",1190846
983,heart.777,A,"2023-05-14 01:21:07",1016560
984,heart.777,A,"2023-05-14 01:21:11",893119
985,heart.200,A,"2023-05-14 01:21:21",1206656
986,heart.1000,A,"2023-05-14 01:21:34",1199724
987,heart.777,A,"2023-05-14 01:21:35",1201245
988,heart.777,A,"2023-05-14 01:21:37",959630
989,heart.777,A,"2023-05-14 01:21:45",922205
990,heart.777,A,"2023-05-14 01:21:53",979031
991,heart.1000,A,"2023-05-14 01:22:01",1169094
992,heart.777,A,"2023-05-14 01:22:05",863059
993,heart.1000,A,"2023-05-14 01:22:09",1199724
994,heart.777,A,"2023-05-14 01:22:17",1197212
995,heart.1000,A,"2023-05-14 01:22:22",1102497
996,heart.777,A,"2023-05-14 01:22:23",1092741
997,heart.777,A,"2023-05-14 01:22:38",1128223
998,heart.777,A,"2023-05-14 01:22:46",1017738
999,heart.777,A,"2023-05-14 01:22:46",1099530
1000,heart.777,A,"2023-05-14 01:22:48",1172850
1001,heart.777,A,"2023-05-14 01:22:50",1198617
1002,heart.777,A,"2023-05-14 01:22:55",1118057
1003,heart.777,A,"2023-05-14 01:23:04",973147
1004,heart.1000,A,"2023-05-14 01:23:09",1159023
1005,heart.777,A,"2023-05-14 01:23:11",1190846
1006,heart.777,A,"2023-05-14 01:23:14",1068003
1007,heart.777,A,"2023-05-14 01:23:14",1090300
1008,heart.777,A,"2023-05-14 01:23:15",1014508
1009,heart.777,A,"2023-05-14 01:23:30",1172171
1010,heart.200,A,"2023-05-14 01:23:35",948392
1011,heart.777,A,"2023-05-14 01:23:39",1142905
1012,heart.777,A,"2023-05-14 01:23:40",1161027
1013,heart.777,A,"2023-05-14 01:23:45",1241749
1014,heart.777,A,"2023-05-14 01:23:48",1089015
1015,heart.200,A,"2023-05-14 01:23:50",948392
1016,heart.777,A,"2023-05-14 01:24:02",946543
1017,heart.777,A,"2023-05-14 01:24:06",1003570
1018,heart.777,A,"2023-05-14 01:24:16",1159023
1019,heart.777,A,"2023-05-14 01:24:31",1204637
1020,heart.777,A,"2023-05-14 01:24:33",955570
1021,heart.777,A,"2023-05-14 01:24:45",1186711
1022,heart.777,A,"2023-05-14 01:25:02",842715
1023,heart.777,A,"2023-05-14 01:25:11",1136076
1024,heart.777,A,"2023-05-14 01:25:38",1102580
1025,heart.777,A,"2023-05-14 01:25:45",884512
