id,status,created_at,updated_at,receive_user_id,send_user_id
7,P,"2023-04-17 18:29:11","2023-04-17 18:29:11",831962,837521
10,A,"2023-04-17 18:29:11","2023-04-22 06:02:53",832151,837521
11,A,"2023-04-17 18:29:11","2023-04-18 19:28:41",832340,837521
13,A,"2023-04-17 18:29:11","2023-04-19 11:05:04",833041,837521
20,P,"2023-04-17 18:29:11","2023-04-17 18:29:11",834415,837521
21,P,"2023-04-17 18:29:11","2023-04-17 18:29:11",834486,837521
23,P,"2023-04-17 18:29:11","2023-04-17 18:29:11",837338,837521
46,A,"2023-04-18 06:44:18","2023-06-01 01:14:53",835871,837523
53,A,"2023-04-19 05:55:30","2023-04-19 08:47:32",835869,837524
54,A,"2023-04-19 06:06:20","2023-04-19 06:06:31",837530,837532
55,A,"2023-04-19 06:06:26","2023-04-19 06:33:23",833202,837534
56,A,"2023-04-19 06:06:26","2023-05-04 09:29:25",833714,837534
57,P,"2023-04-19 06:06:26","2023-04-19 06:06:26",833929,837534
58,A,"2023-04-19 06:06:26","2023-05-04 12:03:02",834288,837534
59,A,"2023-04-19 06:06:26","2023-04-30 12:37:14",835714,837534
60,P,"2023-04-19 06:06:26","2023-04-19 06:06:26",835797,837534
61,A,"2023-04-19 06:06:38","2023-04-30 09:39:31",835713,837534
62,A,"2023-04-19 06:06:59","2023-04-19 06:08:21",837531,837537
63,A,"2023-04-19 06:07:09","2023-04-19 06:08:20",837531,837538
64,A,"2023-04-19 06:07:09","2023-04-19 06:09:26",837537,837538
65,A,"2023-04-19 06:07:20","2023-04-19 06:10:44",837536,837541
66,A,"2023-04-19 06:07:20","2023-04-19 06:14:51",837539,837541
67,A,"2023-04-19 06:07:26","2023-04-19 06:08:39",837528,837542
68,A,"2023-04-19 06:07:54","2023-04-19 06:08:19",837531,837543
69,A,"2023-04-19 06:07:54","2023-04-19 06:09:25",837537,837543
70,A,"2023-04-19 06:07:56","2023-04-19 09:33:32",837538,837544
71,A,"2023-04-19 06:08:23","2023-04-19 09:30:02",837544,837531
72,A,"2023-04-19 06:08:32","2023-04-19 06:14:51",837539,837531
73,A,"2023-04-19 06:08:33","2023-04-19 06:08:39",837528,837549
74,A,"2023-04-19 06:08:40","2023-04-19 06:09:10",837531,837555
75,A,"2023-04-19 06:08:40","2023-04-19 06:09:25",837537,837555
76,A,"2023-04-19 06:08:40","2023-04-19 06:12:09",837543,837555
77,A,"2023-04-19 06:09:03","2023-04-19 06:09:09",837531,837556
78,A,"2023-04-19 06:09:03","2023-04-19 06:09:24",837537,837556
79,A,"2023-04-19 06:09:03","2023-04-19 06:12:08",837543,837556
80,A,"2023-04-19 06:09:03","2023-04-19 06:09:20",837555,837556
81,A,"2023-04-19 06:09:04","2023-04-19 06:09:27",837528,837557
82,A,"2023-04-19 06:09:04","2023-04-19 06:25:29",837549,837557
83,A,"2023-04-19 06:09:21","2023-04-19 06:10:42",837536,837531
84,P,"2023-04-19 06:09:21","2023-04-19 06:09:21",837541,837531
86,A,"2023-04-19 06:09:23","2023-04-19 06:44:37",837535,837531
87,P,"2023-04-19 06:09:27","2023-04-19 06:09:27",837541,837560
91,A,"2023-04-19 06:09:58","2023-04-19 16:10:18",837527,837561
92,A,"2023-04-19 06:10:03","2023-04-19 06:12:02",837531,837562
93,A,"2023-04-19 06:10:03","2023-04-19 06:12:01",837537,837562
94,A,"2023-04-19 06:10:03","2023-04-19 06:12:07",837543,837562
95,A,"2023-04-19 06:10:03","2023-04-19 06:11:58",837555,837562
96,A,"2023-04-19 06:10:03","2023-04-19 06:12:13",837556,837562
97,A,"2023-04-19 06:10:26","2023-04-19 09:33:32",837538,837565
98,A,"2023-04-19 06:10:26","2023-04-19 09:30:01",837544,837565
99,A,"2023-04-19 06:10:31","2023-04-19 06:10:41",837536,837539
100,A,"2023-04-19 06:10:48","2023-04-19 09:33:27",837538,837570
101,A,"2023-04-19 06:10:48","2023-04-19 09:29:57",837544,837570
102,A,"2023-04-19 06:10:48","2023-04-19 11:28:13",837565,837570
103,A,"2023-04-19 06:10:48","2023-04-19 06:13:38",837563,837536
104,A,"2023-04-19 06:10:48","2023-04-19 06:12:02",837531,837571
105,A,"2023-04-19 06:10:48","2023-04-19 06:11:59",837537,837571
106,A,"2023-04-19 06:10:48","2023-04-19 06:12:04",837543,837571
107,A,"2023-04-19 06:10:48","2023-04-19 06:11:57",837555,837571
108,A,"2023-04-19 06:10:48","2023-04-19 06:12:12",837556,837571
109,A,"2023-04-19 06:10:48","2023-04-19 06:21:21",837562,837571
110,A,"2023-04-19 06:10:59","2023-04-19 06:11:22",837528,837574
111,A,"2023-04-19 06:10:59","2023-04-19 06:25:28",837549,837574
112,A,"2023-04-19 06:10:59","2023-04-19 06:13:49",837557,837574
113,A,"2023-04-19 06:12:05","2023-04-19 11:28:14",837565,837531
114,A,"2023-04-19 06:12:06","2023-04-22 14:14:50",837570,837531
117,A,"2023-04-19 06:12:18","2023-04-19 06:28:57",837561,837531
118,A,"2023-04-19 06:12:31","2023-04-19 06:20:32",837531,837583
119,A,"2023-04-19 06:12:31","2023-04-19 06:13:40",837537,837583
120,A,"2023-04-19 06:12:31","2023-04-19 06:20:02",837543,837583
121,A,"2023-04-19 06:12:31","2023-04-19 06:12:40",837555,837583
122,A,"2023-04-19 06:12:31","2023-04-19 06:13:21",837556,837583
123,A,"2023-04-19 06:12:31","2023-04-19 06:21:20",837562,837583
124,A,"2023-04-19 06:12:31","2023-04-19 06:14:14",837571,837583
125,A,"2023-04-19 06:12:39","2023-04-19 06:14:50",837539,837585
126,A,"2023-04-19 06:13:06","2023-04-19 06:20:33",837531,837586
127,A,"2023-04-19 06:13:06","2023-04-19 06:13:39",837537,837586
128,A,"2023-04-19 06:13:06","2023-04-19 06:20:02",837543,837586
129,A,"2023-04-19 06:13:06","2023-04-19 06:14:16",837555,837586
130,A,"2023-04-19 06:13:06","2023-04-19 06:13:20",837556,837586
131,A,"2023-04-19 06:13:06","2023-04-19 06:21:17",837562,837586
132,A,"2023-04-19 06:13:06","2023-04-19 06:14:14",837571,837586
133,A,"2023-04-19 06:13:06","2023-04-19 06:15:44",837583,837586
135,A,"2023-04-19 06:13:14","2023-04-19 06:20:33",837531,837587
136,A,"2023-04-19 06:13:14","2023-04-19 06:13:38",837537,837587
137,A,"2023-04-19 06:13:14","2023-04-19 06:19:58",837543,837587
138,A,"2023-04-19 06:13:14","2023-04-19 06:14:15",837555,837587
139,A,"2023-04-19 06:13:14","2023-04-19 06:13:19",837556,837587
140,A,"2023-04-19 06:13:14","2023-04-19 06:21:19",837562,837587
141,A,"2023-04-19 06:13:14","2023-04-19 06:14:13",837571,837587
142,A,"2023-04-19 06:13:14","2023-04-19 06:15:43",837583,837587
143,P,"2023-04-19 06:13:14","2023-04-19 06:13:14",837586,837587
144,A,"2023-04-19 06:13:25","2023-04-19 06:28:36",837561,837589
145,P,"2023-04-19 06:13:44","2023-04-19 06:13:44",837541,837563
146,P,"2023-04-19 06:13:44","2023-04-19 06:13:44",837560,837563
147,P,"2023-04-19 06:13:45","2023-04-19 06:13:45",837585,837563
148,P,"2023-04-19 06:14:38","2023-04-19 06:14:38",837541,837597
149,P,"2023-04-19 06:14:38","2023-04-19 06:14:38",837560,837597
150,A,"2023-04-19 06:15:07","2023-04-19 06:51:31",837539,837563
151,A,"2023-04-19 06:15:08","2023-04-19 06:16:06",837597,837563
152,A,"2023-04-19 06:15:08","2023-04-20 02:22:38",837598,837563
154,A,"2023-04-19 06:15:40","2023-04-19 06:20:33",837531,837600
155,A,"2023-04-19 06:15:40","2023-04-19 06:16:13",837537,837600
156,A,"2023-04-19 06:15:40","2023-04-19 06:19:57",837543,837600
157,A,"2023-04-19 06:15:40","2023-04-19 06:16:42",837555,837600
158,A,"2023-04-19 06:15:40","2023-04-19 06:19:11",837556,837600
159,A,"2023-04-19 06:15:40","2023-04-19 06:21:12",837562,837600
160,A,"2023-04-19 06:15:40","2023-04-19 06:16:43",837571,837600
161,A,"2023-04-19 06:15:40","2023-04-19 06:19:17",837583,837600
162,P,"2023-04-19 06:15:40","2023-04-19 06:15:40",837586,837600
163,A,"2023-04-19 06:15:40","2023-04-19 06:27:08",837587,837600
164,A,"2023-04-19 06:16:12","2023-04-19 06:20:33",837531,837597
165,A,"2023-04-19 06:16:17","2023-04-19 06:16:25",837536,837604
166,A,"2023-04-19 06:16:17","2023-04-19 06:16:43",837563,837604
167,P,"2023-04-19 06:16:27","2023-04-19 06:16:27",837560,837536
168,A,"2023-04-19 06:16:28","2023-04-19 06:19:22",837597,837536
169,P,"2023-04-19 06:16:29","2023-04-19 06:16:29",837585,837536
170,A,"2023-04-19 06:16:34","2023-04-19 06:24:39",837542,837557
171,A,"2023-04-19 06:16:45","2023-04-19 06:51:30",837539,837604
172,P,"2023-04-19 06:16:45","2023-04-19 06:16:45",837541,837604
173,P,"2023-04-19 06:16:45","2023-04-19 06:16:45",837560,837604
174,A,"2023-04-19 06:17:21","2023-04-29 07:08:14",833798,837605
175,A,"2023-04-19 06:17:23","2023-04-19 06:19:45",837531,837607
176,A,"2023-04-19 06:17:23","2023-04-19 06:20:18",837537,837607
177,A,"2023-04-19 06:17:23","2023-04-19 06:19:57",837543,837607
178,A,"2023-04-19 06:17:23","2023-04-19 06:18:10",837555,837607
179,A,"2023-04-19 06:17:23","2023-04-19 06:19:13",837556,837607
180,A,"2023-04-19 06:17:23","2023-04-19 06:21:10",837562,837607
181,A,"2023-04-19 06:17:23","2023-04-19 06:18:15",837571,837607
182,A,"2023-04-19 06:17:23","2023-04-19 06:19:15",837583,837607
183,P,"2023-04-19 06:17:23","2023-04-19 06:17:23",837586,837607
184,A,"2023-04-19 06:17:23","2023-04-19 06:27:04",837587,837607
185,A,"2023-04-19 06:17:23","2023-04-19 06:32:35",837600,837607
186,A,"2023-04-19 06:17:30","2023-04-19 16:10:12",837527,837608
188,A,"2023-04-19 06:17:47","2023-05-02 05:53:08",833154,837605
189,A,"2023-04-19 06:18:00","2023-05-02 23:54:14",837529,837610
190,A,"2023-04-19 06:18:12","2023-04-19 06:19:45",837531,837612
191,A,"2023-04-19 06:18:12","2023-04-19 06:20:13",837537,837612
192,A,"2023-04-19 06:18:12","2023-04-19 06:19:56",837543,837612
193,A,"2023-04-19 06:18:12","2023-04-19 06:19:09",837555,837612
194,A,"2023-04-19 06:18:12","2023-04-19 06:19:10",837556,837612
195,A,"2023-04-19 06:18:12","2023-04-19 06:20:56",837562,837612
196,A,"2023-04-19 06:18:12","2023-04-19 06:18:14",837571,837612
197,A,"2023-04-19 06:18:12","2023-04-19 06:19:14",837583,837612
198,P,"2023-04-19 06:18:12","2023-04-19 06:18:12",837586,837612
199,A,"2023-04-19 06:18:12","2023-04-19 06:20:31",837587,837612
200,A,"2023-04-19 06:18:12","2023-04-19 06:32:34",837600,837612
201,A,"2023-04-19 06:18:12","2023-04-19 06:30:27",837607,837612
202,A,"2023-04-19 06:18:34","2023-04-19 06:19:18",837528,837614
203,A,"2023-04-19 06:18:34","2023-04-19 06:24:38",837542,837614
204,A,"2023-04-19 06:18:34","2023-04-19 06:19:21",837574,837614
206,A,"2023-04-19 06:19:00","2023-04-19 06:19:50",837543,837615
207,A,"2023-04-19 06:19:00","2023-04-19 06:19:08",837555,837615
208,A,"2023-04-19 06:19:00","2023-04-19 06:19:09",837556,837615
209,A,"2023-04-19 06:19:00","2023-04-19 06:20:09",837571,837615
210,A,"2023-04-19 06:19:00","2023-04-19 06:19:13",837583,837615
211,P,"2023-04-19 06:19:00","2023-04-19 06:19:00",837586,837615
212,A,"2023-04-19 06:19:00","2023-04-19 06:20:31",837587,837615
213,A,"2023-04-19 06:19:00","2023-04-19 06:32:21",837600,837615
214,A,"2023-04-19 06:19:00","2023-04-19 06:30:25",837607,837615
215,A,"2023-04-19 06:19:12","2023-04-19 16:10:11",837527,837623
216,A,"2023-04-19 06:19:16","2023-04-19 06:19:44",837531,837618
217,A,"2023-04-19 06:19:16","2023-04-19 06:20:10",837537,837618
218,A,"2023-04-19 06:19:16","2023-04-19 06:19:49",837543,837618
219,A,"2023-04-19 06:19:16","2023-04-19 06:21:03",837555,837618
220,A,"2023-04-19 06:19:16","2023-04-19 13:38:15",837556,837618
221,A,"2023-04-19 06:19:16","2023-04-19 06:20:58",837562,837618
222,A,"2023-04-19 06:19:16","2023-04-19 06:20:09",837571,837618
223,A,"2023-04-19 06:19:16","2023-04-19 06:19:49",837583,837618
224,P,"2023-04-19 06:19:16","2023-04-19 06:19:16",837586,837618
225,A,"2023-04-19 06:19:16","2023-04-19 06:20:30",837587,837618
226,A,"2023-04-19 06:19:16","2023-04-19 06:32:20",837600,837618
227,A,"2023-04-19 06:19:16","2023-04-19 06:30:24",837607,837618
228,A,"2023-04-19 06:19:16","2023-04-19 06:20:47",837612,837618
229,A,"2023-04-19 06:19:16","2023-04-19 06:22:46",837615,837618
231,A,"2023-04-19 06:19:25","2023-04-19 06:20:08",837613,837632
233,A,"2023-04-19 06:19:27","2023-04-23 22:18:16",837604,837597
234,A,"2023-04-19 06:19:27","2023-04-19 06:51:28",837539,837597
236,A,"2023-04-19 06:19:27","2023-04-20 02:22:38",837598,837597
239,A,"2023-04-19 06:19:29","2023-04-19 06:27:35",837632,837597
240,A,"2023-04-19 06:19:32","2023-04-19 06:20:08",837613,837597
241,A,"2023-04-19 06:19:33","2023-04-19 06:19:44",837531,837633
242,A,"2023-04-19 06:19:33","2023-04-19 06:20:08",837537,837633
243,A,"2023-04-19 06:19:33","2023-04-19 06:19:49",837543,837633
244,A,"2023-04-19 06:19:33","2023-04-19 06:21:02",837555,837633
245,A,"2023-04-19 06:19:33","2023-04-19 13:38:13",837556,837633
246,A,"2023-04-19 06:19:33","2023-04-19 06:20:55",837562,837633
247,A,"2023-04-19 06:19:33","2023-04-19 06:20:08",837571,837633
248,A,"2023-04-19 06:19:33","2023-04-19 06:19:48",837583,837633
249,P,"2023-04-19 06:19:33","2023-04-19 06:19:33",837586,837633
250,A,"2023-04-19 06:19:33","2023-04-19 06:20:30",837587,837633
251,A,"2023-04-19 06:19:33","2023-04-19 06:32:20",837600,837633
252,A,"2023-04-19 06:19:33","2023-04-19 06:30:24",837607,837633
253,A,"2023-04-19 06:19:33","2023-04-19 06:20:46",837612,837633
254,A,"2023-04-19 06:19:33","2023-04-19 06:22:47",837615,837633
255,A,"2023-04-19 06:19:33","2023-04-19 06:38:45",837618,837633
257,A,"2023-04-19 06:19:37","2023-04-19 06:20:06",837537,837597
260,A,"2023-04-19 06:19:54","2023-04-19 06:22:44",837615,837531
261,A,"2023-04-19 06:19:55","2023-04-23 22:18:15",837604,837531
262,A,"2023-04-19 06:19:57","2023-04-20 02:22:33",837598,837531
263,P,"2023-04-19 06:19:57","2023-04-19 06:19:57",837585,837531
265,A,"2023-04-19 06:20:07","2023-04-19 06:31:11",837536,837632
266,A,"2023-04-19 06:20:07","2023-04-19 06:51:24",837539,837632
267,P,"2023-04-19 06:20:07","2023-04-19 06:20:07",837560,837632
268,A,"2023-04-19 06:20:07","2023-04-19 06:23:36",837563,837632
269,A,"2023-04-19 06:20:07","2023-04-23 22:18:15",837604,837632
271,A,"2023-04-19 06:20:13","2023-04-19 06:29:36",837635,837597
272,A,"2023-04-19 06:20:14","2023-04-19 06:44:40",837535,837637
274,A,"2023-04-19 06:20:15","2023-04-19 06:20:54",837562,837597
275,A,"2023-04-19 06:20:16","2023-04-19 06:22:38",837615,837537
281,A,"2023-04-19 06:20:49","2023-04-19 06:22:39",837615,837612
283,A,"2023-04-19 06:20:55","2023-04-19 08:29:28",837634,837531
284,A,"2023-04-19 06:20:55","2023-04-19 06:44:35",837535,837641
285,A,"2023-04-19 06:20:55","2023-04-19 06:30:04",837637,837641
286,A,"2023-04-19 06:20:57","2023-04-19 06:21:16",837531,837640
287,A,"2023-04-19 06:20:57","2023-04-19 06:21:41",837537,837640
288,A,"2023-04-19 06:20:57","2023-04-19 06:22:36",837543,837640
289,A,"2023-04-19 06:20:57","2023-04-19 06:21:00",837555,837640
290,A,"2023-04-19 06:20:57","2023-04-19 13:21:04",837556,837640
291,A,"2023-04-19 06:20:57","2023-04-19 06:21:07",837562,837640
292,A,"2023-04-19 06:20:57","2023-04-19 06:21:12",837571,837640
293,A,"2023-04-19 06:20:57","2023-04-19 06:25:56",837583,837640
294,P,"2023-04-19 06:20:57","2023-04-19 06:20:57",837586,837640
295,A,"2023-04-19 06:20:57","2023-04-19 06:27:01",837587,837640
296,A,"2023-04-19 06:20:57","2023-04-19 06:31:58",837600,837640
297,A,"2023-04-19 06:20:57","2023-04-19 06:30:18",837607,837640
298,A,"2023-04-19 06:20:57","2023-04-19 06:24:33",837612,837640
299,A,"2023-04-19 06:20:57","2023-04-19 06:22:35",837615,837640
300,A,"2023-04-19 06:20:57","2023-04-19 06:38:45",837618,837640
301,A,"2023-04-19 06:20:57","2023-04-19 06:29:08",837633,837640
302,A,"2023-04-19 06:20:58","2023-04-19 06:21:30",837613,837531
303,A,"2023-04-19 06:20:58","2023-04-19 06:26:44",837623,837531
304,A,"2023-04-19 06:21:01","2023-04-19 06:26:21",837635,837613
306,A,"2023-04-19 06:21:05","2023-04-19 06:28:59",837589,837531
308,A,"2023-04-19 06:21:06","2023-04-19 06:23:35",837563,837613
311,R,"2023-04-19 06:21:11","2023-04-20 05:37:46",837608,837531
312,A,"2023-04-19 06:21:11","2023-04-19 06:26:20",837635,837531
313,A,"2023-04-19 06:21:17","2023-04-19 06:44:36",837535,837642
314,A,"2023-04-19 06:21:17","2023-04-19 06:30:05",837637,837642
315,A,"2023-04-19 06:21:17","2023-04-19 06:30:02",837641,837642
316,A,"2023-04-19 06:21:17","2023-04-19 06:26:20",837642,837531
317,A,"2023-04-19 06:21:20","2023-04-19 09:29:56",837544,837571
319,P,"2023-04-19 06:21:24","2023-04-19 06:21:24",837644,837531
320,A,"2023-04-19 06:21:24","2023-04-19 06:24:18",837643,837531
321,A,"2023-04-19 06:21:25","2023-04-19 06:21:38",837537,837644
322,A,"2023-04-19 06:21:25","2023-04-19 06:22:36",837543,837644
323,A,"2023-04-19 06:21:25","2023-04-19 06:24:35",837555,837644
324,A,"2023-04-19 06:21:25","2023-04-19 13:21:01",837556,837644
325,A,"2023-04-19 06:21:25","2023-04-19 06:34:12",837562,837644
326,A,"2023-04-19 06:21:25","2023-04-19 06:22:14",837571,837644
327,A,"2023-04-19 06:21:25","2023-04-19 06:24:13",837583,837644
328,P,"2023-04-19 06:21:25","2023-04-19 06:21:25",837586,837644
329,A,"2023-04-19 06:21:25","2023-04-19 06:27:00",837587,837644
330,A,"2023-04-19 06:21:25","2023-04-19 06:31:57",837600,837644
331,A,"2023-04-19 06:21:25","2023-04-19 06:30:19",837607,837644
332,A,"2023-04-19 06:21:25","2023-04-19 06:24:33",837612,837644
333,A,"2023-04-19 06:21:25","2023-04-19 06:22:17",837615,837644
334,A,"2023-04-19 06:21:25","2023-04-19 06:38:44",837618,837644
335,A,"2023-04-19 06:21:25","2023-04-19 06:29:09",837633,837644
336,A,"2023-04-19 06:21:25","2023-04-19 06:25:17",837640,837644
337,A,"2023-04-19 06:21:25","2023-04-19 06:24:15",837643,837644
338,A,"2023-04-19 06:21:26","2023-04-19 06:22:15",837615,837562
339,A,"2023-04-19 06:21:26","2023-04-19 06:24:16",837643,837571
340,A,"2023-04-19 06:21:27","2023-04-19 06:47:09",837611,837645
343,A,"2023-04-19 06:21:30","2023-04-19 06:38:03",837646,837648
345,A,"2023-04-19 06:21:31","2023-04-19 06:44:42",837535,837562
346,A,"2023-04-19 06:21:31","2023-04-19 09:33:26",837538,837562
347,A,"2023-04-19 06:21:39","2023-04-19 06:24:14",837643,837537
348,A,"2023-04-19 06:21:40","2023-04-19 06:22:33",837543,837643
349,A,"2023-04-19 06:21:40","2023-04-19 06:24:33",837555,837643
350,A,"2023-04-19 06:21:40","2023-04-19 13:20:59",837556,837643
351,A,"2023-04-19 06:21:40","2023-04-19 06:34:11",837562,837643
352,A,"2023-04-19 06:21:40","2023-04-19 06:24:14",837583,837643
353,P,"2023-04-19 06:21:40","2023-04-19 06:21:40",837586,837643
354,A,"2023-04-19 06:21:40","2023-04-19 06:26:59",837587,837643
355,A,"2023-04-19 06:21:40","2023-04-19 06:31:57",837600,837643
356,A,"2023-04-19 06:21:40","2023-04-19 06:30:17",837607,837643
357,A,"2023-04-19 06:21:40","2023-04-19 06:23:05",837612,837643
358,A,"2023-04-19 06:21:40","2023-04-19 06:22:14",837615,837643
359,A,"2023-04-19 06:21:40","2023-04-19 06:38:41",837618,837643
360,A,"2023-04-19 06:21:40","2023-04-19 06:26:20",837633,837643
366,A,"2023-04-19 06:21:48","2023-04-19 06:39:34",837651,837531
367,A,"2023-04-19 06:21:48","2023-04-19 06:29:43",837653,837531
368,A,"2023-04-19 06:21:48","2023-04-19 06:22:31",837537,837653
369,A,"2023-04-19 06:21:48","2023-04-19 06:22:32",837543,837653
370,A,"2023-04-19 06:21:48","2023-04-19 06:23:06",837555,837653
371,A,"2023-04-19 06:21:48","2023-04-19 06:50:06",837556,837653
372,A,"2023-04-19 06:21:48","2023-04-19 06:34:08",837562,837653
373,A,"2023-04-19 06:21:48","2023-04-19 06:22:13",837571,837653
374,A,"2023-04-19 06:21:48","2023-04-19 06:24:14",837583,837653
375,P,"2023-04-19 06:21:48","2023-04-19 06:21:48",837586,837653
376,A,"2023-04-19 06:21:48","2023-04-19 06:26:56",837587,837653
377,A,"2023-04-19 06:21:48","2023-04-19 06:24:03",837600,837653
378,A,"2023-04-19 06:21:48","2023-04-19 06:30:16",837607,837653
379,A,"2023-04-19 06:21:48","2023-04-19 06:23:04",837612,837653
380,A,"2023-04-19 06:21:48","2023-04-19 06:22:13",837615,837653
381,A,"2023-04-19 06:21:48","2023-04-19 06:38:40",837618,837653
382,A,"2023-04-19 06:21:48","2023-04-19 06:26:20",837633,837653
383,A,"2023-04-19 06:21:48","2023-04-19 06:25:14",837640,837653
384,A,"2023-04-19 06:21:48","2023-04-19 06:24:13",837643,837653
385,P,"2023-04-19 06:21:48","2023-04-19 06:21:48",837644,837653
386,A,"2023-04-19 06:21:48","2023-04-19 08:43:04",837650,837653
387,A,"2023-04-19 06:21:49","2023-04-19 08:43:03",837650,837531
389,P,"2023-04-19 06:21:53","2023-04-19 06:21:53",837610,837649
390,A,"2023-04-19 06:21:54","2023-04-19 06:26:13",837654,837531
391,A,"2023-04-19 06:22:11","2023-04-19 08:29:28",837634,837643
392,A,"2023-04-19 06:22:11","2023-04-19 06:23:14",837646,837643
393,A,"2023-04-19 06:22:14","2023-04-19 06:22:29",837537,837650
394,A,"2023-04-19 06:22:14","2023-04-19 06:22:32",837543,837650
395,A,"2023-04-19 06:22:14","2023-04-19 06:23:05",837555,837650
396,A,"2023-04-19 06:22:14","2023-04-19 06:27:52",837556,837650
397,A,"2023-04-19 06:22:14","2023-04-19 06:24:28",837562,837650
398,A,"2023-04-19 06:22:14","2023-04-19 06:22:32",837571,837650
399,A,"2023-04-19 06:22:14","2023-04-19 06:24:15",837583,837650
400,P,"2023-04-19 06:22:14","2023-04-19 06:22:14",837586,837650
401,A,"2023-04-19 06:22:14","2023-04-19 06:26:55",837587,837650
402,A,"2023-04-19 06:22:14","2023-04-19 06:24:03",837600,837650
403,A,"2023-04-19 06:22:14","2023-04-19 06:29:53",837607,837650
404,A,"2023-04-19 06:22:14","2023-04-19 06:23:03",837612,837650
405,A,"2023-04-19 06:22:14","2023-04-19 06:22:34",837615,837650
406,A,"2023-04-19 06:22:14","2023-04-19 06:29:37",837618,837650
407,A,"2023-04-19 06:22:14","2023-04-19 06:26:19",837633,837650
408,A,"2023-04-19 06:22:14","2023-04-19 06:25:14",837640,837650
409,A,"2023-04-19 06:22:14","2023-04-19 06:24:12",837643,837650
410,P,"2023-04-19 06:22:14","2023-04-19 06:22:14",837644,837650
411,A,"2023-04-19 06:22:16","2023-04-20 03:48:53",837603,837655
412,A,"2023-04-19 06:22:19","2023-04-19 06:23:08",837646,837654
413,A,"2023-04-19 06:22:19","2023-04-19 06:57:29",837648,837654
414,A,"2023-04-19 06:22:29","2023-04-19 06:30:31",837637,837651
415,A,"2023-04-19 06:22:29","2023-04-19 06:26:20",837642,837651
417,A,"2023-04-19 06:22:29","2023-04-19 06:48:58",837639,837597
418,A,"2023-04-19 06:22:30","2023-04-19 06:23:02",837612,837597
420,A,"2023-04-19 06:22:32","2023-04-19 06:24:01",837528,837656
421,A,"2023-04-19 06:22:32","2023-04-19 06:25:27",837549,837656
422,A,"2023-04-19 06:22:32","2023-04-19 06:24:18",837557,837656
423,A,"2023-04-19 06:22:32","2023-04-19 06:31:23",837574,837656
428,A,"2023-04-19 06:22:46","2023-04-19 06:27:49",837556,837651
429,A,"2023-04-19 06:22:46","2023-04-19 06:24:26",837562,837651
434,A,"2023-04-19 06:23:00","2023-04-19 06:23:04",837555,837642
435,A,"2023-04-19 06:23:00","2023-04-19 06:28:00",837556,837642
436,A,"2023-04-19 06:23:00","2023-04-19 06:24:25",837562,837642
437,A,"2023-04-19 06:23:00","2023-04-19 06:24:01",837600,837642
438,A,"2023-04-19 06:23:00","2023-04-19 06:29:17",837612,837642
439,A,"2023-04-19 06:23:00","2023-04-19 06:29:36",837618,837642
440,A,"2023-04-19 06:23:00","2023-04-19 08:29:27",837634,837642
442,A,"2023-04-19 06:23:00","2023-04-19 08:43:02",837650,837642
443,A,"2023-04-19 06:23:18","2023-04-19 09:33:25",837538,837658
444,A,"2023-04-19 06:23:18","2023-04-19 09:29:55",837544,837658
445,A,"2023-04-19 06:23:18","2023-04-19 11:25:09",837565,837658
446,A,"2023-04-19 06:23:18","2023-04-19 08:08:26",837570,837658
447,A,"2023-04-19 06:23:21","2023-04-19 07:25:57",837658,837531
448,P,"2023-04-19 06:23:22","2023-04-19 06:23:22",837648,837531
450,A,"2023-04-19 06:23:40","2023-04-19 06:37:34",837639,837563
451,A,"2023-04-19 06:23:43","2023-04-19 06:26:18",837635,837563
454,A,"2023-04-19 06:24:10","2023-04-19 06:38:01",837646,837600
455,A,"2023-04-19 06:24:11","2023-04-19 06:24:22",837531,837659
456,A,"2023-04-19 06:24:11","2023-04-19 06:25:54",837537,837659
457,A,"2023-04-19 06:24:11","2023-04-19 06:27:25",837543,837659
458,A,"2023-04-19 06:24:11","2023-04-19 06:24:32",837555,837659
459,A,"2023-04-19 06:24:11","2023-04-19 06:27:46",837556,837659
460,A,"2023-04-19 06:24:11","2023-04-19 06:24:25",837562,837659
461,A,"2023-04-19 06:24:11","2023-04-19 06:24:33",837571,837659
462,A,"2023-04-19 06:24:11","2023-04-19 06:25:55",837583,837659
463,P,"2023-04-19 06:24:11","2023-04-19 06:24:11",837586,837659
464,A,"2023-04-19 06:24:11","2023-04-19 06:26:54",837587,837659
465,A,"2023-04-19 06:24:11","2023-04-19 06:30:36",837600,837659
466,A,"2023-04-19 06:24:11","2023-04-19 06:29:50",837607,837659
467,A,"2023-04-19 06:24:11","2023-04-19 06:24:30",837612,837659
468,A,"2023-04-19 06:24:11","2023-04-19 06:24:16",837615,837659
469,A,"2023-04-19 06:24:11","2023-04-19 06:29:35",837618,837659
470,A,"2023-04-19 06:24:11","2023-04-19 06:26:17",837633,837659
471,A,"2023-04-19 06:24:11","2023-04-19 06:25:10",837640,837659
472,A,"2023-04-19 06:24:11","2023-04-19 06:25:21",837643,837659
473,P,"2023-04-19 06:24:11","2023-04-19 06:24:11",837644,837659
474,A,"2023-04-19 06:24:11","2023-04-19 08:42:59",837650,837659
475,A,"2023-04-19 06:24:11","2023-04-19 06:29:42",837653,837659
476,A,"2023-04-19 06:24:12","2023-04-19 08:29:27",837634,837660
477,A,"2023-04-19 06:24:15","2023-04-19 06:32:36",837535,837661
478,A,"2023-04-19 06:24:15","2023-04-19 06:30:13",837637,837661
479,A,"2023-04-19 06:24:15","2023-04-19 06:30:01",837641,837661
480,A,"2023-04-19 06:24:15","2023-04-19 06:26:19",837642,837661
481,A,"2023-04-19 06:24:15","2023-04-19 06:39:19",837651,837661
482,A,"2023-04-19 06:24:23","2023-04-19 06:28:22",837661,837531
483,A,"2023-04-19 06:24:23","2023-04-19 06:28:08",837660,837531
484,A,"2023-04-19 06:24:33","2023-04-19 06:26:19",837642,837660
485,A,"2023-04-19 06:24:42","2023-04-19 06:28:19",837661,837571
486,A,"2023-04-19 06:24:53","2023-04-19 06:28:19",837661,837562
487,A,"2023-04-19 06:24:56","2023-04-19 09:29:53",837544,837562
488,A,"2023-04-19 06:25:01","2023-04-20 14:32:15",837570,837562
489,A,"2023-04-19 06:25:22","2023-04-19 08:29:23",837634,837663
490,A,"2023-04-19 06:25:22","2023-04-19 06:28:07",837660,837663
491,A,"2023-04-19 06:25:47","2023-04-19 06:42:38",837668,837563
492,P,"2023-04-19 06:25:50","2023-04-19 06:25:50",837617,837669
493,P,"2023-04-19 06:25:50","2023-04-19 06:25:50",837541,837668
494,P,"2023-04-19 06:25:50","2023-04-19 06:25:50",837560,837668
495,A,"2023-04-19 06:25:50","2023-04-19 06:27:18",837597,837668
496,A,"2023-04-19 06:25:59","2023-04-19 14:15:56",837527,837670
497,A,"2023-04-19 06:25:59","2023-04-19 06:26:40",837623,837670
499,A,"2023-04-19 06:26:06","2023-04-19 06:26:34",837613,837668
501,A,"2023-04-19 06:26:22","2023-04-19 14:15:54",837527,837671
502,A,"2023-04-19 06:26:22","2023-04-19 06:26:39",837623,837671
503,A,"2023-04-19 06:26:22","2023-04-19 06:35:49",837670,837671
504,P,"2023-04-19 06:26:23","2023-04-19 06:26:23",837560,837635
505,A,"2023-04-19 06:26:23","2023-04-19 06:28:47",837663,837571
506,A,"2023-04-19 06:26:31","2023-04-23 22:18:08",837604,837635
507,A,"2023-04-19 06:26:33","2023-04-19 06:37:33",837639,837635
508,A,"2023-04-19 06:26:44","2023-04-19 06:28:44",837663,837642
509,A,"2023-04-19 06:26:44","2023-04-19 06:32:35",837535,837672
510,A,"2023-04-19 06:26:44","2023-04-19 06:30:12",837637,837672
511,A,"2023-04-19 06:26:44","2023-04-19 06:30:00",837641,837672
512,A,"2023-04-19 06:26:44","2023-04-19 06:30:27",837642,837672
513,A,"2023-04-19 06:26:44","2023-04-19 06:39:33",837651,837672
514,A,"2023-04-19 06:26:44","2023-04-19 06:28:18",837661,837672
515,P,"2023-04-19 06:26:44","2023-04-19 06:26:44",837646,837531
516,A,"2023-04-19 06:26:44","2023-04-19 06:28:42",837663,837531
517,A,"2023-04-19 06:26:45","2023-04-19 06:31:51",837672,837531
518,A,"2023-04-19 06:26:45","2023-04-19 06:43:54",837668,837531
521,A,"2023-04-19 06:27:02","2023-04-19 08:29:22",837634,837672
525,A,"2023-04-19 06:27:49","2023-04-19 06:27:52",837531,837681
526,A,"2023-04-19 06:27:49","2023-04-19 06:28:39",837537,837681
527,A,"2023-04-19 06:27:49","2023-04-19 06:30:31",837543,837681
528,A,"2023-04-19 06:27:49","2023-04-19 06:28:35",837555,837681
529,A,"2023-04-19 06:27:49","2023-04-19 06:42:08",837556,837681
530,A,"2023-04-19 06:27:49","2023-04-19 06:34:07",837562,837681
531,A,"2023-04-19 06:27:49","2023-04-19 06:28:26",837571,837681
532,A,"2023-04-19 06:27:49","2023-04-19 06:28:32",837583,837681
533,P,"2023-04-19 06:27:49","2023-04-19 06:27:49",837586,837681
534,A,"2023-04-19 06:27:49","2023-04-19 06:30:31",837587,837681
535,A,"2023-04-19 06:27:49","2023-04-19 06:30:35",837600,837681
536,A,"2023-04-19 06:27:49","2023-04-19 06:29:49",837607,837681
537,A,"2023-04-19 06:27:49","2023-04-19 06:28:18",837615,837681
538,A,"2023-04-19 06:27:49","2023-04-19 06:29:34",837618,837681
539,A,"2023-04-19 06:27:49","2023-04-19 06:29:09",837633,837681
540,A,"2023-04-19 06:27:49","2023-04-19 06:29:07",837640,837681
541,A,"2023-04-19 06:27:49","2023-04-19 06:37:45",837643,837681
542,P,"2023-04-19 06:27:49","2023-04-19 06:27:49",837644,837681
543,A,"2023-04-19 06:27:49","2023-04-19 08:33:15",837650,837681
544,A,"2023-04-19 06:27:49","2023-04-19 06:31:32",837659,837681
545,A,"2023-04-19 06:28:06","2023-04-19 06:51:27",837539,837682
546,A,"2023-04-19 06:28:06","2023-04-20 02:27:39",837585,837682
547,A,"2023-04-19 06:28:27","2023-04-19 06:42:14",837556,837661
549,A,"2023-04-19 06:28:28","2023-04-19 06:28:34",837555,837661
550,A,"2023-04-19 06:28:30","2023-04-19 06:30:34",837600,837661
554,A,"2023-04-19 06:28:32","2023-04-20 03:48:52",837603,837683
556,A,"2023-04-19 06:28:50","2023-04-19 06:30:33",837600,837663
557,A,"2023-04-19 06:28:57","2023-04-19 06:33:48",837661,837663
558,A,"2023-04-19 06:29:02","2023-04-20 05:37:42",837608,837561
559,A,"2023-04-19 06:29:08","2023-04-19 06:31:06",837613,837685
560,A,"2023-04-19 06:29:08","2023-04-19 06:29:59",837632,837685
562,A,"2023-04-19 06:29:08","2023-04-19 08:29:21",837634,837687
563,A,"2023-04-19 06:29:08","2023-04-19 06:36:10",837660,837687
564,A,"2023-04-19 06:29:08","2023-04-19 06:57:45",837663,837687
565,A,"2023-04-19 06:29:08","2023-04-19 06:51:24",837539,837686
567,A,"2023-04-19 06:29:18","2023-04-19 07:21:41",837647,837669
569,P,"2023-04-19 06:29:21","2023-04-19 06:29:21",837541,837689
570,P,"2023-04-19 06:29:21","2023-04-19 06:29:21",837560,837689
571,A,"2023-04-19 06:29:21","2023-04-19 06:30:53",837597,837689
572,A,"2023-04-19 06:29:21","2023-04-19 06:42:35",837668,837689
573,A,"2023-04-19 06:29:22","2023-04-19 06:33:47",837661,837612
575,A,"2023-04-19 06:29:29","2023-04-19 06:31:09",837536,837686
576,P,"2023-04-19 06:29:29","2023-04-19 06:29:29",837560,837686
577,A,"2023-04-19 06:29:29","2023-04-19 06:31:35",837563,837686
578,A,"2023-04-19 06:29:29","2023-04-23 22:18:08",837604,837686
579,A,"2023-04-19 06:29:29","2023-04-19 06:30:55",837613,837686
580,A,"2023-04-19 06:29:29","2023-04-19 06:29:58",837632,837686
581,A,"2023-04-19 06:29:29","2023-04-19 06:29:35",837635,837686
582,A,"2023-04-19 06:29:29","2023-04-19 06:37:33",837639,837686
583,A,"2023-04-19 06:29:29","2023-04-19 06:42:37",837668,837686
584,A,"2023-04-19 06:29:31","2023-04-19 06:30:29",837555,837687
585,A,"2023-04-19 06:29:31","2023-04-19 06:30:28",837642,837687
586,A,"2023-04-19 06:29:44","2023-04-19 06:33:42",837661,837537
587,A,"2023-04-19 06:29:46","2023-04-19 06:31:08",837536,837689
588,A,"2023-04-19 06:29:46","2023-04-19 06:31:34",837563,837689
589,A,"2023-04-19 06:29:46","2023-04-23 22:18:08",837604,837689
590,A,"2023-04-19 06:29:46","2023-04-19 06:30:55",837613,837689
591,A,"2023-04-19 06:29:46","2023-04-19 06:30:00",837632,837689
592,A,"2023-04-19 06:29:46","2023-04-19 06:31:57",837635,837689
594,A,"2023-04-19 06:29:46","2023-04-19 06:37:37",837682,837689
595,A,"2023-04-19 06:29:46","2023-04-19 06:54:19",837686,837689
597,A,"2023-04-19 06:29:50","2023-05-04 08:37:46",837525,837669
599,A,"2023-04-19 06:29:54","2023-04-19 06:30:54",837613,837682
600,A,"2023-04-19 06:29:54","2023-04-19 06:42:23",837668,837682
602,A,"2023-04-19 06:30:05","2023-04-19 06:32:01",837672,837537
605,A,"2023-04-19 06:30:35","2023-04-19 06:30:53",837613,837691
606,A,"2023-04-19 06:30:35","2023-04-19 06:32:33",837632,837691
608,A,"2023-04-19 06:30:35","2023-04-19 06:34:59",837685,837691
611,A,"2023-04-19 06:30:46","2023-04-19 06:31:58",837672,837600
612,A,"2023-04-19 06:30:47","2023-04-19 06:39:33",837651,837600
613,A,"2023-04-19 06:30:48","2023-04-19 06:32:02",837531,837692
614,A,"2023-04-19 06:30:48","2023-04-19 06:31:08",837537,837692
615,A,"2023-04-19 06:30:48","2023-04-19 06:31:28",837543,837692
616,A,"2023-04-19 06:30:48","2023-04-19 06:31:40",837555,837692
617,A,"2023-04-19 06:30:48","2023-04-19 06:42:15",837556,837692
618,A,"2023-04-19 06:30:48","2023-04-19 06:31:28",837571,837692
619,A,"2023-04-19 06:30:48","2023-04-19 06:31:24",837583,837692
620,P,"2023-04-19 06:30:48","2023-04-19 06:30:48",837586,837692
621,A,"2023-04-19 06:30:48","2023-04-19 06:40:37",837587,837692
622,A,"2023-04-19 06:30:48","2023-04-19 06:31:56",837600,837692
623,A,"2023-04-19 06:30:48","2023-04-19 06:31:31",837607,837692
624,A,"2023-04-19 06:30:48","2023-04-19 06:31:25",837615,837692
625,A,"2023-04-19 06:30:48","2023-04-19 06:33:31",837633,837692
626,A,"2023-04-19 06:30:48","2023-04-19 06:31:39",837640,837692
627,A,"2023-04-19 06:30:48","2023-04-19 06:37:40",837643,837692
628,P,"2023-04-19 06:30:48","2023-04-19 06:30:48",837644,837692
629,A,"2023-04-19 06:30:48","2023-04-19 08:33:13",837650,837692
630,A,"2023-04-19 06:30:48","2023-04-19 06:31:32",837659,837692
631,A,"2023-04-19 06:30:48","2023-04-19 06:36:53",837681,837692
635,A,"2023-04-19 06:30:54","2023-04-19 06:51:01",837686,837597
636,A,"2023-04-19 06:30:54","2023-04-19 06:37:39",837682,837597
637,A,"2023-04-19 06:30:54","2023-04-19 06:34:58",837685,837597
638,A,"2023-04-19 06:30:58","2023-04-19 06:31:53",837691,837597
639,A,"2023-04-19 06:31:01","2023-04-19 06:33:41",837661,837646
640,P,"2023-04-19 06:31:11","2023-04-19 06:31:11",837653,837637
641,A,"2023-04-19 06:31:15","2023-04-19 06:31:18",837613,837536
643,A,"2023-04-19 06:31:18","2023-04-19 06:31:47",837528,837695
644,A,"2023-04-19 06:31:18","2023-04-30 08:40:50",837549,837695
645,A,"2023-04-19 06:31:18","2023-04-19 06:39:23",837557,837695
646,A,"2023-04-19 06:31:18","2023-04-19 06:31:23",837574,837695
647,A,"2023-04-19 06:31:18","2023-04-19 06:32:50",837656,837695
648,A,"2023-04-19 06:31:20","2023-04-19 06:37:32",837639,837536
649,A,"2023-04-19 06:31:21","2023-04-19 06:31:57",837635,837691
650,A,"2023-04-19 06:31:22","2023-04-19 07:19:14",837536,837612
653,A,"2023-04-19 06:31:36","2023-04-19 07:25:56",837658,837571
656,A,"2023-04-19 06:31:41","2023-04-19 06:33:41",837661,837659
657,A,"2023-04-19 06:31:42","2023-04-19 06:31:54",837691,837563
660,A,"2023-04-19 06:32:06","2023-04-19 06:41:23",837687,837531
661,A,"2023-04-19 06:32:07","2023-04-19 08:11:54",837689,837531
662,A,"2023-04-19 06:32:13","2023-04-19 09:33:21",837538,837696
663,A,"2023-04-19 06:32:13","2023-04-19 09:29:49",837544,837696
664,A,"2023-04-19 06:32:13","2023-04-19 11:25:07",837565,837696
665,A,"2023-04-19 06:32:13","2023-04-19 07:22:21",837570,837696
666,A,"2023-04-19 06:32:13","2023-04-19 07:25:53",837658,837696
668,A,"2023-04-19 06:32:21","2023-04-19 06:32:41",837697,837597
669,A,"2023-04-19 06:32:48","2023-05-02 23:54:11",837529,837699
670,A,"2023-04-19 06:32:48","2023-04-19 07:02:22",837649,837699
673,A,"2023-04-19 06:32:52","2023-04-19 06:37:50",837634,837600
674,A,"2023-04-19 06:32:52","2023-04-19 09:33:21",837538,837600
675,A,"2023-04-19 06:32:54","2023-04-19 06:51:00",837686,837682
676,A,"2023-04-19 06:32:55","2023-04-19 08:41:42",837696,837531
677,A,"2023-04-19 06:33:02","2023-04-19 06:35:04",837697,837531
678,A,"2023-04-19 06:33:06","2023-04-19 06:36:16",837687,837600
679,A,"2023-04-19 06:33:06","2023-04-19 06:34:44",837701,837682
680,A,"2023-04-19 06:33:06","2023-04-19 09:29:50",837544,837600
681,A,"2023-04-19 06:33:07","2023-04-20 09:39:29",837694,837531
682,A,"2023-04-19 06:33:07","2023-04-22 14:14:50",837570,837600
683,A,"2023-04-19 06:33:09","2023-04-19 06:36:09",837660,837600
684,A,"2023-04-19 06:33:11","2023-04-19 06:33:35",837613,837701
685,A,"2023-04-19 06:33:11","2023-04-19 06:42:23",837668,837701
686,A,"2023-04-19 06:33:11","2023-04-19 06:56:21",837689,837701
687,A,"2023-04-19 06:33:14","2023-04-19 07:19:25",837658,837600
688,A,"2023-04-19 06:33:15","2023-04-19 11:25:11",837565,837600
689,A,"2023-04-19 06:33:15","2023-04-19 08:41:41",837696,837571
690,A,"2023-04-19 06:33:15","2023-04-19 08:41:40",837696,837600
691,P,"2023-04-19 06:33:16","2023-04-19 06:33:16",837648,837600
692,P,"2023-04-19 06:33:19","2023-04-19 06:33:19",837610,837699
693,A,"2023-04-19 06:33:19","2023-04-19 07:01:05",837669,837699
694,A,"2023-04-19 06:33:19","2023-04-19 15:07:58",837677,837699
696,A,"2023-04-19 06:33:25","2023-04-19 06:53:33",837654,837600
697,A,"2023-04-19 06:33:25","2023-04-29 07:17:53",837526,837703
698,P,"2023-04-19 06:33:25","2023-04-19 06:33:25",837693,837703
702,A,"2023-04-19 06:33:30","2023-04-19 06:35:03",837697,837571
704,A,"2023-04-19 06:33:35","2023-04-19 06:34:59",837691,837571
705,A,"2023-04-19 06:33:49","2023-04-19 06:36:54",837681,837653
706,A,"2023-04-19 06:33:50","2023-04-19 06:59:17",837692,837653
707,A,"2023-04-19 06:33:55","2023-04-19 10:29:42",837705,837531
709,A,"2023-04-19 06:34:01","2023-04-19 07:12:20",837543,837661
712,A,"2023-04-19 06:34:11","2023-04-19 06:50:34",837706,837597
713,A,"2023-04-19 06:34:15","2023-04-19 14:06:08",837598,837706
714,A,"2023-04-19 06:34:15","2023-04-19 06:34:43",837701,837706
715,A,"2023-04-19 06:34:19","2023-04-19 06:37:46",837634,837661
716,A,"2023-04-19 06:34:22","2023-04-19 08:41:34",837696,837661
717,A,"2023-04-19 06:34:28","2023-04-19 06:36:08",837660,837661
718,A,"2023-04-19 06:34:30","2023-04-19 06:44:33",837535,837707
719,A,"2023-04-19 06:34:30","2023-04-19 06:37:52",837637,837707
720,A,"2023-04-19 06:34:30","2023-04-19 06:43:45",837641,837707
721,A,"2023-04-19 06:34:30","2023-04-19 06:36:46",837642,837707
722,A,"2023-04-19 06:34:30","2023-04-19 06:39:15",837651,837707
723,A,"2023-04-19 06:34:30","2023-04-19 06:35:05",837661,837707
724,A,"2023-04-19 06:34:30","2023-04-19 06:36:20",837672,837707
725,A,"2023-04-19 06:34:31","2023-04-19 07:19:22",837658,837661
726,A,"2023-04-19 06:34:32","2023-04-19 06:51:27",837536,837706
727,A,"2023-04-19 06:34:32","2023-04-19 06:51:24",837539,837706
728,P,"2023-04-19 06:34:32","2023-04-19 06:34:32",837541,837706
729,A,"2023-04-19 06:34:32","2023-04-19 06:34:41",837613,837706
730,A,"2023-04-19 06:34:32","2023-04-19 06:56:20",837689,837706
731,A,"2023-04-19 06:34:32","2023-04-19 06:34:53",837691,837706
732,A,"2023-04-19 06:35:13","2023-04-19 06:50:59",837686,837697
735,A,"2023-04-19 06:35:28","2023-04-19 06:51:23",837539,837639
736,P,"2023-04-19 06:35:28","2023-04-19 06:35:28",837541,837639
740,P,"2023-04-19 06:35:28","2023-04-19 06:35:28",837560,837639
743,P,"2023-04-19 06:35:28","2023-04-19 06:35:28",837585,837639
744,A,"2023-04-19 06:35:28","2023-04-20 02:22:33",837598,837639
746,A,"2023-04-19 06:35:28","2023-04-19 06:36:01",837613,837639
748,A,"2023-04-19 06:35:28","2023-04-19 06:41:45",837632,837639
749,A,"2023-04-19 06:35:37","2023-04-19 06:37:44",837634,837597
751,A,"2023-04-19 06:35:42","2023-04-19 06:56:18",837689,837697
752,A,"2023-04-19 06:35:45","2023-04-19 06:36:00",837613,837697
753,A,"2023-04-19 06:35:48","2023-04-19 06:42:25",837668,837697
754,A,"2023-04-19 06:35:51","2023-04-19 06:38:05",837635,837697
760,P,"2023-04-19 06:36:04","2023-04-19 06:36:04",837541,837712
761,P,"2023-04-19 06:36:04","2023-04-19 06:36:04",837560,837712
762,A,"2023-04-19 06:36:04","2023-04-19 06:37:07",837597,837712
763,A,"2023-04-19 06:36:04","2023-04-19 06:41:56",837668,837712
764,A,"2023-04-19 06:36:04","2023-04-19 06:48:51",837689,837712
765,A,"2023-04-19 06:36:04","2023-04-19 06:50:21",837539,837697
768,A,"2023-04-19 06:36:29","2023-04-19 09:33:21",837538,837714
769,A,"2023-04-19 06:36:29","2023-04-19 09:29:47",837544,837714
770,A,"2023-04-19 06:36:29","2023-04-19 10:53:49",837565,837714
771,A,"2023-04-19 06:36:29","2023-04-19 07:22:19",837570,837714
772,A,"2023-04-19 06:36:29","2023-04-19 07:19:20",837658,837714
773,A,"2023-04-19 06:36:29","2023-04-19 08:41:35",837696,837714
774,P,"2023-04-19 06:36:37","2023-04-19 06:36:37",837707,837531
775,A,"2023-04-19 06:36:37","2023-04-19 06:58:55",837714,837531
776,A,"2023-04-19 06:36:38","2023-04-19 06:37:04",837713,837531
777,A,"2023-04-19 06:36:52","2023-04-19 06:59:17",837692,837562
778,A,"2023-04-19 06:36:52","2023-04-19 06:40:42",837672,837562
780,A,"2023-04-19 06:36:55","2023-04-19 07:19:18",837658,837562
781,A,"2023-04-19 06:36:56","2023-04-19 06:39:00",837642,837537
783,A,"2023-04-19 06:37:06","2023-04-19 06:37:48",837634,837562
784,P,"2023-04-19 06:37:06","2023-04-19 06:37:06",837707,837562
786,A,"2023-04-19 06:37:08","2023-04-19 08:41:33",837696,837562
790,P,"2023-04-19 06:37:17","2023-04-19 06:37:17",837707,837600
791,A,"2023-04-19 06:37:18","2023-04-19 06:58:55",837714,837600
792,A,"2023-04-19 06:37:19","2023-04-19 10:29:45",837705,837600
793,A,"2023-04-19 06:37:20","2023-04-19 07:53:26",837713,837600
795,A,"2023-04-19 06:37:27","2023-04-19 06:38:07",837613,837720
796,A,"2023-04-19 06:37:27","2023-04-19 06:41:31",837632,837720
798,A,"2023-04-19 06:37:27","2023-04-19 06:47:19",837685,837720
799,A,"2023-04-19 06:37:27","2023-04-19 06:45:15",837691,837720
800,A,"2023-04-19 06:37:27","2023-04-19 10:53:50",837565,837562
802,A,"2023-04-19 06:37:28","2023-04-19 06:58:54",837714,837562
804,R,"2023-04-19 06:37:28","2023-04-19 06:38:50",837646,837562
806,R,"2023-04-19 06:37:29","2023-04-20 15:48:25",837663,837562
807,A,"2023-04-19 06:37:36","2023-04-23 22:18:07",837604,837639
808,A,"2023-04-19 06:37:37","2023-04-19 06:50:58",837686,837600
809,A,"2023-04-19 06:37:38","2023-04-19 06:38:07",837613,837721
810,A,"2023-04-19 06:37:38","2023-04-19 06:41:34",837632,837721
812,A,"2023-04-19 06:37:38","2023-04-19 06:45:32",837685,837721
813,A,"2023-04-19 06:37:38","2023-04-19 06:45:15",837691,837721
814,A,"2023-04-19 06:37:38","2023-04-21 11:48:17",837720,837721
823,A,"2023-04-19 06:37:52","2023-04-19 06:38:07",837697,837600
824,P,"2023-04-19 06:37:53","2023-04-19 06:37:53",837541,837722
825,P,"2023-04-19 06:37:53","2023-04-19 06:37:53",837560,837722
826,A,"2023-04-19 06:37:53","2023-04-19 06:39:31",837597,837722
827,A,"2023-04-19 06:37:53","2023-04-19 06:41:51",837668,837722
828,A,"2023-04-19 06:37:53","2023-04-19 06:48:47",837689,837722
829,A,"2023-04-19 06:37:53","2023-04-19 06:39:42",837712,837722
832,A,"2023-04-19 06:37:58","2023-04-19 07:19:05",837658,837643
837,A,"2023-04-19 06:38:07","2023-04-19 15:04:21",837526,837723
838,P,"2023-04-19 06:38:07","2023-04-19 06:38:07",837693,837723
839,A,"2023-04-19 06:38:07","2023-04-19 07:49:57",837703,837723
844,A,"2023-04-19 06:38:13","2023-04-19 06:40:49",837722,837635
845,A,"2023-04-19 06:38:14","2023-04-19 06:39:40",837712,837635
847,A,"2023-04-19 06:38:17","2023-04-19 06:48:56",837639,837722
850,A,"2023-04-19 06:38:18","2023-04-19 08:41:32",837696,837643
851,A,"2023-04-19 06:38:19","2023-04-19 06:40:48",837722,837697
856,A,"2023-04-19 06:38:25","2023-04-21 11:48:16",837720,837697
857,A,"2023-04-19 06:38:26","2023-04-19 06:42:25",837721,837697
858,A,"2023-04-19 06:38:27","2023-04-19 10:29:42",837705,837643
859,A,"2023-04-19 06:38:28","2023-05-02 23:54:15",837529,837723
860,A,"2023-04-19 06:38:28","2023-04-19 07:01:04",837669,837723
863,A,"2023-04-19 06:38:36","2023-04-19 06:51:26",837536,837697
868,A,"2023-04-19 06:38:49","2023-04-19 06:59:16",837692,837618
869,A,"2023-04-19 06:38:52","2023-04-19 06:50:18",837539,837724
870,A,"2023-04-19 06:38:52","2023-04-20 02:29:54",837585,837724
871,A,"2023-04-19 06:38:52","2023-04-19 06:43:00",837682,837724
872,A,"2023-04-19 06:38:52","2023-04-19 06:49:04",837686,837724
874,A,"2023-04-19 06:38:56","2023-04-19 06:41:08",837681,837612
875,A,"2023-04-19 06:39:01","2023-04-19 06:39:28",837613,837726
876,A,"2023-04-19 06:39:01","2023-04-19 06:41:25",837632,837726
878,A,"2023-04-19 06:39:01","2023-04-19 06:42:39",837685,837726
879,A,"2023-04-19 06:39:01","2023-04-19 06:43:24",837691,837726
880,A,"2023-04-19 06:39:01","2023-04-21 11:48:15",837720,837726
881,A,"2023-04-19 06:39:01","2023-04-19 06:42:28",837721,837726
882,A,"2023-04-19 06:39:04","2023-04-19 08:41:28",837696,837646
883,A,"2023-04-19 06:39:10","2023-04-19 08:41:27",837696,837642
884,A,"2023-04-19 06:39:10","2023-04-19 06:51:25",837536,837724
885,P,"2023-04-19 06:39:10","2023-04-19 06:39:10",837541,837724
886,A,"2023-04-19 06:39:10","2023-04-19 06:50:32",837706,837724
887,P,"2023-04-19 06:39:11","2023-04-19 06:39:11",837707,837646
888,A,"2023-04-19 06:39:26","2023-04-19 06:43:21",837691,837639
889,A,"2023-04-19 06:39:27","2023-04-19 06:39:36",837712,837639
890,A,"2023-04-19 06:39:29","2023-04-19 06:42:40",837685,837639
891,A,"2023-04-19 06:39:33","2023-04-19 06:40:46",837697,837639
892,A,"2023-04-19 06:39:35","2023-04-19 06:47:58",837724,837597
893,A,"2023-04-19 06:39:35","2023-04-21 11:48:21",837720,837597
894,A,"2023-04-19 06:39:36","2023-04-19 06:46:47",837701,837597
895,A,"2023-04-19 06:39:37","2023-04-19 06:42:30",837721,837597
896,A,"2023-04-19 06:39:41","2023-04-19 07:42:47",837725,837600
897,A,"2023-04-19 06:39:42","2023-04-19 08:41:27",837696,837651
899,A,"2023-04-19 06:39:43","2023-04-19 06:41:21",837726,837600
900,A,"2023-04-19 06:39:49","2023-04-19 07:42:46",837725,837531
905,A,"2023-04-19 06:40:15","2023-04-19 06:41:19",837726,837597
907,A,"2023-04-19 06:40:33","2023-04-19 06:43:37",837727,837600
908,A,"2023-04-19 06:40:58","2023-04-19 08:02:37",837563,837722
909,A,"2023-04-19 06:40:58","2023-04-19 06:49:02",837686,837722
910,A,"2023-04-19 06:40:59","2023-04-19 06:41:19",837613,837722
912,A,"2023-04-19 06:41:05","2023-04-19 08:41:26",837696,837672
913,A,"2023-04-19 06:41:11","2023-04-19 06:43:20",837691,837722
914,A,"2023-04-19 06:41:12","2023-04-23 22:18:01",837604,837722
915,A,"2023-04-19 06:41:12","2023-04-19 06:41:43",837632,837722
917,R,"2023-04-19 06:41:15","2023-04-20 11:11:14",837728,837531
918,A,"2023-04-19 06:41:16","2023-04-19 06:41:56",837727,837531
922,A,"2023-04-19 06:41:20","2023-04-19 06:42:57",837682,837722
923,A,"2023-04-19 06:41:20","2023-04-19 06:42:41",837685,837722
924,A,"2023-04-19 06:41:21","2023-04-21 11:48:11",837720,837722
925,A,"2023-04-19 06:41:25","2023-04-19 06:52:19",837563,837726
926,A,"2023-04-19 06:41:26","2023-04-19 06:42:32",837721,837722
927,A,"2023-04-19 06:41:26","2023-04-19 06:49:01",837639,837726
928,A,"2023-04-19 06:41:26","2023-04-19 06:41:36",837722,837726
929,A,"2023-04-19 06:41:27","2023-04-19 06:42:33",837697,837726
930,A,"2023-04-19 06:41:29","2023-04-19 06:47:57",837724,837722
932,A,"2023-04-19 06:41:33","2023-04-19 07:42:45",837725,837672
933,A,"2023-04-19 06:41:33","2023-04-19 06:44:32",837635,837726
934,A,"2023-04-19 06:41:38","2023-04-19 06:51:57",837728,837730
935,P,"2023-04-19 06:41:38","2023-04-19 06:41:38",837560,837726
936,A,"2023-04-19 06:41:43","2023-04-19 06:41:50",837668,837726
937,A,"2023-04-19 06:41:45","2023-04-20 15:51:18",837712,837726
940,P,"2023-04-19 06:41:59","2023-04-19 06:41:59",837560,837613
941,A,"2023-04-19 06:42:00","2023-04-19 06:50:18",837539,837613
942,A,"2023-04-19 06:42:00","2023-04-23 22:18:01",837604,837613
943,P,"2023-04-19 06:42:00","2023-04-19 06:42:00",837541,837613
944,A,"2023-04-19 06:42:03","2023-04-20 02:29:54",837585,837613
945,A,"2023-04-19 06:42:03","2023-04-19 06:57:44",837663,837555
946,A,"2023-04-19 06:42:03","2023-04-22 16:48:06",837712,837613
947,A,"2023-04-19 06:42:04","2023-04-19 06:47:57",837724,837613
948,A,"2023-04-19 06:42:04","2023-04-20 02:22:32",837598,837613
952,A,"2023-04-19 06:42:17","2023-04-19 06:42:26",837537,837727
953,A,"2023-04-19 06:42:21","2023-04-19 10:29:41",837705,837731
954,A,"2023-04-19 06:42:25","2023-04-19 06:42:53",837612,837727
955,A,"2023-04-19 06:42:25","2023-04-19 06:42:52",837583,837730
956,A,"2023-04-19 06:42:25","2023-04-19 06:46:34",837659,837730
957,A,"2023-04-19 06:42:33","2023-04-19 06:42:45",837613,837732
958,A,"2023-04-19 06:42:33","2023-04-19 06:43:42",837632,837732
961,A,"2023-04-19 06:42:33","2023-04-19 06:43:20",837691,837732
965,A,"2023-04-19 06:42:34","2023-04-19 07:53:25",837713,837733
966,A,"2023-04-19 06:42:34","2023-04-19 07:33:19",837725,837733
968,A,"2023-04-19 06:42:37","2023-04-19 08:29:20",837634,837537
969,A,"2023-04-19 06:42:45","2023-04-19 06:52:24",837668,837687
970,A,"2023-04-19 06:42:53","2023-04-19 06:46:29",837531,837731
971,A,"2023-04-19 06:42:53","2023-04-19 06:43:08",837537,837731
972,A,"2023-04-19 06:42:53","2023-04-19 07:12:17",837543,837731
973,A,"2023-04-19 06:42:53","2023-04-19 06:50:04",837556,837731
974,A,"2023-04-19 06:42:53","2023-04-19 10:53:50",837565,837731
975,A,"2023-04-19 06:42:53","2023-04-19 06:45:33",837571,837731
976,A,"2023-04-19 06:42:53","2023-04-19 06:59:42",837587,837731
977,A,"2023-04-19 06:42:53","2023-04-19 06:43:08",837612,837731
978,A,"2023-04-19 06:42:53","2023-04-19 08:52:57",837661,837731
980,A,"2023-04-19 06:42:58","2023-04-19 06:59:16",837692,837612
981,P,"2023-04-19 06:43:02","2023-04-19 06:43:02",837556,837672
982,A,"2023-04-19 06:43:08","2023-04-19 06:51:23",837536,837732
984,A,"2023-04-19 06:43:08","2023-04-19 06:52:16",837563,837732
986,A,"2023-04-19 06:43:08","2023-04-23 22:18:00",837604,837732
987,A,"2023-04-19 06:43:08","2023-04-19 06:44:31",837635,837732
988,A,"2023-04-19 06:43:08","2023-04-19 06:49:02",837686,837732
991,A,"2023-04-19 06:43:12","2023-04-19 06:46:28",837531,837733
992,A,"2023-04-19 06:43:12","2023-04-19 06:44:44",837535,837733
993,A,"2023-04-19 06:43:12","2023-04-19 06:44:29",837537,837733
994,A,"2023-04-19 06:43:12","2023-04-19 09:33:20",837538,837733
995,A,"2023-04-19 06:43:12","2023-04-19 07:12:18",837543,837733
996,A,"2023-04-19 06:43:12","2023-04-19 09:29:36",837544,837733
997,A,"2023-04-19 06:43:12","2023-04-19 06:43:16",837555,837733
998,A,"2023-04-19 06:43:12","2023-04-19 13:20:50",837556,837733
999,A,"2023-04-19 06:43:12","2023-04-19 06:44:13",837562,837733
1000,A,"2023-04-19 06:43:12","2023-04-19 07:06:45",837565,837733
1001,A,"2023-04-19 06:43:12","2023-04-22 14:14:51",837570,837733
1002,A,"2023-04-19 06:43:12","2023-04-19 06:45:31",837571,837733
1003,A,"2023-04-19 06:43:12","2023-04-19 07:53:15",837583,837733
1004,P,"2023-04-19 06:43:12","2023-04-19 06:43:12",837586,837733
1005,A,"2023-04-19 06:43:12","2023-04-19 06:59:40",837587,837733
1006,A,"2023-04-19 06:43:12","2023-04-19 06:43:15",837600,837733
1007,A,"2023-04-19 06:43:12","2023-04-19 06:45:32",837612,837733
1008,A,"2023-04-19 06:43:12","2023-04-19 08:00:03",837615,837733
1009,A,"2023-04-19 06:43:12","2023-04-19 07:47:39",837618,837733
1010,A,"2023-04-19 06:43:12","2023-04-19 07:18:29",837633,837733
1011,A,"2023-04-19 06:43:12","2023-04-19 08:29:16",837634,837733
1013,P,"2023-04-19 06:43:12","2023-04-19 06:43:12",837640,837733
1015,A,"2023-04-19 06:43:12","2023-04-19 06:55:02",837642,837733
1016,R,"2023-04-19 06:43:12","2023-04-19 06:46:17",837643,837733
1017,P,"2023-04-19 06:43:12","2023-04-19 06:43:12",837644,837733
1018,P,"2023-04-19 06:43:12","2023-04-19 06:43:12",837646,837733
1019,P,"2023-04-19 06:43:12","2023-04-19 06:43:12",837648,837733
1021,A,"2023-04-19 06:43:12","2023-04-20 13:58:16",837651,837733
1023,A,"2023-04-19 06:43:12","2023-04-19 06:53:32",837654,837733
1025,A,"2023-04-19 06:43:12","2023-04-19 07:02:50",837658,837733
1026,P,"2023-04-19 06:43:12","2023-04-19 06:43:12",837659,837733
1027,A,"2023-04-19 06:43:12","2023-04-19 06:54:23",837660,837733
1028,A,"2023-04-19 06:43:12","2023-04-19 08:52:56",837661,837733
1029,A,"2023-04-19 06:43:12","2023-04-19 06:43:29",837672,837733
1030,A,"2023-04-19 06:43:15","2023-04-19 06:43:37",837721,837682
1031,A,"2023-04-19 06:43:24","2023-04-19 06:45:14",837731,837600
1032,A,"2023-04-19 06:43:25","2023-04-19 11:37:29",837730,837600
1033,R,"2023-04-19 06:43:25","2023-04-20 08:04:18",837728,837600
1036,A,"2023-04-19 06:43:39","2023-04-19 06:45:07",837731,837672
1039,A,"2023-04-19 06:44:15","2023-04-19 09:29:35",837544,837727
1041,A,"2023-04-19 06:44:42","2023-04-19 06:45:29",837685,837635
1042,A,"2023-04-19 06:44:43","2023-04-21 11:48:09",837720,837635
1047,A,"2023-04-19 06:44:59","2023-04-19 10:12:19",837736,837635
1049,A,"2023-04-19 06:45:09","2023-04-19 06:46:34",837646,837737
1050,A,"2023-04-19 06:45:09","2023-04-19 08:14:21",837648,837737
1051,A,"2023-04-19 06:45:09","2023-04-19 06:53:32",837654,837737
1053,P,"2023-04-19 06:45:19","2023-04-19 06:45:19",837560,837736
1054,A,"2023-04-19 06:45:19","2023-04-19 06:45:28",837685,837736
1055,A,"2023-04-19 06:45:19","2023-04-19 06:49:01",837686,837736
1059,A,"2023-04-19 06:45:37","2023-04-19 07:02:52",837658,837612
1062,A,"2023-04-19 06:45:43","2023-04-23 22:18:00",837604,837738
1063,A,"2023-04-19 06:45:43","2023-04-19 06:45:54",837613,837738
1064,A,"2023-04-19 06:45:43","2023-04-19 06:46:16",837632,837738
1065,A,"2023-04-19 06:45:43","2023-04-19 06:45:59",837726,837738
1066,P,"2023-04-19 06:45:54","2023-04-19 06:45:54",837541,837691
1069,A,"2023-04-19 06:46:46","2023-04-19 07:03:20",837738,837739
1070,A,"2023-04-19 06:46:54","2023-04-19 06:54:27",837739,837613
1074,P,"2023-04-19 06:47:06","2023-04-19 06:47:06",837560,837739
1075,A,"2023-04-19 06:47:06","2023-04-19 06:47:16",837635,837739
1077,A,"2023-04-19 06:47:06","2023-04-19 06:47:43",837682,837739
1078,A,"2023-04-19 06:47:06","2023-04-19 06:47:20",837722,837739
1079,A,"2023-04-19 06:47:06","2023-04-19 06:47:42",837726,837739
1080,A,"2023-04-19 06:47:15","2023-04-20 13:58:15",837651,837537
1081,A,"2023-04-19 06:47:16","2023-04-19 11:38:46",837730,837555
1082,A,"2023-04-19 06:47:16","2023-05-01 08:24:14",837711,837740
1084,A,"2023-04-19 06:47:30","2023-04-19 07:01:49",837528,837740
1085,A,"2023-04-19 06:47:30","2023-04-22 05:19:30",837542,837740
1086,A,"2023-04-19 06:47:30","2023-04-22 17:33:03",837549,837740
1087,A,"2023-04-19 06:47:30","2023-04-19 07:02:14",837557,837740
1088,A,"2023-04-19 06:47:30","2023-04-20 00:01:46",837574,837740
1089,R,"2023-04-19 06:47:30","2023-04-19 23:28:28",837614,837740
1091,A,"2023-04-19 06:47:30","2023-04-19 09:18:07",837695,837740
1092,P,"2023-04-19 06:47:30","2023-04-19 06:47:30",837704,837740
1093,A,"2023-04-19 06:47:30","2023-05-03 10:51:29",837729,837740
1094,A,"2023-04-19 06:47:35","2023-04-19 07:42:40",837725,837537
1095,A,"2023-04-19 06:47:41","2023-04-19 07:50:38",837713,837537
1096,A,"2023-04-19 06:47:47","2023-04-19 06:49:18",837697,837537
1097,A,"2023-04-19 06:48:00","2023-04-19 07:01:46",837528,837741
1098,A,"2023-04-19 06:48:14","2023-04-19 06:52:15",837563,837724
1099,A,"2023-04-19 06:48:17","2023-04-23 22:17:56",837604,837724
1100,A,"2023-04-19 06:49:14","2023-04-19 06:54:29",837739,837639
1101,A,"2023-04-19 06:49:39","2023-04-19 07:13:34",837742,837600
1104,A,"2023-04-19 06:49:40","2023-04-19 06:51:54",837728,837742
1105,A,"2023-04-19 06:49:40","2023-04-19 11:37:20",837730,837742
1106,A,"2023-04-19 06:49:45","2023-04-19 07:17:45",837611,837743
1107,A,"2023-04-19 06:49:45","2023-04-19 16:22:10",837645,837743
1108,R,"2023-04-19 06:49:45","2023-04-20 01:10:55",837647,837743
1109,A,"2023-04-19 06:49:52","2023-04-19 07:13:33",837742,837531
1111,A,"2023-04-19 06:50:10","2023-04-19 06:52:09",837744,837600
1112,A,"2023-04-19 06:50:11","2023-04-19 08:29:15",837634,837556
1113,A,"2023-04-19 06:50:18","2023-04-19 08:29:15",837634,837744
1114,A,"2023-04-19 06:50:18","2023-04-19 06:54:22",837660,837744
1115,A,"2023-04-19 06:50:18","2023-04-19 06:54:43",837687,837744
1117,P,"2023-04-19 06:50:25","2023-04-19 06:50:25",837541,837745
1118,A,"2023-04-19 06:50:25","2023-04-21 08:08:48",837712,837745
1119,A,"2023-04-19 06:50:25","2023-04-19 06:53:59",837722,837745
1120,P,"2023-04-19 06:50:30","2023-04-19 06:50:30",837648,837556
1122,A,"2023-04-19 06:50:39","2023-04-19 06:53:03",837745,837537
1124,A,"2023-04-19 06:50:41","2023-04-23 22:17:55",837604,837706
1125,A,"2023-04-19 06:50:43","2023-04-19 06:51:30",837697,837556
1127,A,"2023-04-19 06:50:44","2023-04-19 08:02:10",837563,837555
1128,A,"2023-04-19 06:51:01","2023-04-22 01:03:17",837542,837747
1129,A,"2023-04-19 06:51:05","2023-04-19 06:52:38",837706,837745
1130,A,"2023-04-19 06:51:05","2023-04-19 06:56:32",837721,837745
1131,A,"2023-04-19 06:51:05","2023-04-19 06:54:30",837739,837745
1132,A,"2023-04-19 06:51:17","2023-04-19 06:53:15",837646,837748
1133,A,"2023-04-19 06:51:17","2023-04-19 06:57:19",837648,837748
1134,A,"2023-04-19 06:51:17","2023-04-19 06:53:31",837654,837748
1136,A,"2023-04-19 06:51:17","2023-04-19 07:46:10",837737,837748
1137,A,"2023-04-19 06:51:19","2023-04-19 06:51:50",837728,837749
1138,A,"2023-04-19 06:51:19","2023-04-19 11:37:19",837730,837749
1139,A,"2023-04-19 06:51:19","2023-04-19 07:13:32",837742,837749
1140,A,"2023-04-19 06:51:20","2023-04-19 06:58:10",837746,837613
1141,A,"2023-04-19 06:51:44","2023-04-19 10:12:19",837736,837632
1142,A,"2023-04-19 06:51:52","2023-04-20 15:51:14",837712,837691
1143,A,"2023-04-19 06:51:53","2023-04-19 06:58:07",837746,837632
1144,A,"2023-04-19 06:51:58","2023-04-19 08:29:14",837634,837750
1145,A,"2023-04-19 06:51:58","2023-04-19 06:54:22",837660,837750
1146,A,"2023-04-19 06:51:58","2023-04-19 06:57:39",837663,837750
1147,A,"2023-04-19 06:51:58","2023-04-19 06:54:44",837687,837750
1148,A,"2023-04-19 06:51:58","2023-04-19 06:52:07",837744,837750
1149,A,"2023-04-19 06:52:10","2023-04-19 07:02:40",837583,837742
1150,A,"2023-04-19 06:52:10","2023-04-19 07:18:26",837633,837742
1151,A,"2023-04-19 06:52:10","2023-04-19 06:53:14",837646,837742
1152,A,"2023-04-19 06:52:10","2023-04-19 11:19:29",837653,837742
1153,A,"2023-04-19 06:52:10","2023-04-19 07:11:53",837659,837742
1154,A,"2023-04-19 06:52:10","2023-04-19 06:54:12",837697,837742
1155,P,"2023-04-19 06:52:10","2023-04-19 06:52:10",837707,837742
1156,A,"2023-04-19 06:52:10","2023-04-19 06:58:43",837714,837742
1157,A,"2023-04-19 06:52:10","2023-04-19 07:42:37",837725,837742
1158,A,"2023-04-19 06:52:10","2023-04-19 07:24:10",837744,837742
1159,A,"2023-04-19 06:52:14","2023-04-19 08:52:53",837661,837744
1160,A,"2023-04-19 06:52:25","2023-04-19 06:53:01",837600,837750
1161,A,"2023-04-19 06:52:25","2023-04-19 06:58:02",837643,837750
1163,A,"2023-04-19 06:52:25","2023-04-19 08:52:52",837661,837750
1164,A,"2023-04-19 06:52:25","2023-04-19 06:55:05",837672,837750
1165,A,"2023-04-19 06:52:26","2023-04-19 06:57:34",837663,837744
1166,A,"2023-04-19 06:52:29","2023-04-19 06:56:28",837531,837744
1167,A,"2023-04-19 06:52:36","2023-04-19 06:55:04",837672,837744
1169,A,"2023-04-19 06:52:38","2023-04-19 09:06:26",837733,837744
1170,A,"2023-04-19 06:52:42","2023-04-19 08:29:25",837701,837724
1171,A,"2023-04-19 06:52:43","2023-04-19 06:54:58",837728,837751
1172,A,"2023-04-19 06:52:43","2023-04-19 11:37:22",837730,837751
1173,A,"2023-04-19 06:52:43","2023-04-19 07:13:14",837742,837751
1174,A,"2023-04-19 06:52:43","2023-04-19 08:13:16",837749,837751
1175,A,"2023-04-19 06:52:45","2023-04-19 08:41:22",837696,837744
1176,A,"2023-04-19 06:52:55","2023-04-19 09:29:34",837544,837744
1177,A,"2023-04-19 06:53:01","2023-04-19 07:02:47",837583,837744
1178,A,"2023-04-19 06:53:03","2023-04-19 13:20:47",837556,837751
1179,A,"2023-04-19 06:53:03","2023-04-19 06:55:28",837600,837751
1180,A,"2023-04-19 06:53:03","2023-04-19 06:53:13",837646,837751
1182,P,"2023-04-19 06:53:03","2023-04-19 06:53:03",837707,837751
1183,A,"2023-04-19 06:53:03","2023-04-19 07:42:39",837725,837751
1184,A,"2023-04-19 06:53:03","2023-04-19 07:24:05",837744,837751
1186,A,"2023-04-19 06:53:07","2023-04-19 08:13:14",837749,837600
1188,A,"2023-04-19 06:53:15","2023-04-19 07:46:08",837737,837744
1190,A,"2023-04-19 06:53:31","2023-04-19 06:54:11",837697,837739
1191,A,"2023-04-19 06:53:32","2023-04-19 06:58:29",837562,837727
1192,A,"2023-04-19 06:53:33","2023-04-19 06:56:32",837721,837739
1193,A,"2023-04-19 06:53:34","2023-04-21 11:48:08",837720,837739
1195,A,"2023-04-19 06:53:40","2023-04-19 10:12:18",837736,837745
1197,A,"2023-04-19 06:53:43","2023-04-19 08:58:00",837732,837739
1198,A,"2023-04-19 06:53:44","2023-04-19 06:58:09",837746,837739
1199,A,"2023-04-19 06:53:45","2023-04-19 06:56:28",837531,837745
1200,A,"2023-04-19 06:53:54","2023-04-19 06:58:29",837562,837745
1201,A,"2023-04-19 06:54:01","2023-04-19 09:33:15",837538,837727
1202,A,"2023-04-19 06:54:16","2023-04-19 10:29:41",837705,837752
1203,A,"2023-04-19 06:54:16","2023-04-19 08:17:43",837731,837752
1204,A,"2023-04-19 06:54:16","2023-04-19 07:26:12",837753,837752
1205,A,"2023-04-19 06:54:19","2023-04-19 10:29:40",837705,837753
1206,A,"2023-04-19 06:54:19","2023-04-19 08:17:40",837731,837753
1209,A,"2023-04-19 06:54:34","2023-04-19 07:24:04",837744,837646
1210,A,"2023-04-19 06:54:48","2023-04-19 06:56:56",837750,837646
1211,A,"2023-04-19 06:55:03","2023-04-19 06:58:26",837539,837754
1212,A,"2023-04-19 06:55:03","2023-04-20 02:29:52",837585,837754
1213,A,"2023-04-19 06:55:03","2023-04-19 06:57:01",837682,837754
1214,A,"2023-04-19 06:55:03","2023-04-19 07:04:55",837686,837754
1215,A,"2023-04-19 06:55:03","2023-04-19 06:55:15",837724,837754
1216,A,"2023-04-19 06:55:11","2023-04-20 13:19:04",837706,837697
1217,A,"2023-04-19 06:55:12","2023-04-19 09:33:15",837538,837755
1218,A,"2023-04-19 06:55:12","2023-04-19 09:29:38",837544,837755
1219,A,"2023-04-19 06:55:12","2023-04-19 07:06:39",837565,837755
1220,A,"2023-04-19 06:55:12","2023-04-19 07:22:12",837570,837755
1221,A,"2023-04-19 06:55:12","2023-04-19 07:02:46",837658,837755
1222,A,"2023-04-19 06:55:12","2023-04-19 08:41:20",837696,837755
1223,A,"2023-04-19 06:55:12","2023-04-19 06:58:40",837714,837755
1224,A,"2023-04-19 06:55:14","2023-04-19 07:02:52",837583,837642
1225,A,"2023-04-19 06:55:18","2023-04-19 06:58:03",837754,837697
1226,A,"2023-04-19 06:55:23","2023-04-22 01:03:15",837542,837756
1227,A,"2023-04-19 06:55:23","2023-05-01 03:32:36",837747,837756
1228,A,"2023-04-19 06:55:24","2023-04-19 06:57:16",837755,837555
1229,A,"2023-04-19 06:55:28","2023-04-19 06:58:30",837562,837755
1230,A,"2023-04-19 06:55:28","2023-04-19 06:57:52",837571,837755
1231,A,"2023-04-19 06:55:28","2023-04-19 06:55:44",837600,837755
1233,A,"2023-04-19 06:55:28","2023-04-19 08:52:52",837661,837755
1234,A,"2023-04-19 06:55:28","2023-04-19 06:58:27",837672,837755
1235,A,"2023-04-19 06:55:28","2023-04-19 08:17:40",837731,837755
1236,A,"2023-04-19 06:55:28","2023-04-19 09:02:30",837733,837755
1237,A,"2023-04-19 06:55:32","2023-04-19 07:37:47",837752,837600
1238,A,"2023-04-19 06:55:33","2023-04-19 08:52:51",837661,837751
1239,A,"2023-04-19 06:55:33","2023-04-19 07:26:14",837753,837600
1241,A,"2023-04-19 06:55:34","2023-04-19 06:58:26",837672,837751
1243,A,"2023-04-19 06:55:46","2023-04-19 06:57:15",837755,837751
1245,A,"2023-04-19 06:55:49","2023-04-19 08:04:01",837623,837757
1246,A,"2023-04-19 06:55:59","2023-04-19 08:28:55",837634,837758
1247,A,"2023-04-19 06:55:59","2023-04-19 06:56:38",837660,837758
1248,A,"2023-04-19 06:55:59","2023-04-19 06:57:31",837663,837758
1249,A,"2023-04-19 06:55:59","2023-04-19 06:57:00",837687,837758
1250,A,"2023-04-19 06:55:59","2023-04-19 07:51:43",837744,837758
1251,A,"2023-04-19 06:55:59","2023-04-19 06:56:55",837750,837758
1252,A,"2023-04-19 06:56:08","2023-04-20 06:53:47",837758,837600
1254,P,"2023-04-19 06:56:11","2023-04-19 06:56:11",837541,837697
1255,A,"2023-04-19 06:56:14","2023-04-19 07:42:34",837725,837728
1256,A,"2023-04-19 06:56:18","2023-04-19 08:28:54",837634,837759
1257,A,"2023-04-19 06:56:18","2023-04-19 06:56:36",837660,837759
1258,A,"2023-04-19 06:56:18","2023-04-19 06:57:29",837663,837759
1259,A,"2023-04-19 06:56:18","2023-04-19 06:56:59",837687,837759
1260,A,"2023-04-19 06:56:18","2023-04-19 07:51:41",837744,837759
1261,A,"2023-04-19 06:56:18","2023-04-19 06:56:50",837750,837759
1262,A,"2023-04-19 06:56:18","2023-04-20 06:53:47",837758,837759
1263,A,"2023-04-19 06:56:23","2023-04-19 15:43:04",837759,837600
1264,A,"2023-04-19 06:56:26","2023-04-19 07:01:39",837724,837689
1265,R,"2023-04-19 06:56:27","2023-04-19 09:53:37",837632,837600
1266,A,"2023-04-19 06:56:41","2023-04-19 12:56:20",837748,837751
1267,A,"2023-04-19 06:56:43","2023-04-19 07:21:38",837586,837751
1268,A,"2023-04-19 06:56:50","2023-04-19 07:51:41",837744,837642
1269,A,"2023-04-19 06:56:51","2023-04-19 08:04:52",837634,837760
1270,A,"2023-04-19 06:56:51","2023-04-19 06:57:29",837660,837760
1271,A,"2023-04-19 06:56:51","2023-04-19 06:57:26",837663,837760
1272,A,"2023-04-19 06:56:51","2023-04-19 06:56:58",837687,837760
1273,A,"2023-04-19 06:56:51","2023-04-19 07:51:40",837744,837760
1274,A,"2023-04-19 06:56:51","2023-04-19 06:58:47",837750,837760
1275,A,"2023-04-19 06:56:51","2023-04-20 06:53:47",837758,837760
1276,A,"2023-04-19 06:56:51","2023-04-19 12:49:33",837759,837760
1277,A,"2023-04-19 06:56:51","2023-04-19 06:58:45",837750,837642
1278,A,"2023-04-19 06:56:52","2023-04-19 06:58:44",837750,837737
1279,A,"2023-04-19 06:56:53","2023-04-19 08:41:17",837696,837737
1280,A,"2023-04-19 06:56:54","2023-04-19 06:58:09",837754,837722
1281,A,"2023-04-19 06:56:54","2023-04-19 07:51:12",837744,837537
1282,A,"2023-04-19 06:56:55","2023-04-19 07:37:42",837685,837668
1283,A,"2023-04-19 06:57:00","2023-04-19 08:41:15",837696,837750
1284,A,"2023-04-19 06:57:00","2023-04-19 06:59:23",837760,837600
1285,A,"2023-04-19 06:57:06","2023-04-19 06:59:21",837760,837751
1286,A,"2023-04-19 06:57:07","2023-04-19 06:57:10",837555,837760
1287,A,"2023-04-19 06:57:07","2023-04-19 06:58:35",837642,837760
