id,status,created_at,chosen_user_id,question_id,user_id,question_piece_id,has_read,answer_status,answer_updated_at,report_count,opened_times
771777,C,"2023-04-28 12:27:49",849469,252,849436,998458,0,N,"2023-04-28 12:27:49",0,0
771800,C,"2023-04-28 12:28:02",849446,244,849436,998459,0,N,"2023-04-28 12:28:02",0,0
771812,C,"2023-04-28 12:28:09",849454,183,849436,998460,1,N,"2023-04-28 12:28:09",0,0
771828,C,"2023-04-28 12:28:16",847375,101,849436,998461,0,N,"2023-04-28 12:28:16",0,0
771851,C,"2023-04-28 12:28:26",849477,209,849436,998462,1,N,"2023-04-28 12:28:26",0,0
771864,C,"2023-04-28 12:28:32",849670,239,849436,998463,0,N,"2023-04-28 12:28:32",0,0
771894,C,"2023-04-28 12:28:46",849682,247,847375,998689,0,N,"2023-04-28 12:28:46",0,0
771908,C,"2023-04-28 12:28:55",849446,146,849436,998464,0,N,"2023-04-28 12:28:55",0,0
771912,C,"2023-04-28 12:28:57",849479,228,847375,998691,0,N,"2023-04-28 12:28:57",0,0
771927,C,"2023-04-28 12:29:05",849864,188,847375,998693,0,N,"2023-04-28 12:29:05",0,0
771940,I,"2023-04-28 12:29:13",849634,297,849436,998465,1,N,"2023-04-28 12:29:13",0,1
771952,C,"2023-04-28 12:29:21",849442,294,849436,998466,0,N,"2023-04-28 12:29:21",0,0
771966,C,"2023-04-28 12:29:29",849452,237,849438,998588,0,N,"2023-04-28 12:29:29",0,0
771969,C,"2023-04-28 12:29:30",849446,133,847375,998695,0,N,"2023-04-28 12:29:30",0,0
771974,C,"2023-04-28 12:29:33",849453,201,849436,998467,0,N,"2023-04-28 12:29:33",0,0
771981,C,"2023-04-28 12:29:38",849864,152,847375,998697,0,N,"2023-04-28 12:29:38",0,0
771995,C,"2023-04-28 12:29:49",849543,138,849438,998589,0,N,"2023-04-28 12:29:49",0,0
772001,C,"2023-04-28 12:29:52",849541,313,849479,998938,0,N,"2023-04-28 12:29:52",0,0
772002,C,"2023-04-28 12:29:53",849682,312,847375,998699,0,N,"2023-04-28 12:29:53",0,0
772023,C,"2023-04-28 12:30:03",849503,177,849479,998939,1,N,"2023-04-28 12:30:03",0,0
772025,C,"2023-04-28 12:30:04",849450,99,847375,998700,0,N,"2023-04-28 12:30:04",0,0
772027,C,"2023-04-28 12:30:04",849634,184,849438,998590,1,N,"2023-04-28 12:30:04",0,0
772030,C,"2023-04-28 12:30:06",849475,198,849441,998948,0,N,"2023-04-28 12:30:06",0,0
772040,C,"2023-04-28 12:30:10",849455,223,849479,998940,0,N,"2023-04-28 12:30:10",0,0
772044,C,"2023-04-28 12:30:13",849436,261,847375,998702,0,N,"2023-04-28 12:30:13",0,0
772054,C,"2023-04-28 12:30:19",849490,157,849438,998591,0,N,"2023-04-28 12:30:19",0,0
772056,C,"2023-04-28 12:30:20",849452,177,847375,998704,0,N,"2023-04-28 12:30:20",0,0
772057,C,"2023-04-28 12:30:21",849455,138,849479,998941,0,N,"2023-04-28 12:30:21",0,0
772080,C,"2023-04-28 12:30:29",849475,276,849438,998592,0,N,"2023-04-28 12:30:29",0,0
772088,C,"2023-04-28 12:30:34",849436,195,847375,998706,0,N,"2023-04-28 12:30:34",0,0
772098,C,"2023-04-28 12:30:38",849566,274,849479,998943,0,N,"2023-04-28 12:30:38",0,0
772101,C,"2023-04-28 12:30:39",849439,135,849438,998593,0,N,"2023-04-28 12:30:39",0,0
772106,C,"2023-04-28 12:30:40",849512,286,849452,999058,0,N,"2023-04-28 12:30:40",0,0
772122,C,"2023-04-28 12:30:48",847375,251,849479,998944,0,N,"2023-04-28 12:30:48",0,0
772123,I,"2023-04-28 12:30:48",849489,209,849452,999059,0,N,"2023-04-28 12:30:48",0,1
772126,I,"2023-04-28 12:30:49",849488,257,849438,998594,1,N,"2023-04-28 12:30:49",0,2
772128,C,"2023-04-28 12:30:51",849488,102,849469,998813,1,N,"2023-04-28 12:30:51",0,0
772133,C,"2023-04-28 12:30:54",849566,150,849479,998945,0,N,"2023-04-28 12:30:54",0,0
772140,C,"2023-04-28 12:30:57",849549,218,849452,999060,0,N,"2023-04-28 12:30:57",0,0
772147,C,"2023-04-28 12:31:01",849549,280,849438,998595,0,N,"2023-04-28 12:31:01",0,0
772150,C,"2023-04-28 12:31:02",849455,280,849479,998946,0,N,"2023-04-28 12:31:02",0,0
772151,C,"2023-04-28 12:31:02",849446,173,849441,998949,0,N,"2023-04-28 12:31:02",0,0
772157,C,"2023-04-28 12:31:04",849441,186,849452,999061,0,N,"2023-04-28 12:31:04",0,0
772167,C,"2023-04-28 12:31:09",849503,215,849479,998947,1,N,"2023-04-28 12:31:09",0,0
772168,C,"2023-04-28 12:31:09",849464,187,849452,999062,0,N,"2023-04-28 12:31:09",0,0
772179,C,"2023-04-28 12:31:16",847375,156,849452,999063,0,N,"2023-04-28 12:31:16",0,0
772184,C,"2023-04-28 12:31:18",849493,251,849438,998597,1,N,"2023-04-28 12:31:18",0,0
772190,C,"2023-04-28 12:31:22",849452,142,849439,999199,0,N,"2023-04-28 12:31:22",0,0
772195,C,"2023-04-28 12:31:24",849464,185,849452,999064,0,N,"2023-04-28 12:31:24",0,0
772203,C,"2023-04-28 12:31:27",849436,192,849441,998950,0,N,"2023-04-28 12:31:27",0,0
772214,C,"2023-04-28 12:31:33",849692,188,849452,999065,0,N,"2023-04-28 12:31:33",0,0
772223,C,"2023-04-28 12:31:38",849488,142,849634,999129,1,N,"2023-04-28 12:31:38",0,0
772225,C,"2023-04-28 12:31:39",849487,163,849439,999200,0,N,"2023-04-28 12:31:39",0,0
772226,C,"2023-04-28 12:31:39",849543,151,849452,999066,0,N,"2023-04-28 12:31:39",0,0
772233,C,"2023-04-28 12:31:44",849445,195,849452,999067,0,N,"2023-04-28 12:31:44",0,0
772241,C,"2023-04-28 12:31:49",849548,258,849441,998951,1,N,"2023-04-28 12:31:49",0,0
772246,C,"2023-04-28 12:31:51",849450,203,849439,999201,0,N,"2023-04-28 12:31:51",0,0
772258,C,"2023-04-28 12:31:55",849623,122,849634,999131,0,N,"2023-04-28 12:31:55",0,0
772268,C,"2023-04-28 12:32:00",849543,113,849489,999459,0,N,"2023-04-28 12:32:00",0,0
772277,C,"2023-04-28 12:32:05",849471,180,849493,999438,0,N,"2023-04-28 12:32:05",0,0
772278,C,"2023-04-28 12:32:05",847375,267,849692,999448,0,N,"2023-04-28 12:32:05",0,0
772279,C,"2023-04-28 12:32:06",849452,183,849445,999488,0,N,"2023-04-28 12:32:06",0,0
772289,C,"2023-04-28 12:32:11",849634,199,849670,999329,1,N,"2023-04-28 12:32:11",0,0
772293,C,"2023-04-28 12:32:13",849498,227,849477,998768,1,N,"2023-04-28 12:32:13",0,0
772297,C,"2023-04-28 12:32:14",849439,314,849692,999449,0,N,"2023-04-28 12:32:14",0,0
772299,C,"2023-04-28 12:32:14",849452,226,849489,999462,0,N,"2023-04-28 12:32:14",0,0
772300,C,"2023-04-28 12:32:16",849549,170,849445,999489,0,N,"2023-04-28 12:32:16",0,0
772301,C,"2023-04-28 12:32:16",849543,253,849493,999439,0,N,"2023-04-28 12:32:16",0,0
772309,C,"2023-04-28 12:32:17",849475,233,849634,999132,0,N,"2023-04-28 12:32:17",0,0
772314,C,"2023-04-28 12:32:21",849864,272,849692,999450,0,N,"2023-04-28 12:32:21",0,0
772315,C,"2023-04-28 12:32:21",849436,189,849670,999330,0,N,"2023-04-28 12:32:21",0,0
772320,C,"2023-04-28 12:32:24",849452,106,849441,998952,0,N,"2023-04-28 12:32:24",0,0
772332,C,"2023-04-28 12:32:31",849502,134,849670,999331,0,N,"2023-04-28 12:32:31",0,0
772334,C,"2023-04-28 12:32:32",849439,256,849692,999452,0,N,"2023-04-28 12:32:32",0,0
772343,C,"2023-04-28 12:32:38",849762,143,849445,999490,0,N,"2023-04-28 12:32:38",0,0
772346,C,"2023-04-28 12:32:40",849864,212,849692,999453,0,N,"2023-04-28 12:32:40",0,0
772359,C,"2023-04-28 12:32:46",839670,222,849670,999332,0,N,"2023-04-28 12:32:46",0,0
772360,C,"2023-04-28 12:32:46",849475,108,849477,998770,0,N,"2023-04-28 12:32:46",0,0
772364,C,"2023-04-28 12:32:48",849452,154,849692,999454,0,N,"2023-04-28 12:32:48",0,0
772370,C,"2023-04-28 12:32:52",849502,128,849670,999333,0,N,"2023-04-28 12:32:52",0,0
772386,C,"2023-04-28 12:32:57",847375,305,849439,999203,0,N,"2023-04-28 12:32:57",0,0
772389,C,"2023-04-28 12:32:59",849864,303,849692,999455,0,N,"2023-04-28 12:32:59",0,0
772395,C,"2023-04-28 12:33:01",849543,164,849762,999698,0,N,"2023-04-28 12:33:01",0,0
772398,C,"2023-04-28 12:33:02",849439,155,849441,998953,0,N,"2023-04-28 12:33:02",0,0
772414,C,"2023-04-28 12:33:07",849512,258,849439,999204,0,N,"2023-04-28 12:33:07",0,0
772416,C,"2023-04-28 12:33:08",849452,263,849692,999457,0,N,"2023-04-28 12:33:08",0,0
772426,C,"2023-04-28 12:33:12",849445,297,849762,999699,0,N,"2023-04-28 12:33:12",0,0
772434,C,"2023-04-28 12:33:15",849489,238,849487,999603,0,N,"2023-04-28 12:33:15",0,0
772439,C,"2023-04-28 12:33:15",849464,314,849445,999491,0,N,"2023-04-28 12:33:15",0,0
772453,C,"2023-04-28 12:33:22",847375,147,849762,999700,0,N,"2023-04-28 12:33:22",0,0
772457,C,"2023-04-28 12:33:23",849436,324,849439,999205,0,N,"2023-04-28 12:33:23",0,0
772470,C,"2023-04-28 12:33:27",849477,226,849762,999701,1,N,"2023-04-28 12:33:27",0,0
772472,C,"2023-04-28 12:33:29",847375,177,849439,999206,0,N,"2023-04-28 12:33:29",0,0
772474,C,"2023-04-28 12:33:30",849634,99,849475,999008,0,N,"2023-04-28 12:33:30",0,0
772484,C,"2023-04-28 12:33:32",849490,211,849487,999605,0,N,"2023-04-28 12:33:32",0,0
772488,I,"2023-04-28 12:33:33",849446,245,849445,999492,0,N,"2023-04-28 12:33:33",0,1
772493,C,"2023-04-28 12:33:36",849488,229,849475,999009,1,N,"2023-04-28 12:33:36",0,0
772499,C,"2023-04-28 12:33:38",849445,299,849436,998918,0,N,"2023-04-28 12:33:38",0,0
772501,C,"2023-04-28 12:33:38",849441,176,849762,999702,0,N,"2023-04-28 12:33:38",0,0
772506,C,"2023-04-28 12:33:40",849475,147,849477,998771,0,N,"2023-04-28 12:33:40",0,0
772512,C,"2023-04-28 12:33:42",849441,297,849439,999207,0,N,"2023-04-28 12:33:42",0,0
772521,C,"2023-04-28 12:33:45",849441,248,849436,998919,0,N,"2023-04-28 12:33:45",0,0
772530,C,"2023-04-28 12:33:48",849464,263,849762,999703,0,N,"2023-04-28 12:33:48",0,0
772537,C,"2023-04-28 12:33:51",849436,303,849559,1000018,0,N,"2023-04-28 12:33:51",0,0
772541,C,"2023-04-28 12:33:52",849582,212,849864,1000028,0,N,"2023-04-28 12:33:52",0,0
772554,C,"2023-04-28 12:33:56",849498,201,849441,998954,1,N,"2023-04-28 12:33:56",0,0
772557,C,"2023-04-28 12:33:56",849452,288,849762,999704,0,N,"2023-04-28 12:33:56",0,0
772559,C,"2023-04-28 12:33:57",849497,241,849670,999334,0,N,"2023-04-28 12:33:57",0,0
772564,C,"2023-04-28 12:33:59",849515,224,849864,1000029,1,N,"2023-04-28 12:33:59",0,0
772567,C,"2023-04-28 12:34:00",849487,297,849477,998772,0,N,"2023-04-28 12:34:00",0,0
772583,C,"2023-04-28 12:34:05",849446,169,849436,998921,0,N,"2023-04-28 12:34:05",0,0
772590,C,"2023-04-28 12:34:06",849446,303,849445,999493,0,N,"2023-04-28 12:34:06",0,0
772594,C,"2023-04-28 12:34:07",849489,142,849864,1000030,0,N,"2023-04-28 12:34:07",0,0
772599,C,"2023-04-28 12:34:08",849475,140,849477,998773,0,N,"2023-04-28 12:34:08",0,0
772604,C,"2023-04-28 12:34:10",849620,188,849670,999336,0,N,"2023-04-28 12:34:10",0,0
772619,C,"2023-04-28 12:34:15",849451,279,849441,998955,0,N,"2023-04-28 12:34:15",0,0
772626,C,"2023-04-28 12:34:17",849548,201,849559,1000019,1,N,"2023-04-28 12:34:17",0,0
772628,I,"2023-04-28 12:34:17",849436,253,849477,998774,0,N,"2023-04-28 12:34:17",0,1
772629,C,"2023-04-28 12:34:18",849549,262,849864,1000031,0,N,"2023-04-28 12:34:18",0,0
772639,C,"2023-04-28 12:34:21",849441,203,849445,999494,0,N,"2023-04-28 12:34:21",0,0
772646,C,"2023-04-28 12:34:24",849471,184,849864,1000032,0,N,"2023-04-28 12:34:24",0,0
772661,C,"2023-04-28 12:34:29",849475,115,849477,998775,0,N,"2023-04-28 12:34:29",0,0
772665,C,"2023-04-28 12:34:29",849488,306,849436,998923,1,N,"2023-04-28 12:34:29",0,0
772666,C,"2023-04-28 12:34:31",849477,183,849469,998818,1,N,"2023-04-28 12:34:31",0,0
772672,C,"2023-04-28 12:34:33",849450,301,849864,1000033,0,N,"2023-04-28 12:34:33",0,0
772681,C,"2023-04-28 12:34:36",849450,223,849436,998924,0,N,"2023-04-28 12:34:36",0,0
772683,C,"2023-04-28 12:34:36",849452,179,849445,999495,0,N,"2023-04-28 12:34:36",0,0
772689,C,"2023-04-28 12:34:37",849634,209,849477,998776,0,N,"2023-04-28 12:34:37",0,0
772713,C,"2023-04-28 12:34:44",849453,117,849477,998777,0,N,"2023-04-28 12:34:44",0,0
772721,C,"2023-04-28 12:34:47",838597,309,849559,1000021,0,N,"2023-04-28 12:34:47",0,0
772726,C,"2023-04-28 12:34:48",847375,209,849864,1000034,0,N,"2023-04-28 12:34:48",0,0
772750,C,"2023-04-28 12:34:55",849475,294,849436,998925,0,N,"2023-04-28 12:34:55",0,0
772756,C,"2023-04-28 12:34:56",849515,265,849864,1000035,1,N,"2023-04-28 12:34:56",0,0
772759,C,"2023-04-28 12:34:56",838597,184,849559,1000022,0,N,"2023-04-28 12:34:56",0,0
772767,C,"2023-04-28 12:34:58",849438,316,849445,999496,0,N,"2023-04-28 12:34:58",0,0
772773,C,"2023-04-28 12:34:58",849549,109,849441,998956,0,N,"2023-04-28 12:34:58",0,0
772780,C,"2023-04-28 12:35:01",849692,232,849864,1000036,0,N,"2023-04-28 12:35:01",0,0
772796,C,"2023-04-28 12:35:05",849504,246,849559,1000023,0,N,"2023-04-28 12:35:05",0,0
772830,C,"2023-04-28 12:35:13",849452,153,849445,999497,0,N,"2023-04-28 12:35:13",0,0
772836,C,"2023-04-28 12:35:15",849515,127,849864,1000037,1,N,"2023-04-28 12:35:15",0,0
772840,C,"2023-04-28 12:35:15",849438,153,849454,1000671,0,N,"2023-04-28 12:35:15",0,0
772850,C,"2023-04-28 12:35:18",849442,244,849441,998957,0,N,"2023-04-28 12:35:18",0,0
772852,C,"2023-04-28 12:35:18",849441,205,849446,998694,0,N,"2023-04-28 12:35:18",0,0
772875,C,"2023-04-28 12:35:24",849488,301,849436,998927,1,N,"2023-04-28 12:35:24",0,0
772911,C,"2023-04-28 12:35:32",849453,177,849559,1000024,0,N,"2023-04-28 12:35:32",0,0
772938,C,"2023-04-28 12:35:38",849504,251,849446,998696,0,N,"2023-04-28 12:35:38",0,0
772959,C,"2023-04-28 12:35:42",839124,244,849559,1000025,0,N,"2023-04-28 12:35:42",0,0
773020,C,"2023-04-28 12:35:57",849503,248,849559,1000026,1,N,"2023-04-28 12:35:57",0,0
773026,C,"2023-04-28 12:35:58",849450,132,849504,1001139,0,N,"2023-04-28 12:35:58",0,0
773041,C,"2023-04-28 12:36:02",849548,127,849559,1000027,1,N,"2023-04-28 12:36:02",0,0
773047,C,"2023-04-28 12:36:05",849455,189,849446,998701,0,N,"2023-04-28 12:36:05",0,0
773083,C,"2023-04-28 12:36:15",849436,291,849446,998703,0,N,"2023-04-28 12:36:15",0,0
773123,C,"2023-04-28 12:36:30",838587,106,849504,1001141,0,N,"2023-04-28 12:36:30",0,0
773144,C,"2023-04-28 12:36:36",849455,246,849504,1001142,0,N,"2023-04-28 12:36:36",0,0
773151,C,"2023-04-28 12:36:38",849498,153,849762,999705,1,N,"2023-04-28 12:36:38",0,0
773166,C,"2023-04-28 12:36:41",849454,258,849504,1001143,1,N,"2023-04-28 12:36:41",0,0
773180,C,"2023-04-28 12:36:46",849549,230,849762,999706,0,N,"2023-04-28 12:36:46",0,0
773189,C,"2023-04-28 12:36:48",849455,161,849504,1001144,0,N,"2023-04-28 12:36:48",0,0
773206,C,"2023-04-28 12:36:52",849454,267,849762,999707,1,N,"2023-04-28 12:36:52",0,0
773222,C,"2023-04-28 12:36:58",849486,267,849504,1001145,0,N,"2023-04-28 12:36:58",0,0
773246,C,"2023-04-28 12:37:06",849682,296,849504,1001146,0,N,"2023-04-28 12:37:06",0,0
773259,C,"2023-04-28 12:37:09",849439,247,849446,998707,0,N,"2023-04-28 12:37:09",0,0
773270,C,"2023-04-28 12:37:13",849436,168,849475,999010,0,N,"2023-04-28 12:37:13",0,0
773284,C,"2023-04-28 12:37:18",849441,315,849475,999011,0,N,"2023-04-28 12:37:18",0,0
773303,C,"2023-04-28 12:37:23",849486,150,849504,1001147,0,N,"2023-04-28 12:37:23",0,0
773322,C,"2023-04-28 12:37:32",849670,254,849475,999012,0,N,"2023-04-28 12:37:32",0,0
773355,C,"2023-04-28 12:37:47",849477,145,849475,999013,1,N,"2023-04-28 12:37:47",0,0
773747,C,"2023-04-28 12:40:24",849454,247,849475,999014,1,N,"2023-04-28 12:40:24",0,0
773843,C,"2023-04-28 12:40:53",849454,312,849475,999016,1,N,"2023-04-28 12:40:53",0,0
773862,C,"2023-04-28 12:41:00",849503,203,849566,999679,1,N,"2023-04-28 12:41:00",0,0
773894,C,"2023-04-28 12:41:09",849503,290,849566,999680,1,N,"2023-04-28 12:41:09",0,0
773972,C,"2023-04-28 12:41:35",849541,109,849566,999683,0,N,"2023-04-28 12:41:35",0,0
773997,I,"2023-04-28 12:41:45",849479,117,849566,999684,0,N,"2023-04-28 12:41:45",0,1
774049,C,"2023-04-28 12:42:03",849541,276,849566,999685,0,N,"2023-04-28 12:42:03",0,0
774066,C,"2023-04-28 12:42:13",849558,313,849503,1002629,0,N,"2023-04-28 12:42:13",0,0
774110,C,"2023-04-28 12:42:34",849504,269,849503,1002633,0,N,"2023-04-28 12:42:34",0,0
774118,C,"2023-04-28 12:42:40",849479,178,849503,1002634,0,N,"2023-04-28 12:42:40",0,0
774124,C,"2023-04-28 12:42:42",849493,305,849471,1002998,0,N,"2023-04-28 12:42:42",0,0
774132,C,"2023-04-28 12:42:46",849504,306,849503,1002635,0,N,"2023-04-28 12:42:46",0,0
774152,C,"2023-04-28 12:42:53",849452,167,849471,1002999,0,N,"2023-04-28 12:42:53",0,0
774170,C,"2023-04-28 12:43:02",849623,129,849471,1003000,0,N,"2023-04-28 12:43:02",0,0
774188,C,"2023-04-28 12:43:10",849450,170,849471,1003001,0,N,"2023-04-28 12:43:10",0,0
774209,C,"2023-04-28 12:43:18",849512,172,849471,1003002,0,N,"2023-04-28 12:43:18",0,0
774235,C,"2023-04-28 12:43:30",849439,115,849471,1003003,0,N,"2023-04-28 12:43:30",0,0
774259,C,"2023-04-28 12:43:38",849489,259,849471,1003004,0,N,"2023-04-28 12:43:38",0,0
774271,C,"2023-04-28 12:43:42",849471,210,849493,999440,0,N,"2023-04-28 12:43:42",0,0
774282,C,"2023-04-28 12:43:47",847375,123,849471,1003005,0,N,"2023-04-28 12:43:47",0,0
774291,C,"2023-04-28 12:43:51",849471,196,849493,999441,0,N,"2023-04-28 12:43:51",0,0
774295,C,"2023-04-28 12:43:52",838303,108,849443,1003488,0,N,"2023-04-28 12:43:52",0,0
774309,C,"2023-04-28 12:43:56",849452,226,849471,1003006,0,N,"2023-04-28 12:43:56",0,0
774314,C,"2023-04-28 12:43:57",849488,162,849493,999442,1,N,"2023-04-28 12:43:57",0,0
774329,C,"2023-04-28 12:44:03",838303,272,849443,1003489,0,N,"2023-04-28 12:44:03",0,0
774332,C,"2023-04-28 12:44:06",849452,154,849471,1003007,0,N,"2023-04-28 12:44:06",0,0
774335,C,"2023-04-28 12:44:07",849471,250,849493,999443,0,N,"2023-04-28 12:44:07",0,0
774375,C,"2023-04-28 12:44:25",849488,217,849493,999445,1,N,"2023-04-28 12:44:25",0,0
774394,C,"2023-04-28 12:44:34",849471,133,849493,999446,0,N,"2023-04-28 12:44:34",0,0
774486,C,"2023-04-28 12:45:33",849498,217,849558,1003849,1,N,"2023-04-28 12:45:33",0,0
774507,C,"2023-04-28 12:45:44",849436,171,849558,1003850,0,N,"2023-04-28 12:45:44",0,0
774517,C,"2023-04-28 12:45:50",849441,244,849558,1003851,0,N,"2023-04-28 12:45:50",0,0
774544,C,"2023-04-28 12:46:05",849438,288,849558,1003853,0,N,"2023-04-28 12:46:05",0,0
774559,I,"2023-04-28 12:46:14",849503,110,849558,1003854,1,N,"2023-04-28 12:46:14",0,1
774581,C,"2023-04-28 12:46:25",849452,324,849558,1003855,0,N,"2023-04-28 12:46:25",0,0
774602,C,"2023-04-28 12:46:34",849436,309,849558,1003856,0,N,"2023-04-28 12:46:34",0,0
774622,C,"2023-04-28 12:46:43",849436,195,849558,1003857,0,N,"2023-04-28 12:46:43",0,0
774876,C,"2023-04-28 12:48:19",849438,278,849475,999017,0,N,"2023-04-28 12:48:19",0,0
775046,C,"2023-04-28 12:49:53",849498,262,849620,1004549,1,N,"2023-04-28 12:49:53",0,0
775066,C,"2023-04-28 12:50:07",849442,171,849620,1004550,0,N,"2023-04-28 12:50:07",0,0
775102,C,"2023-04-28 12:50:22",849558,236,849620,1004552,0,N,"2023-04-28 12:50:22",0,0
775127,C,"2023-04-28 12:50:33",849446,309,849620,1004553,0,N,"2023-04-28 12:50:33",0,0
775152,C,"2023-04-28 12:50:43",849442,100,849620,1004554,0,N,"2023-04-28 12:50:43",0,0
775176,C,"2023-04-28 12:50:52",849558,247,849620,1004555,0,N,"2023-04-28 12:50:52",0,0
775205,C,"2023-04-28 12:51:04",849558,312,849620,1004557,0,N,"2023-04-28 12:51:04",0,0
775292,C,"2023-04-28 12:51:35",849438,274,849443,1003491,0,N,"2023-04-28 12:51:35",0,0
775335,C,"2023-04-28 12:51:50",847375,165,849443,1003493,0,N,"2023-04-28 12:51:50",0,0
775366,C,"2023-04-28 12:52:02",849460,192,849443,1003494,0,N,"2023-04-28 12:52:02",0,0
775410,C,"2023-04-28 12:52:20",849439,306,849443,1003497,0,N,"2023-04-28 12:52:20",0,0
775430,C,"2023-04-28 12:52:30",849436,258,849497,1004878,0,N,"2023-04-28 12:52:30",0,0
775488,C,"2023-04-28 12:52:56",849439,269,849444,1002498,0,N,"2023-04-28 12:52:56",0,0
775611,C,"2023-04-28 12:53:38",849464,236,849444,1002499,0,N,"2023-04-28 12:53:38",0,0
775634,C,"2023-04-28 12:53:46",847375,317,849444,1002500,0,N,"2023-04-28 12:53:46",0,0
775696,C,"2023-04-28 12:54:08",849460,296,849444,1002502,1,N,"2023-04-28 12:54:08",0,0
775726,I,"2023-04-28 12:54:18",849460,152,849444,1002503,0,N,"2023-04-28 12:54:18",0,1
775749,C,"2023-04-28 12:54:27",849452,320,849444,1002504,0,N,"2023-04-28 12:54:27",0,0
775756,C,"2023-04-28 12:54:31",849441,269,849543,1005678,0,N,"2023-04-28 12:54:31",0,0
775765,C,"2023-04-28 12:54:34",849451,118,849444,1002505,0,N,"2023-04-28 12:54:34",0,0
775781,C,"2023-04-28 12:54:40",849452,279,849543,1005679,0,N,"2023-04-28 12:54:40",0,0
775815,C,"2023-04-28 12:54:53",849488,118,849543,1005681,1,N,"2023-04-28 12:54:53",0,0
775830,C,"2023-04-28 12:54:59",849445,291,849444,1002506,0,N,"2023-04-28 12:54:59",0,0
775853,C,"2023-04-28 12:55:09",849762,297,849922,1005458,0,N,"2023-04-28 12:55:09",0,0
775872,C,"2023-04-28 12:55:14",849634,228,849922,1005459,0,N,"2023-04-28 12:55:14",0,0
775875,C,"2023-04-28 12:55:16",849439,243,849444,1002507,0,N,"2023-04-28 12:55:16",0,0
775879,C,"2023-04-28 12:55:19",849543,181,849466,1000072,0,N,"2023-04-28 12:55:19",0,0
775890,C,"2023-04-28 12:55:21",849471,320,849922,1005460,0,N,"2023-04-28 12:55:21",0,0
775903,C,"2023-04-28 12:55:26",849498,171,849466,1000073,0,N,"2023-04-28 12:55:26",0,0
775906,C,"2023-04-28 12:55:27",849634,254,849922,1005461,0,N,"2023-04-28 12:55:27",0,0
775917,C,"2023-04-28 12:55:33",849634,172,849922,1005462,0,N,"2023-04-28 12:55:33",0,0
775927,C,"2023-04-28 12:55:37",849512,155,849543,1005682,0,N,"2023-04-28 12:55:37",0,0
775931,C,"2023-04-28 12:55:39",849634,123,849922,1005463,0,N,"2023-04-28 12:55:39",0,0
775950,C,"2023-04-28 12:55:50",847375,168,849922,1005464,0,N,"2023-04-28 12:55:50",0,0
775959,C,"2023-04-28 12:55:56",849634,131,849922,1005465,0,N,"2023-04-28 12:55:56",0,0
775971,C,"2023-04-28 12:56:03",838407,194,849922,1005466,0,N,"2023-04-28 12:56:03",0,0
775980,C,"2023-04-28 12:56:09",849634,252,849922,1005467,0,N,"2023-04-28 12:56:09",0,0
776104,C,"2023-04-28 12:57:19",849438,246,849464,999278,0,N,"2023-04-28 12:57:19",0,0
776106,C,"2023-04-28 12:57:21",849438,293,849543,1005684,0,N,"2023-04-28 12:57:21",0,0
776127,C,"2023-04-28 12:57:30",849762,127,849543,1005685,0,N,"2023-04-28 12:57:30",0,0
776131,C,"2023-04-28 12:57:33",849464,224,849442,1005498,0,N,"2023-04-28 12:57:33",0,0
776134,C,"2023-04-28 12:57:35",849502,275,849464,999279,0,N,"2023-04-28 12:57:35",0,0
776148,C,"2023-04-28 12:57:43",849466,265,849464,999280,0,N,"2023-04-28 12:57:43",0,0
776163,C,"2023-04-28 12:57:50",849445,130,849464,999281,0,N,"2023-04-28 12:57:50",0,0
776164,C,"2023-04-28 12:57:51",849443,213,849442,1005500,0,N,"2023-04-28 12:57:51",0,0
776181,C,"2023-04-28 12:58:01",849446,196,849464,999282,0,N,"2023-04-28 12:58:01",0,0
776183,C,"2023-04-28 12:58:01",849445,150,849543,1005687,0,N,"2023-04-28 12:58:01",0,0
776192,C,"2023-04-28 12:58:06",849452,259,849442,1005502,0,N,"2023-04-28 12:58:06",0,0
776212,C,"2023-04-28 12:58:16",849436,317,849464,999283,0,N,"2023-04-28 12:58:16",0,0
776226,C,"2023-04-28 12:58:22",849450,230,849442,1005504,0,N,"2023-04-28 12:58:22",0,0
776229,C,"2023-04-28 12:58:24",849439,231,849464,999284,0,N,"2023-04-28 12:58:24",0,0
776234,C,"2023-04-28 12:58:26",849445,301,849450,1006528,0,N,"2023-04-28 12:58:26",0,0
776255,C,"2023-04-28 12:58:36",849503,245,849442,1005505,1,N,"2023-04-28 12:58:36",0,0
776261,C,"2023-04-28 12:58:39",849451,244,849450,1006529,0,N,"2023-04-28 12:58:39",0,0
776264,C,"2023-04-28 12:58:41",838642,106,849442,1005506,0,N,"2023-04-28 12:58:41",0,0
776276,C,"2023-04-28 12:58:49",849436,254,849442,1005507,0,N,"2023-04-28 12:58:49",0,0
776314,I,"2023-04-28 12:59:08",849528,286,849450,1006530,0,N,"2023-04-28 12:59:08",0,1
776335,C,"2023-04-28 12:59:20",849535,204,849450,1006531,0,N,"2023-04-28 12:59:20",0,0
776350,C,"2023-04-28 12:59:31",849436,265,849450,1006532,0,N,"2023-04-28 12:59:31",0,0
776370,C,"2023-04-28 12:59:43",849450,285,849464,999286,0,N,"2023-04-28 12:59:43",0,0
776375,C,"2023-04-28 12:59:44",849528,246,849450,1006533,0,N,"2023-04-28 12:59:44",0,0
776396,C,"2023-04-28 12:59:56",838587,133,849450,1006534,0,N,"2023-04-28 12:59:56",0,0
776423,C,"2023-04-28 13:00:06",849548,170,849450,1006535,1,N,"2023-04-28 13:00:06",0,0
776456,C,"2023-04-28 13:00:22",840976,148,849103,1006938,0,N,"2023-04-28 13:00:22",0,0
776468,C,"2023-04-28 13:00:29",843688,202,849103,1006939,0,N,"2023-04-28 13:00:29",0,0
776484,C,"2023-04-28 13:00:37",849453,141,849450,1006537,0,N,"2023-04-28 13:00:37",0,0
776491,C,"2023-04-28 13:00:41",846627,224,849103,1006940,0,N,"2023-04-28 13:00:41",0,0
776522,C,"2023-04-28 13:00:54",834112,128,849103,1006941,0,N,"2023-04-28 13:00:54",0,0
776540,C,"2023-04-28 13:01:04",842125,247,849103,1006942,0,N,"2023-04-28 13:01:04",0,0
776554,C,"2023-04-28 13:01:09",843688,201,849103,1006943,0,N,"2023-04-28 13:01:09",0,0
776624,C,"2023-04-28 13:01:47",849095,137,849103,1006945,1,N,"2023-04-28 13:01:47",0,0
776632,C,"2023-04-28 13:01:51",849438,222,849946,1007058,0,N,"2023-04-28 13:01:51",0,0
776646,C,"2023-04-28 13:01:58",848548,159,849103,1006946,0,N,"2023-04-28 13:01:58",0,0
776658,C,"2023-04-28 13:02:02",849558,308,849946,1007059,0,N,"2023-04-28 13:02:02",0,0
776823,C,"2023-04-28 13:03:10",849558,129,849946,1007061,0,N,"2023-04-28 13:03:10",0,0
776850,C,"2023-04-28 13:03:24",849762,179,849451,1006729,0,N,"2023-04-28 13:03:24",0,0
776869,C,"2023-04-28 13:03:34",849439,269,849451,1006730,0,N,"2023-04-28 13:03:34",0,0
776903,C,"2023-04-28 13:03:58",849502,128,849451,1006731,0,N,"2023-04-28 13:03:58",0,0
776913,C,"2023-04-28 13:04:05",849490,286,849488,1006888,0,N,"2023-04-28 13:04:05",0,0
776994,C,"2023-04-28 13:04:49",849442,271,849451,1006734,0,N,"2023-04-28 13:04:49",0,0
777012,C,"2023-04-28 13:04:55",849436,202,849497,1004879,0,N,"2023-04-28 13:04:55",0,0
777021,C,"2023-04-28 13:05:01",849938,307,849451,1006735,1,N,"2023-04-28 13:05:01",0,0
777049,C,"2023-04-28 13:05:10",849469,177,849497,1004881,0,N,"2023-04-28 13:05:10",0,0
777089,C,"2023-04-28 13:05:30",849634,281,849497,1004883,1,N,"2023-04-28 13:05:30",0,0
777104,C,"2023-04-28 13:05:35",849477,227,849497,1004884,1,N,"2023-04-28 13:05:35",0,0
777128,C,"2023-04-28 13:05:45",847375,218,849488,1006889,0,N,"2023-04-28 13:05:45",0,0
777133,C,"2023-04-28 13:05:46",849489,265,849490,1005951,0,N,"2023-04-28 13:05:46",0,0
777166,C,"2023-04-28 13:06:00",849762,220,849981,1008068,0,N,"2023-04-28 13:06:00",0,0
777173,C,"2023-04-28 13:06:03",849438,278,849490,1005953,0,N,"2023-04-28 13:06:03",0,0
777181,C,"2023-04-28 13:06:07",849441,172,849981,1008069,0,N,"2023-04-28 13:06:07",0,0
777182,C,"2023-04-28 13:06:08",849452,146,849488,1006890,0,N,"2023-04-28 13:06:08",0,0
777185,C,"2023-04-28 13:06:10",849543,178,849490,1005954,0,N,"2023-04-28 13:06:10",0,0
777195,C,"2023-04-28 13:06:15",847375,203,849981,1008070,0,N,"2023-04-28 13:06:15",0,0
777205,C,"2023-04-28 13:06:20",849549,235,849981,1008071,0,N,"2023-04-28 13:06:20",0,0
777219,C,"2023-04-28 13:06:26",847375,258,849981,1008072,0,N,"2023-04-28 13:06:26",0,0
777232,C,"2023-04-28 13:06:32",849452,152,849981,1008073,0,N,"2023-04-28 13:06:32",0,0
777249,C,"2023-04-28 13:06:37",849498,279,849981,1008074,0,N,"2023-04-28 13:06:37",0,0
777258,C,"2023-04-28 13:06:42",849762,223,849981,1008075,0,N,"2023-04-28 13:06:42",0,0
777272,C,"2023-04-28 13:06:47",849512,233,849981,1008076,0,N,"2023-04-28 13:06:47",0,0
777286,C,"2023-04-28 13:06:54",849543,159,849983,1008158,0,N,"2023-04-28 13:06:54",0,0
777332,C,"2023-04-28 13:07:15",849493,218,849983,1008160,0,N,"2023-04-28 13:07:15",0,0
777358,C,"2023-04-28 13:07:29",849477,284,849983,1008161,1,N,"2023-04-28 13:07:29",0,0
777375,C,"2023-04-28 13:07:35",849974,225,849983,1008162,0,N,"2023-04-28 13:07:35",0,0
777432,C,"2023-04-28 13:08:05",849489,120,849983,1008164,0,N,"2023-04-28 13:08:05",0,0
777448,C,"2023-04-28 13:08:13",849439,258,849488,1006891,0,N,"2023-04-28 13:08:13",0,0
777473,C,"2023-04-28 13:08:21",849471,256,849488,1006892,0,N,"2023-04-28 13:08:21",0,0
777485,I,"2023-04-28 13:08:26",849963,182,849983,1008165,0,N,"2023-04-28 13:08:26",0,1
777511,C,"2023-04-28 13:08:36",849487,160,849983,1008166,0,N,"2023-04-28 13:08:36",0,0
777570,C,"2023-04-28 13:09:05",849497,245,849995,1008748,0,N,"2023-04-28 13:09:05",0,0
777643,C,"2023-04-28 13:09:38",849436,112,849995,1008751,0,N,"2023-04-28 13:09:38",0,0
777661,C,"2023-04-28 13:09:50",849497,247,849995,1008753,0,N,"2023-04-28 13:09:50",0,0
777678,C,"2023-04-28 13:09:59",849995,310,849497,1004885,0,N,"2023-04-28 13:09:59",0,0
777681,C,"2023-04-28 13:10:02",837723,133,849995,1008755,0,N,"2023-04-28 13:10:02",0,0
777719,C,"2023-04-28 13:10:22",849634,246,849497,1004887,1,N,"2023-04-28 13:10:22",0,0
777731,C,"2023-04-28 13:10:28",849983,241,849974,1008478,0,N,"2023-04-28 13:10:28",0,0
777775,C,"2023-04-28 13:10:57",849983,212,849974,1008479,0,N,"2023-04-28 13:10:57",0,0
777797,C,"2023-04-28 13:11:10",849477,200,849974,1008480,1,N,"2023-04-28 13:11:10",0,0
777801,C,"2023-04-28 13:11:13",849450,310,849445,1000828,0,N,"2023-04-28 13:11:13",0,0
777825,C,"2023-04-28 13:11:27",839124,113,849974,1008481,0,N,"2023-04-28 13:11:27",0,0
777833,C,"2023-04-28 13:11:31",849479,119,850007,1009132,0,N,"2023-04-28 13:11:31",0,0
777846,C,"2023-04-28 13:11:37",849983,230,849974,1008482,0,N,"2023-04-28 13:11:37",0,0
777847,C,"2023-04-28 13:11:37",849995,164,850007,1009133,0,N,"2023-04-28 13:11:37",0,0
777858,C,"2023-04-28 13:11:43",839124,293,849974,1008483,0,N,"2023-04-28 13:11:43",0,0
777880,C,"2023-04-28 13:11:54",849582,307,849974,1008484,0,N,"2023-04-28 13:11:54",0,0
777902,C,"2023-04-28 13:12:04",849477,268,849974,1008485,1,N,"2023-04-28 13:12:04",0,0
777913,C,"2023-04-28 13:12:10",839124,264,849974,1008486,0,N,"2023-04-28 13:12:10",0,0
777949,C,"2023-04-28 13:12:25",849981,319,849445,1000829,0,N,"2023-04-28 13:12:25",0,0
777953,C,"2023-04-28 13:12:26",849634,235,849488,1006893,0,N,"2023-04-28 13:12:26",0,0
777978,C,"2023-04-28 13:12:40",849453,136,850006,1009118,0,N,"2023-04-28 13:12:40",0,0
778005,C,"2023-04-28 13:12:50",849983,128,849488,1006894,0,N,"2023-04-28 13:12:50",0,0
778038,C,"2023-04-28 13:13:07",849974,270,850006,1009119,1,N,"2023-04-28 13:13:07",0,0
778060,C,"2023-04-28 13:13:18",849439,286,850006,1009120,0,N,"2023-04-28 13:13:18",0,0
778061,C,"2023-04-28 13:13:18",849477,208,849488,1006895,1,N,"2023-04-28 13:13:18",0,0
778081,C,"2023-04-28 13:13:27",849983,114,850006,1009121,0,N,"2023-04-28 13:13:27",0,0
778084,C,"2023-04-28 13:13:28",849623,121,849488,1006896,0,N,"2023-04-28 13:13:28",0,0
778104,C,"2023-04-28 13:13:35",849512,290,849445,1000830,0,N,"2023-04-28 13:13:35",0,0
778111,C,"2023-04-28 13:13:36",849493,317,850006,1009122,0,N,"2023-04-28 13:13:36",0,0
778113,C,"2023-04-28 13:13:38",849493,260,849488,1006897,0,N,"2023-04-28 13:13:38",0,0
778142,C,"2023-04-28 13:13:51",849974,226,850006,1009123,0,N,"2023-04-28 13:13:51",0,0
778165,C,"2023-04-28 13:14:02",849439,164,850006,1009124,0,N,"2023-04-28 13:14:02",0,0
778243,C,"2023-04-28 13:14:34",849548,200,850006,1009125,1,P,"2023-05-06 16:49:33",0,0
778293,C,"2023-04-28 13:14:57",849928,260,849445,1000831,0,N,"2023-04-28 13:14:57",0,0
778296,I,"2023-04-28 13:15:00",849466,183,849460,1009798,0,N,"2023-04-28 13:15:00",0,1
778302,C,"2023-04-28 13:15:02",849974,119,850006,1009127,0,N,"2023-04-28 13:15:02",0,0
778309,C,"2023-04-28 13:15:07",849558,230,849460,1009799,0,N,"2023-04-28 13:15:07",0,0
778335,C,"2023-04-28 13:15:19",849466,304,849460,1009800,0,N,"2023-04-28 13:15:19",0,0
778376,C,"2023-04-28 13:15:35",849452,120,849460,1009802,0,N,"2023-04-28 13:15:35",0,0
778391,C,"2023-04-28 13:15:45",849439,200,849460,1009803,0,N,"2023-04-28 13:15:45",0,0
778580,C,"2023-04-28 13:17:20",849439,108,849445,1000832,0,N,"2023-04-28 13:17:20",0,0
778695,I,"2023-04-28 13:18:14",849983,210,850039,1010379,0,N,"2023-04-28 13:18:14",0,1
778777,C,"2023-04-28 13:18:49",849528,301,850031,1010133,0,N,"2023-04-28 13:18:49",0,0
778782,C,"2023-04-28 13:18:51",849454,225,850039,1010383,1,N,"2023-04-28 13:18:51",0,0
778793,C,"2023-04-28 13:18:57",849512,128,850031,1010134,0,N,"2023-04-28 13:18:57",0,0
778824,C,"2023-04-28 13:19:10",847375,235,850039,1010384,0,N,"2023-04-28 13:19:10",0,0
778860,C,"2023-04-28 13:19:31",849504,181,850039,1010386,0,N,"2023-04-28 13:19:31",0,0
778880,C,"2023-04-28 13:19:42",849504,175,850039,1010387,0,N,"2023-04-28 13:19:42",0,0
779312,C,"2023-04-28 13:22:47",849452,155,849445,1000833,0,N,"2023-04-28 13:22:47",0,0
779315,C,"2023-04-28 13:22:48",849441,141,849452,999428,0,N,"2023-04-28 13:22:48",0,0
779331,C,"2023-04-28 13:22:55",849471,192,849452,999429,0,N,"2023-04-28 13:22:55",0,0
779357,C,"2023-04-28 13:23:06",849487,298,849479,999208,0,N,"2023-04-28 13:23:06",0,0
779359,C,"2023-04-28 13:23:07",849460,154,849452,999430,1,N,"2023-04-28 13:23:07",0,0
779373,C,"2023-04-28 13:23:11",849452,291,849445,1000834,0,N,"2023-04-28 13:23:11",0,0
779380,C,"2023-04-28 13:23:13",849692,143,849452,999431,0,N,"2023-04-28 13:23:13",0,0
779395,C,"2023-04-28 13:23:19",849455,310,849452,999432,0,N,"2023-04-28 13:23:19",0,0
779398,C,"2023-04-28 13:23:19",849487,272,849479,999209,0,N,"2023-04-28 13:23:19",0,0
779407,C,"2023-04-28 13:23:23",849512,182,849445,1000835,0,N,"2023-04-28 13:23:23",0,0
779412,C,"2023-04-28 13:23:25",849512,307,849452,999433,0,N,"2023-04-28 13:23:25",0,0
779414,C,"2023-04-28 13:23:26",849489,293,849438,999258,0,N,"2023-04-28 13:23:26",0,0
779436,C,"2023-04-28 13:23:35",849450,290,849452,999434,0,N,"2023-04-28 13:23:35",0,0
779447,C,"2023-04-28 13:23:38",850039,110,849438,999259,0,N,"2023-04-28 13:23:38",0,0
779459,C,"2023-04-28 13:23:43",846424,322,849452,999435,1,N,"2023-04-28 13:23:43",0,0
779487,C,"2023-04-28 13:23:50",849442,210,849438,999260,0,N,"2023-04-28 13:23:50",0,0
779488,C,"2023-04-28 13:23:51",849543,287,849445,1000836,0,N,"2023-04-28 13:23:51",0,0
779508,C,"2023-04-28 13:23:58",849762,249,849438,999261,0,N,"2023-04-28 13:23:58",0,0
779509,C,"2023-04-28 13:23:59",849469,237,850058,1011628,0,N,"2023-04-28 13:23:59",0,0
779513,I,"2023-04-28 13:23:59",849438,155,849452,999436,1,N,"2023-04-28 13:23:59",0,1
779528,C,"2023-04-28 13:24:04",849981,230,849445,1000839,0,N,"2023-04-28 13:24:04",0,0
779533,C,"2023-04-28 13:24:06",849762,304,849452,999437,0,N,"2023-04-28 13:24:06",0,0
779537,C,"2023-04-28 13:24:09",849443,117,849438,999262,0,N,"2023-04-28 13:24:09",0,0
779546,C,"2023-04-28 13:24:12",849682,266,849479,999213,0,N,"2023-04-28 13:24:12",0,0
779555,C,"2023-04-28 13:24:14",849439,157,849692,999848,0,N,"2023-04-28 13:24:14",0,0
779557,C,"2023-04-28 13:24:15",849995,299,850058,1011629,1,N,"2023-04-28 13:24:15",0,0
779564,C,"2023-04-28 13:24:20",849922,218,849438,999263,0,N,"2023-04-28 13:24:20",0,0
779577,C,"2023-04-28 13:24:26",849503,163,849479,999214,1,N,"2023-04-28 13:24:26",0,0
779578,C,"2023-04-28 13:24:26",849452,275,850058,1011630,0,N,"2023-04-28 13:24:26",0,0
779582,C,"2023-04-28 13:24:28",849582,207,849692,999850,0,N,"2023-04-28 13:24:28",0,0
779589,C,"2023-04-28 13:24:33",849488,324,849438,999264,1,N,"2023-04-28 13:24:33",0,0
779590,C,"2023-04-28 13:24:33",849504,129,849479,999215,0,N,"2023-04-28 13:24:33",0,0
779594,C,"2023-04-28 13:24:34",849452,172,850058,1011631,0,N,"2023-04-28 13:24:34",0,0
779601,C,"2023-04-28 13:24:37",849452,302,849692,999851,0,N,"2023-04-28 13:24:37",0,0
779614,C,"2023-04-28 13:24:44",849452,204,850058,1011632,0,N,"2023-04-28 13:24:44",0,0
779618,C,"2023-04-28 13:24:44",849439,99,849438,999265,0,N,"2023-04-28 13:24:44",0,0
779630,C,"2023-04-28 13:24:50",849452,212,849692,999852,0,N,"2023-04-28 13:24:50",0,0
779635,C,"2023-04-28 13:24:52",850007,290,849479,999217,0,N,"2023-04-28 13:24:52",0,0
779643,I,"2023-04-28 13:24:56",849981,208,849438,999266,0,N,"2023-04-28 13:24:56",0,1
779650,C,"2023-04-28 13:24:58",849438,305,850058,1011634,0,N,"2023-04-28 13:24:58",0,0
779666,C,"2023-04-28 13:25:06",850058,102,849438,999267,0,N,"2023-04-28 13:25:06",0,0
779669,C,"2023-04-28 13:25:07",849582,312,849489,999670,0,N,"2023-04-28 13:25:07",0,0
779670,C,"2023-04-28 13:25:07",849543,130,849487,1000159,0,N,"2023-04-28 13:25:07",0,0
779680,C,"2023-04-28 13:25:12",849452,201,850058,1011635,0,N,"2023-04-28 13:25:12",0,0
779691,C,"2023-04-28 13:25:19",849488,150,849489,999671,1,N,"2023-04-28 13:25:19",0,0
779694,C,"2023-04-28 13:25:20",849452,320,849692,999853,0,N,"2023-04-28 13:25:20",0,0
779698,C,"2023-04-28 13:25:21",849438,128,850058,1011636,0,N,"2023-04-28 13:25:21",0,0
779710,C,"2023-04-28 13:25:28",849453,218,849487,1000160,0,N,"2023-04-28 13:25:28",0,0
779712,C,"2023-04-28 13:25:29",849864,217,849692,999854,0,N,"2023-04-28 13:25:29",0,0
779726,C,"2023-04-28 13:25:34",849582,318,849692,999855,0,N,"2023-04-28 13:25:34",0,0
779742,C,"2023-04-28 13:25:42",849452,134,849692,999856,0,N,"2023-04-28 13:25:42",0,0
779749,C,"2023-04-28 13:25:45",849489,288,849487,1000161,0,N,"2023-04-28 13:25:45",0,0
779764,C,"2023-04-28 13:25:51",849670,279,849436,1000978,0,N,"2023-04-28 13:25:51",0,0
779767,C,"2023-04-28 13:25:52",849452,124,849692,999857,0,N,"2023-04-28 13:25:52",0,0
779813,C,"2023-04-28 13:26:15",850007,293,850057,1011239,0,N,"2023-04-28 13:26:15",0,0
779818,C,"2023-04-28 13:26:19",849475,296,849469,1001048,0,N,"2023-04-28 13:26:19",0,0
779820,C,"2023-04-28 13:26:19",849450,267,849436,1000979,0,N,"2023-04-28 13:26:19",0,0
779832,C,"2023-04-28 13:26:23",849548,302,850057,1011240,1,N,"2023-04-28 13:26:23",0,0
779849,C,"2023-04-28 13:26:30",850007,147,850057,1011241,0,N,"2023-04-28 13:26:30",0,0
779862,C,"2023-04-28 13:26:33",849995,145,849436,1000980,0,N,"2023-04-28 13:26:33",0,0
779870,C,"2023-04-28 13:26:38",849438,127,849489,999673,0,N,"2023-04-28 13:26:38",0,0
779891,C,"2023-04-28 13:26:48",849983,319,850057,1011244,0,N,"2023-04-28 13:26:48",0,0
779897,C,"2023-04-28 13:26:49",849438,209,847375,999088,0,N,"2023-04-28 13:26:49",0,0
779917,C,"2023-04-28 13:26:56",849981,224,849487,1000165,0,N,"2023-04-28 13:26:56",0,0
779918,C,"2023-04-28 13:26:56",849559,148,850057,1011245,0,N,"2023-04-28 13:26:56",0,0
779930,C,"2023-04-28 13:27:00",850039,254,847375,999089,0,N,"2023-04-28 13:27:00",0,0
779931,C,"2023-04-28 13:27:00",849438,214,849469,1001049,0,N,"2023-04-28 13:27:00",0,0
779938,C,"2023-04-28 13:27:03",849487,257,849489,999675,0,N,"2023-04-28 13:27:03",0,0
779942,C,"2023-04-28 13:27:04",838471,257,850057,1011246,0,N,"2023-04-28 13:27:04",0,0
779947,C,"2023-04-28 13:27:05",849455,324,850077,1012208,0,N,"2023-04-28 13:27:05",0,0
779964,C,"2023-04-28 13:27:10",849558,238,847375,999090,0,N,"2023-04-28 13:27:10",0,0
779968,C,"2023-04-28 13:27:11",847375,275,849489,999676,0,N,"2023-04-28 13:27:11",0,0
779972,C,"2023-04-28 13:27:12",849963,275,849439,1000118,0,N,"2023-04-28 13:27:12",0,0
779999,C,"2023-04-28 13:27:19",849543,160,849487,1000166,0,N,"2023-04-28 13:27:19",0,0
780000,C,"2023-04-28 13:27:20",849444,256,849436,1000981,0,N,"2023-04-28 13:27:20",0,0
780001,C,"2023-04-28 13:27:20",849453,164,849439,1000119,0,N,"2023-04-28 13:27:20",0,0
780006,C,"2023-04-28 13:27:21",849498,231,850077,1012209,0,N,"2023-04-28 13:27:21",0,0
780012,C,"2023-04-28 13:27:23",849488,201,849489,999677,1,N,"2023-04-28 13:27:23",0,0
780017,C,"2023-04-28 13:27:24",849558,145,847375,999091,0,N,"2023-04-28 13:27:24",0,0
780049,C,"2023-04-28 13:27:32",849442,236,849439,1000120,0,N,"2023-04-28 13:27:32",0,0
780060,C,"2023-04-28 13:27:35",849963,269,847375,999092,0,N,"2023-04-28 13:27:35",0,0
780065,C,"2023-04-28 13:27:37",849452,217,849436,1000982,0,N,"2023-04-28 13:27:37",0,0
780071,C,"2023-04-28 13:27:37",849528,186,849446,1001728,0,N,"2023-04-28 13:27:37",0,0
780080,C,"2023-04-28 13:27:42",849441,274,850077,1012211,0,N,"2023-04-28 13:27:42",0,0
780084,C,"2023-04-28 13:27:42",849983,178,849436,1000983,0,N,"2023-04-28 13:27:42",0,0
780091,C,"2023-04-28 13:27:44",849471,253,847375,999093,0,N,"2023-04-28 13:27:44",0,0
780096,C,"2023-04-28 13:27:45",849452,260,849439,1000122,0,N,"2023-04-28 13:27:45",0,0
780103,C,"2023-04-28 13:27:47",849444,190,850077,1012212,0,N,"2023-04-28 13:27:47",0,0
780106,C,"2023-04-28 13:27:49",849439,315,849446,1001729,0,N,"2023-04-28 13:27:49",0,0
780126,C,"2023-04-28 13:27:55",849451,244,849436,1000984,0,N,"2023-04-28 13:27:55",0,0
780127,C,"2023-04-28 13:27:55",847375,213,850077,1012213,0,N,"2023-04-28 13:27:55",0,0
780137,C,"2023-04-28 13:27:56",849512,188,849549,1012078,0,N,"2023-04-28 13:27:56",0,0
780153,C,"2023-04-28 13:28:02",849582,278,847375,999095,0,N,"2023-04-28 13:28:02",0,0
780159,C,"2023-04-28 13:28:04",849454,203,849504,1001788,1,N,"2023-04-28 13:28:04",0,0
780171,C,"2023-04-28 13:28:08",849543,210,849549,1012079,0,N,"2023-04-28 13:28:08",0,0
780180,C,"2023-04-28 13:28:10",849441,237,850077,1012215,0,N,"2023-04-28 13:28:10",0,0
780188,C,"2023-04-28 13:28:13",849983,292,847375,999096,0,N,"2023-04-28 13:28:13",0,0
780193,C,"2023-04-28 13:28:15",849436,277,849559,1001298,0,N,"2023-04-28 13:28:15",0,0
780199,C,"2023-04-28 13:28:16",849464,197,849549,1012080,0,N,"2023-04-28 13:28:16",0,0
780208,C,"2023-04-28 13:28:18",849455,294,850077,1012216,0,N,"2023-04-28 13:28:18",0,0
780211,C,"2023-04-28 13:28:18",849762,260,849436,1000985,0,N,"2023-04-28 13:28:18",0,0
780221,C,"2023-04-28 13:28:21",849479,291,849504,1001789,0,N,"2023-04-28 13:28:21",0,0
780229,C,"2023-04-28 13:28:23",849548,237,849559,1001299,1,N,"2023-04-28 13:28:23",0,0
780232,C,"2023-04-28 13:28:24",849489,103,847375,999097,0,N,"2023-04-28 13:28:24",0,0
780255,C,"2023-04-28 13:28:30",849441,146,849504,1001790,0,N,"2023-04-28 13:28:30",0,0
780258,C,"2023-04-28 13:28:30",849453,208,849436,1000986,0,N,"2023-04-28 13:28:30",0,0
780275,C,"2023-04-28 13:28:36",850057,272,849559,1001300,0,N,"2023-04-28 13:28:36",0,0
780280,C,"2023-04-28 13:28:37",849515,299,849439,1000124,1,N,"2023-04-28 13:28:37",0,0
780282,C,"2023-04-28 13:28:38",849453,316,849436,1000987,0,N,"2023-04-28 13:28:38",0,0
780309,C,"2023-04-28 13:28:46",849502,242,849439,1000125,0,N,"2023-04-28 13:28:46",0,0
780312,C,"2023-04-28 13:28:47",847375,179,849559,1001301,0,N,"2023-04-28 13:28:47",0,0
780317,C,"2023-04-28 13:28:49",849623,191,849469,1001053,0,N,"2023-04-28 13:28:49",0,0
780337,C,"2023-04-28 13:28:54",849981,301,849549,1012083,0,N,"2023-04-28 13:28:54",0,0
780343,C,"2023-04-28 13:28:56",849974,301,849559,1001302,0,N,"2023-04-28 13:28:56",0,0
780355,I,"2023-04-28 13:28:58",849488,157,849469,1001054,1,N,"2023-04-28 13:28:58",0,1
780363,C,"2023-04-28 13:29:01",849450,270,849504,1001792,0,N,"2023-04-28 13:29:01",0,0
780369,C,"2023-04-28 13:29:03",849981,145,849439,1000126,0,N,"2023-04-28 13:29:03",0,0
780373,C,"2023-04-28 13:29:05",849464,239,849549,1012084,0,N,"2023-04-28 13:29:05",0,0
780375,C,"2023-04-28 13:29:05",849922,271,849469,1001055,0,N,"2023-04-28 13:29:05",0,0
780383,C,"2023-04-28 13:29:07",849453,212,849559,1001303,0,N,"2023-04-28 13:29:07",0,0
780394,C,"2023-04-28 13:29:10",849444,170,849439,1000127,0,N,"2023-04-28 13:29:10",0,0
780406,C,"2023-04-28 13:29:14",849452,226,849549,1012085,0,N,"2023-04-28 13:29:14",0,0
780410,C,"2023-04-28 13:29:15",849445,178,849446,1001731,0,N,"2023-04-28 13:29:15",0,0
780422,C,"2023-04-28 13:29:19",849983,104,849559,1001304,0,N,"2023-04-28 13:29:19",0,0
780431,C,"2023-04-28 13:29:21",849479,140,849504,1001793,0,N,"2023-04-28 13:29:21",0,0
780434,C,"2023-04-28 13:29:22",849471,235,849549,1012086,0,N,"2023-04-28 13:29:22",0,0
780450,C,"2023-04-28 13:29:28",849436,325,849469,1001057,0,N,"2023-04-28 13:29:28",0,0
780453,C,"2023-04-28 13:29:29",849512,108,849549,1012087,0,N,"2023-04-28 13:29:29",0,0
780455,C,"2023-04-28 13:29:30",849559,298,849504,1001794,0,N,"2023-04-28 13:29:30",0,0
780474,C,"2023-04-28 13:29:36",849443,295,849446,1001732,0,N,"2023-04-28 13:29:36",0,0
780478,C,"2023-04-28 13:29:37",838535,286,849504,1001795,0,N,"2023-04-28 13:29:37",0,0
780489,C,"2023-04-28 13:29:41",849469,263,849670,1000278,0,N,"2023-04-28 13:29:41",0,0
780493,C,"2023-04-28 13:29:43",849453,300,849559,1001305,0,N,"2023-04-28 13:29:43",0,0
780505,I,"2023-04-28 13:29:47",849503,136,849504,1001796,1,N,"2023-04-28 13:29:47",0,1
780512,C,"2023-04-28 13:29:48",849488,150,849670,1000279,1,N,"2023-04-28 13:29:48",0,0
780516,C,"2023-04-28 13:29:51",849450,307,849559,1001306,0,N,"2023-04-28 13:29:51",0,0
780520,C,"2023-04-28 13:29:51",838453,261,849446,1001733,0,N,"2023-04-28 13:29:51",0,0
780532,C,"2023-04-28 13:29:55",849620,319,849670,1000280,0,N,"2023-04-28 13:29:55",0,0
780535,C,"2023-04-28 13:29:56",849479,294,849504,1001797,0,N,"2023-04-28 13:29:56",0,0
780545,C,"2023-04-28 13:29:59",847375,182,849454,1002129,0,N,"2023-04-28 13:29:59",0,0
780553,C,"2023-04-28 13:30:02",838597,197,849559,1001307,0,N,"2023-04-28 13:30:02",0,0
780568,I,"2023-04-28 13:30:08",849634,145,849670,1000281,1,N,"2023-04-28 13:30:08",0,1
780589,C,"2023-04-28 13:30:17",847375,123,849446,1001736,0,N,"2023-04-28 13:30:17",0,0
780591,C,"2023-04-28 13:30:17",849502,160,849670,1000282,0,N,"2023-04-28 13:30:17",0,0
780606,C,"2023-04-28 13:30:22",849475,141,849670,1000283,0,N,"2023-04-28 13:30:22",0,0
780612,C,"2023-04-28 13:30:25",849444,151,849446,1001737,0,N,"2023-04-28 13:30:25",0,0
780624,C,"2023-04-28 13:30:29",849620,157,849670,1000284,0,N,"2023-04-28 13:30:29",0,0
780629,C,"2023-04-28 13:30:30",847375,113,849454,1002132,0,N,"2023-04-28 13:30:30",0,0
780640,C,"2023-04-28 13:30:36",839670,185,849670,1000285,0,N,"2023-04-28 13:30:36",0,0
780657,C,"2023-04-28 13:30:43",849634,301,849670,1000286,1,N,"2023-04-28 13:30:43",0,0
780679,C,"2023-04-28 13:30:54",849471,234,849454,1002136,0,N,"2023-04-28 13:30:54",0,0
780692,C,"2023-04-28 13:31:01",849497,188,849670,1000287,0,N,"2023-04-28 13:31:01",0,0
780693,C,"2023-04-28 13:31:01",849438,311,849454,1002137,0,N,"2023-04-28 13:31:01",0,0
780701,C,"2023-04-28 13:31:04",849488,256,849441,1000920,1,N,"2023-04-28 13:31:04",0,0
780718,C,"2023-04-28 13:31:13",849455,171,849441,1000921,0,N,"2023-04-28 13:31:13",0,0
780770,C,"2023-04-28 13:31:45",849488,198,849441,1000922,1,N,"2023-04-28 13:31:45",0,0
780806,C,"2023-04-28 13:32:06",849452,293,849441,1000923,0,N,"2023-04-28 13:32:06",0,0
780847,C,"2023-04-28 13:32:37",849489,115,849441,1000924,0,N,"2023-04-28 13:32:37",0,0
780858,C,"2023-04-28 13:32:42",850006,197,850091,1013578,0,N,"2023-04-28 13:32:42",0,0
780871,C,"2023-04-28 13:32:49",849922,281,850091,1013579,0,N,"2023-04-28 13:32:49",0,0
780880,C,"2023-04-28 13:32:53",849454,137,850007,1009269,1,N,"2023-04-28 13:32:53",0,0
780889,C,"2023-04-28 13:32:56",849535,272,850091,1013580,0,N,"2023-04-28 13:32:56",0,0
780894,C,"2023-04-28 13:33:00",849479,285,850007,1009270,0,N,"2023-04-28 13:33:00",0,0
780895,C,"2023-04-28 13:33:00",849479,213,849503,1003348,0,N,"2023-04-28 13:33:00",0,0
780905,C,"2023-04-28 13:33:03",850007,170,850098,1013618,0,N,"2023-04-28 13:33:03",0,0
780912,C,"2023-04-28 13:33:06",849559,232,849503,1003349,0,N,"2023-04-28 13:33:06",0,0
780913,C,"2023-04-28 13:33:06",847375,159,850007,1009271,0,N,"2023-04-28 13:33:06",0,0
780924,C,"2023-04-28 13:33:10",849981,292,850091,1013581,0,N,"2023-04-28 13:33:10",0,0
780931,C,"2023-04-28 13:33:13",850058,287,850007,1009272,0,N,"2023-04-28 13:33:13",0,0
780935,C,"2023-04-28 13:33:15",849983,266,850091,1013582,0,N,"2023-04-28 13:33:15",0,0
780939,C,"2023-04-28 13:33:16",849438,223,849441,1000926,0,N,"2023-04-28 13:33:16",0,0
780940,C,"2023-04-28 13:33:17",849479,169,849503,1003351,0,N,"2023-04-28 13:33:17",0,0
780949,C,"2023-04-28 13:33:19",850057,157,850007,1009273,0,N,"2023-04-28 13:33:19",0,0
780956,C,"2023-04-28 13:33:21",849922,99,850091,1013583,0,N,"2023-04-28 13:33:21",0,0
780959,C,"2023-04-28 13:33:23",849453,148,849503,1003352,0,N,"2023-04-28 13:33:23",0,0
780962,C,"2023-04-28 13:33:24",847375,252,850007,1009274,0,N,"2023-04-28 13:33:24",0,0
780971,C,"2023-04-28 13:33:28",849535,177,850091,1013584,0,N,"2023-04-28 13:33:28",0,0
780978,C,"2023-04-28 13:33:29",849445,161,849441,1000927,0,N,"2023-04-28 13:33:29",0,0
780988,C,"2023-04-28 13:33:34",850006,291,850091,1013585,0,N,"2023-04-28 13:33:34",0,0
780993,C,"2023-04-28 13:33:36",849479,291,850007,1009276,0,N,"2023-04-28 13:33:36",0,0
780995,C,"2023-04-28 13:33:37",838597,241,849503,1003354,0,N,"2023-04-28 13:33:37",0,0
781004,C,"2023-04-28 13:33:42",849995,325,850007,1009277,0,N,"2023-04-28 13:33:42",0,0
781020,C,"2023-04-28 13:33:47",849541,136,849503,1003355,0,N,"2023-04-28 13:33:47",0,0
781033,C,"2023-04-28 13:33:51",850058,179,850091,1013586,0,N,"2023-04-28 13:33:51",0,0
781034,C,"2023-04-28 13:33:51",849558,155,849503,1003356,0,N,"2023-04-28 13:33:51",0,0
781051,C,"2023-04-28 13:33:57",850006,101,850091,1013587,0,N,"2023-04-28 13:33:57",0,0
781223,C,"2023-04-28 13:35:07",849974,100,850098,1013619,1,N,"2023-04-28 13:35:07",0,0
781250,C,"2023-04-28 13:35:16",850058,278,850098,1013620,0,N,"2023-04-28 13:35:16",0,0
781280,C,"2023-04-28 13:35:27",849995,209,850098,1013621,0,N,"2023-04-28 13:35:27",0,0
781342,C,"2023-04-28 13:35:50",850007,137,850098,1013622,0,N,"2023-04-28 13:35:50",0,0
781361,C,"2023-04-28 13:35:56",847375,118,849498,1014178,0,N,"2023-04-28 13:35:56",0,0
781414,C,"2023-04-28 13:36:11",849443,288,849498,1014180,0,N,"2023-04-28 13:36:11",0,0
781438,C,"2023-04-28 13:36:18",849558,313,849498,1014181,0,N,"2023-04-28 13:36:18",0,0
781468,C,"2023-04-28 13:36:27",849443,226,849498,1014182,0,N,"2023-04-28 13:36:27",0,0
781525,C,"2023-04-28 13:36:44",849477,266,849498,1014184,1,N,"2023-04-28 13:36:44",0,0
781567,C,"2023-04-28 13:37:01",849436,253,849498,1014186,0,N,"2023-04-28 13:37:01",0,0
781588,C,"2023-04-28 13:37:10",849475,151,849498,1014187,0,N,"2023-04-28 13:37:10",0,0
781713,C,"2023-04-28 13:38:05",849469,149,850098,1013623,0,N,"2023-04-28 13:38:05",0,0
781820,C,"2023-04-28 13:38:47",849974,200,850098,1013627,0,N,"2023-04-28 13:38:47",0,0
781919,C,"2023-04-28 13:39:21",849974,116,849979,1014728,0,N,"2023-04-28 13:39:21",0,0
781942,C,"2023-04-28 13:39:28",849549,258,849979,1014729,0,N,"2023-04-28 13:39:28",0,0
781979,C,"2023-04-28 13:39:41",849620,189,849979,1014731,0,N,"2023-04-28 13:39:41",0,0
782008,I,"2023-04-28 13:39:51",849864,203,849979,1014733,0,N,"2023-04-28 13:39:51",0,1
782028,C,"2023-04-28 13:39:57",849974,188,849979,1014734,0,N,"2023-04-28 13:39:57",0,0
782049,C,"2023-04-28 13:40:04",849620,206,849979,1014736,0,N,"2023-04-28 13:40:04",0,0
782095,C,"2023-04-28 13:40:20",850006,162,849548,1015138,0,N,"2023-04-28 13:40:20",0,0
782110,C,"2023-04-28 13:40:25",850058,177,849475,1004398,0,N,"2023-04-28 13:40:25",0,0
782121,C,"2023-04-28 13:40:28",849558,219,849762,1001608,0,N,"2023-04-28 13:40:28",0,0
782131,C,"2023-04-28 13:40:32",850091,293,849475,1004399,1,N,"2023-04-28 13:40:32",0,0
782139,C,"2023-04-28 13:40:35",849477,227,849762,1001609,1,N,"2023-04-28 13:40:35",0,0
782140,C,"2023-04-28 13:40:35",849515,120,849548,1015139,1,N,"2023-04-28 13:40:35",0,0
782155,C,"2023-04-28 13:40:40",849983,311,849475,1004400,0,N,"2023-04-28 13:40:40",0,0
782165,C,"2023-04-28 13:40:43",849442,300,849762,1001610,0,N,"2023-04-28 13:40:43",0,0
782167,C,"2023-04-28 13:40:44",849515,139,849548,1015140,1,N,"2023-04-28 13:40:44",0,0
782181,C,"2023-04-28 13:40:47",849441,269,849475,1004401,0,N,"2023-04-28 13:40:47",0,0
782183,C,"2023-04-28 13:40:49",849692,318,849864,1000868,0,N,"2023-04-28 13:40:49",0,0
782192,C,"2023-04-28 13:40:52",849504,167,849548,1015141,0,N,"2023-04-28 13:40:52",0,0
782197,C,"2023-04-28 13:40:54",849549,104,849762,1001611,0,N,"2023-04-28 13:40:54",0,0
782217,C,"2023-04-28 13:40:58",847375,189,849864,1000869,0,N,"2023-04-28 13:40:58",0,0
782225,C,"2023-04-28 13:41:00",849488,102,849475,1004403,1,N,"2023-04-28 13:41:00",0,0
782248,C,"2023-04-28 13:41:05",849515,137,849864,1000870,1,N,"2023-04-28 13:41:05",0,0
782249,C,"2023-04-28 13:41:06",849446,162,849762,1001612,0,N,"2023-04-28 13:41:06",0,0
782252,C,"2023-04-28 13:41:08",849559,113,849548,1015142,0,N,"2023-04-28 13:41:08",0,0
782269,C,"2023-04-28 13:41:13",849438,111,849475,1004404,0,N,"2023-04-28 13:41:13",0,0
782271,C,"2023-04-28 13:41:13",849512,200,849762,1001613,0,N,"2023-04-28 13:41:13",0,0
782275,C,"2023-04-28 13:41:14",847375,161,849548,1015143,0,N,"2023-04-28 13:41:14",0,0
782281,C,"2023-04-28 13:41:18",849452,181,849864,1000871,0,N,"2023-04-28 13:41:18",0,0
782283,C,"2023-04-28 13:41:18",849512,159,849762,1001614,0,N,"2023-04-28 13:41:18",0,0
782287,C,"2023-04-28 13:41:19",849922,290,849548,1015144,0,N,"2023-04-28 13:41:19",0,0
782303,C,"2023-04-28 13:41:24",849922,134,849762,1001615,0,N,"2023-04-28 13:41:24",0,0
782309,C,"2023-04-28 13:41:25",849471,168,849864,1000872,0,N,"2023-04-28 13:41:25",0,0
782310,C,"2023-04-28 13:41:26",849450,195,849548,1015145,0,N,"2023-04-28 13:41:26",0,0
782321,C,"2023-04-28 13:41:28",849452,199,849475,1004405,0,N,"2023-04-28 13:41:28",0,0
782332,C,"2023-04-28 13:41:32",849981,210,849762,1001616,0,N,"2023-04-28 13:41:32",0,0
782340,C,"2023-04-28 13:41:35",849512,182,849864,1000873,0,N,"2023-04-28 13:41:35",0,0
782343,C,"2023-04-28 13:41:35",849488,273,849475,1004406,1,N,"2023-04-28 13:41:35",0,0
782350,C,"2023-04-28 13:41:37",849515,142,849548,1015146,1,N,"2023-04-28 13:41:37",0,0
782358,C,"2023-04-28 13:41:41",849438,252,849762,1001617,0,N,"2023-04-28 13:41:41",0,0
782363,C,"2023-04-28 13:41:43",849582,147,849864,1000874,0,N,"2023-04-28 13:41:43",0,0
782368,I,"2023-04-28 13:41:44",849670,209,849475,1004407,1,N,"2023-04-28 13:41:44",0,1
782391,C,"2023-04-28 13:41:52",849559,275,849548,1015147,0,N,"2023-04-28 13:41:52",0,0
782400,C,"2023-04-28 13:41:56",849471,244,849864,1000875,0,N,"2023-04-28 13:41:56",0,0
782414,C,"2023-04-28 13:42:02",849515,183,849864,1000876,1,N,"2023-04-28 13:42:02",0,0
782430,C,"2023-04-28 13:42:09",849452,324,849864,1000877,0,N,"2023-04-28 13:42:09",0,0
782509,C,"2023-04-28 13:42:48",849441,168,849620,1004968,0,N,"2023-04-28 13:42:48",0,0
782527,C,"2023-04-28 13:42:55",849623,124,849634,1000058,0,N,"2023-04-28 13:42:55",0,0
782544,C,"2023-04-28 13:43:03",849445,175,849620,1004970,0,N,"2023-04-28 13:43:03",0,0
782547,C,"2023-04-28 13:43:04",849670,234,849634,1000059,0,N,"2023-04-28 13:43:04",0,0
782561,C,"2023-04-28 13:43:10",849452,324,849502,1004410,0,N,"2023-04-28 13:43:10",0,0
782578,C,"2023-04-28 13:43:18",849946,235,849620,1004971,0,N,"2023-04-28 13:43:18",0,0
782600,C,"2023-04-28 13:43:29",849453,213,849620,1004972,0,N,"2023-04-28 13:43:29",0,0
782619,C,"2023-04-28 13:43:40",849436,203,849634,1000060,0,N,"2023-04-28 13:43:40",0,0
782692,C,"2023-04-28 13:44:15",849436,270,849620,1004973,0,N,"2023-04-28 13:44:15",0,0
782700,C,"2023-04-28 13:44:19",849477,247,849634,1000061,1,N,"2023-04-28 13:44:19",0,0
782757,C,"2023-04-28 13:44:42",847375,317,849512,1004727,0,N,"2023-04-28 13:44:42",0,0
782779,C,"2023-04-28 13:44:49",849439,223,849512,1004729,0,N,"2023-04-28 13:44:49",0,0
782799,C,"2023-04-28 13:44:55",849439,307,849512,1004730,0,N,"2023-04-28 13:44:55",0,0
782835,C,"2023-04-28 13:45:06",849436,253,849620,1004975,0,N,"2023-04-28 13:45:06",0,0
782857,C,"2023-04-28 13:45:13",849558,273,849620,1004976,0,N,"2023-04-28 13:45:13",0,0
782866,C,"2023-04-28 13:45:16",847375,167,849512,1004732,0,N,"2023-04-28 13:45:16",0,0
782887,C,"2023-04-28 13:45:22",849439,298,849512,1004733,0,N,"2023-04-28 13:45:22",0,0
782924,C,"2023-04-28 13:45:36",849445,256,849444,1005998,0,N,"2023-04-28 13:45:36",0,0
782929,C,"2023-04-28 13:45:37",847375,296,849512,1004735,0,N,"2023-04-28 13:45:37",0,0
782994,C,"2023-04-28 13:46:02",847375,152,849634,1000062,0,N,"2023-04-28 13:46:02",0,0
783005,C,"2023-04-28 13:46:06",849983,157,849444,1006000,0,N,"2023-04-28 13:46:06",0,0
783008,C,"2023-04-28 13:46:06",849489,128,849512,1004737,0,N,"2023-04-28 13:46:06",0,0
783027,C,"2023-04-28 13:46:13",849469,224,849634,1000063,0,N,"2023-04-28 13:46:13",0,0
783048,C,"2023-04-28 13:46:22",849446,298,849444,1006001,0,N,"2023-04-28 13:46:22",0,0
783051,C,"2023-04-28 13:46:23",849488,280,849634,1000064,1,N,"2023-04-28 13:46:23",0,0
783064,C,"2023-04-28 13:46:28",849464,188,849444,1006002,0,N,"2023-04-28 13:46:28",0,0
783074,C,"2023-04-28 13:46:33",849670,102,849634,1000065,0,N,"2023-04-28 13:46:33",0,0
783089,C,"2023-04-28 13:46:43",849475,115,849634,1000066,0,N,"2023-04-28 13:46:43",0,0
783098,I,"2023-04-28 13:46:46",849460,270,849444,1006003,0,N,"2023-04-28 13:46:46",0,1
783116,C,"2023-04-28 13:46:55",849488,283,849634,1000067,1,N,"2023-04-28 13:46:55",0,0
783123,C,"2023-04-28 13:46:59",849438,110,849444,1006004,0,N,"2023-04-28 13:46:59",0,0
783150,C,"2023-04-28 13:47:11",849445,303,849444,1006005,0,N,"2023-04-28 13:47:11",0,0
783204,C,"2023-04-28 13:47:39",849439,154,849444,1006007,0,N,"2023-04-28 13:47:39",0,0
783251,C,"2023-04-28 13:48:02",849436,221,849670,1013288,0,N,"2023-04-28 13:48:02",0,0
783260,C,"2023-04-28 13:48:12",849692,211,849670,1013289,0,N,"2023-04-28 13:48:12",0,0
783340,C,"2023-04-28 13:48:56",850112,287,850150,1016908,0,N,"2023-04-28 13:48:56",0,0
783363,C,"2023-04-28 13:49:07",849502,117,849670,1013291,0,N,"2023-04-28 13:49:07",0,0
783384,C,"2023-04-28 13:49:14",849497,276,849670,1013292,0,N,"2023-04-28 13:49:14",0,0
783426,C,"2023-04-28 13:49:34",849692,158,850150,1016909,0,N,"2023-04-28 13:49:34",0,0
783429,C,"2023-04-28 13:49:34",849634,149,849670,1013293,1,N,"2023-04-28 13:49:34",0,0
783440,C,"2023-04-28 13:49:41",850112,145,850150,1016910,0,N,"2023-04-28 13:49:41",0,0
783448,C,"2023-04-28 13:49:46",849471,305,849493,1003728,0,N,"2023-04-28 13:49:46",0,0
783451,C,"2023-04-28 13:49:47",849515,302,850150,1016911,1,N,"2023-04-28 13:49:47",0,0
783463,C,"2023-04-28 13:49:53",849692,319,850150,1016912,0,N,"2023-04-28 13:49:53",0,0
783465,C,"2023-04-28 13:49:53",849471,293,849670,1013294,0,N,"2023-04-28 13:49:53",0,0
783476,C,"2023-04-28 13:49:59",849475,141,849670,1013295,0,N,"2023-04-28 13:49:59",0,0
783479,C,"2023-04-28 13:50:00",850031,252,850150,1016913,1,N,"2023-04-28 13:50:00",0,0
783494,C,"2023-04-28 13:50:08",850112,104,849670,1013296,0,N,"2023-04-28 13:50:08",0,0
783501,C,"2023-04-28 13:50:10",849471,164,849493,1003730,0,N,"2023-04-28 13:50:10",0,0
783505,C,"2023-04-28 13:50:13",849692,129,850150,1016917,0,N,"2023-04-28 13:50:13",0,0
783521,C,"2023-04-28 13:50:20",849543,295,849493,1003731,0,N,"2023-04-28 13:50:20",0,0
783526,C,"2023-04-28 13:50:22",839670,205,849670,1013297,0,N,"2023-04-28 13:50:22",0,0
783544,C,"2023-04-28 13:50:31",850006,211,849493,1003732,0,N,"2023-04-28 13:50:31",0,0
783557,C,"2023-04-28 13:50:38",849504,152,850112,1014758,0,N,"2023-04-28 13:50:38",0,0
783588,C,"2023-04-28 13:50:49",849670,239,850112,1014760,0,N,"2023-04-28 13:50:49",0,0
783589,C,"2023-04-28 13:50:49",849488,217,849493,1003733,1,N,"2023-04-28 13:50:49",0,0
783609,C,"2023-04-28 13:50:58",849504,281,850112,1014762,0,N,"2023-04-28 13:50:58",0,0
783666,C,"2023-04-28 13:51:19",838053,299,850130,1015729,0,N,"2023-04-28 13:51:19",0,0
783678,C,"2023-04-28 13:51:22",850039,187,849566,1003298,0,N,"2023-04-28 13:51:22",0,0
783691,C,"2023-04-28 13:51:27",849488,158,849493,1003734,1,N,"2023-04-28 13:51:27",0,0
783703,C,"2023-04-28 13:51:29",849548,182,849566,1003299,1,N,"2023-04-28 13:51:29",0,0
783744,C,"2023-04-28 13:51:46",849692,140,850112,1014763,0,N,"2023-04-28 13:51:46",0,0
783773,I,"2023-04-28 13:51:57",850150,125,850112,1014764,0,N,"2023-04-28 13:51:57",0,1
783789,B,"2023-04-28 13:52:03",850100,108,849566,1003303,0,N,"2023-04-28 13:52:03",0,0
783802,C,"2023-04-28 13:52:08",849488,167,849493,1003737,1,N,"2023-04-28 13:52:08",0,0
783925,C,"2023-04-28 13:52:57",849719,220,849103,1007328,0,N,"2023-04-28 13:52:57",0,0
783945,C,"2023-04-28 13:53:03",849719,315,849103,1007329,0,N,"2023-04-28 13:53:03",0,0
783964,C,"2023-04-28 13:53:12",848548,100,849103,1007330,0,N,"2023-04-28 13:53:12",0,0
784030,C,"2023-04-28 13:53:36",850180,281,850173,1017908,0,N,"2023-04-28 13:53:36",0,0
784079,C,"2023-04-28 13:53:52",850180,145,850173,1017910,0,N,"2023-04-28 13:53:52",0,0
784085,C,"2023-04-28 13:53:54",841706,303,849103,1007331,1,N,"2023-04-28 13:53:54",0,0
784102,C,"2023-04-28 13:53:59",849692,147,850173,1017911,0,N,"2023-04-28 13:53:59",0,0
784153,C,"2023-04-28 13:54:18",849475,104,850180,1018118,0,N,"2023-04-28 13:54:18",0,0
784182,C,"2023-04-28 13:54:29",850112,312,850180,1018119,0,N,"2023-04-28 13:54:29",0,0
784203,C,"2023-04-28 13:54:36",849553,249,849103,1007333,0,N,"2023-04-28 13:54:36",0,0
784230,C,"2023-04-28 13:54:41",850173,107,850180,1018120,0,N,"2023-04-28 13:54:41",0,0
784243,C,"2023-04-28 13:54:47",848548,116,849103,1007334,0,N,"2023-04-28 13:54:47",0,0
784265,C,"2023-04-28 13:54:55",850150,283,850180,1018121,0,N,"2023-04-28 13:54:55",0,0
784286,C,"2023-04-28 13:55:02",848548,311,849103,1007335,0,N,"2023-04-28 13:55:02",0,0
784292,C,"2023-04-28 13:55:04",849762,283,849477,1000589,0,N,"2023-04-28 13:55:04",0,0
784319,C,"2023-04-28 13:55:11",849983,259,849477,1000590,0,N,"2023-04-28 13:55:11",0,0
784355,C,"2023-04-28 13:55:22",848548,138,849103,1007336,0,N,"2023-04-28 13:55:22",0,0
784357,C,"2023-04-28 13:55:23",850150,292,850180,1018123,0,N,"2023-04-28 13:55:23",0,0
784361,C,"2023-04-28 13:55:24",849497,235,849995,1008756,0,N,"2023-04-28 13:55:24",0,0
784373,C,"2023-04-28 13:55:28",850007,243,850186,1018398,0,N,"2023-04-28 13:55:28",0,0
784382,C,"2023-04-28 13:55:30",849488,139,849995,1008757,1,N,"2023-04-28 13:55:30",0,0
784403,C,"2023-04-28 13:55:37",849471,241,850180,1018124,0,N,"2023-04-28 13:55:37",0,0
784408,C,"2023-04-28 13:55:38",843688,196,849103,1007337,0,N,"2023-04-28 13:55:38",0,0
784417,C,"2023-04-28 13:55:41",849548,241,850186,1018399,1,N,"2023-04-28 13:55:41",0,0
784514,C,"2023-04-28 13:56:15",849762,280,849938,1006658,0,N,"2023-04-28 13:56:15",0,0
784549,C,"2023-04-28 13:56:25",849670,291,850112,1014766,0,N,"2023-04-28 13:56:25",0,0
784572,C,"2023-04-28 13:56:32",849454,202,850112,1014767,1,N,"2023-04-28 13:56:32",0,0
784586,C,"2023-04-28 13:56:38",849928,188,849938,1006659,0,N,"2023-04-28 13:56:38",0,0
784659,C,"2023-04-28 13:57:06",838549,217,849443,1005248,0,N,"2023-04-28 13:57:06",0,0
784711,C,"2023-04-28 13:57:21",847375,286,849443,1005249,0,N,"2023-04-28 13:57:21",0,0
784732,C,"2023-04-28 13:57:27",847375,233,850195,1018968,0,N,"2023-04-28 13:57:27",0,0
784736,C,"2023-04-28 13:57:28",849946,144,849443,1005250,0,N,"2023-04-28 13:57:28",0,0
784767,C,"2023-04-28 13:57:39",849442,159,849443,1005251,0,N,"2023-04-28 13:57:39",0,0
784773,C,"2023-04-28 13:57:41",849670,220,850152,1017039,0,N,"2023-04-28 13:57:41",0,0
784776,C,"2023-04-28 13:57:41",849489,269,850195,1018969,0,N,"2023-04-28 13:57:41",0,0
784794,C,"2023-04-28 13:57:47",850057,283,849535,1019048,0,N,"2023-04-28 13:57:47",0,0
784797,C,"2023-04-28 13:57:48",837842,142,849443,1005252,1,N,"2023-04-28 13:57:48",0,0
784798,C,"2023-04-28 13:57:48",850150,281,850152,1017040,0,N,"2023-04-28 13:57:48",0,0
784819,C,"2023-04-28 13:57:54",847375,183,850195,1018971,0,N,"2023-04-28 13:57:54",0,0
784824,C,"2023-04-28 13:57:55",849436,128,849443,1005253,0,N,"2023-04-28 13:57:55",0,0
784828,C,"2023-04-28 13:57:57",849493,186,849535,1019049,0,N,"2023-04-28 13:57:57",0,0
784841,C,"2023-04-28 13:57:59",849464,178,849443,1005254,0,N,"2023-04-28 13:57:59",0,0
784845,C,"2023-04-28 13:58:01",839670,318,849670,1017348,0,N,"2023-04-28 13:58:01",0,0
784848,C,"2023-04-28 13:58:02",850112,287,850152,1017042,0,N,"2023-04-28 13:58:02",0,0
784863,C,"2023-04-28 13:58:05",847375,154,849535,1019050,0,N,"2023-04-28 13:58:05",0,0
784869,C,"2023-04-28 13:58:07",849497,244,849443,1005255,0,N,"2023-04-28 13:58:07",0,0
784879,C,"2023-04-28 13:58:11",849692,208,849670,1017349,0,N,"2023-04-28 13:58:11",0,0
784887,C,"2023-04-28 13:58:14",847375,214,849535,1019051,0,N,"2023-04-28 13:58:14",0,0
784891,C,"2023-04-28 13:58:16",849498,124,849443,1005256,0,N,"2023-04-28 13:58:16",0,0
784899,C,"2023-04-28 13:58:18",850152,212,849670,1017350,0,N,"2023-04-28 13:58:18",0,0
784911,I,"2023-04-28 13:58:22",850112,268,850180,1018125,0,N,"2023-04-28 13:58:22",0,1
784917,C,"2023-04-28 13:58:23",849439,184,849535,1019052,0,N,"2023-04-28 13:58:23",0,0
784923,C,"2023-04-28 13:58:28",849441,167,849443,1005257,0,N,"2023-04-28 13:58:28",0,0
784924,C,"2023-04-28 13:58:28",849692,256,849670,1017351,0,N,"2023-04-28 13:58:28",0,0
784930,C,"2023-04-28 13:58:30",849504,268,849535,1019053,0,N,"2023-04-28 13:58:30",0,0
784952,C,"2023-04-28 13:58:39",850039,219,849535,1019054,0,N,"2023-04-28 13:58:39",0,0
784956,C,"2023-04-28 13:58:41",849436,307,849670,1017352,0,N,"2023-04-28 13:58:41",0,0
784958,C,"2023-04-28 13:58:42",850152,101,850180,1018126,0,N,"2023-04-28 13:58:42",0,0
784977,C,"2023-04-28 13:58:50",850112,142,850180,1018127,0,N,"2023-04-28 13:58:50",0,0
784983,C,"2023-04-28 13:58:52",849436,214,849670,1017353,0,N,"2023-04-28 13:58:52",0,0
785009,C,"2023-04-28 13:59:04",849928,198,849938,1006665,0,N,"2023-04-28 13:59:04",0,0
785010,C,"2023-04-28 13:59:04",850091,318,849535,1019057,1,N,"2023-04-28 13:59:04",0,0
785051,C,"2023-04-28 13:59:22",850112,292,850208,1019488,0,N,"2023-04-28 13:59:22",0,0
785128,C,"2023-04-28 13:59:55",849620,139,849670,1017354,0,N,"2023-04-28 13:59:55",0,0
785131,I,"2023-04-28 13:59:56",850102,141,850212,1019628,1,N,"2023-04-28 13:59:56",0,1
785134,C,"2023-04-28 13:59:58",850180,151,850208,1019494,0,N,"2023-04-28 13:59:58",0,0
785144,C,"2023-04-28 14:00:04",849453,136,849477,1000591,0,N,"2023-04-28 14:00:04",0,0
785149,C,"2023-04-28 14:00:07",850112,165,849670,1017355,0,N,"2023-04-28 14:00:07",0,0
785159,C,"2023-04-28 14:00:14",850006,105,849477,1000592,0,N,"2023-04-28 14:00:14",0,0
785161,C,"2023-04-28 14:00:14",850152,202,850208,1019495,0,N,"2023-04-28 14:00:14",0,0
785163,C,"2023-04-28 14:00:16",850112,217,849670,1017356,0,N,"2023-04-28 14:00:16",0,0
785179,C,"2023-04-28 14:00:25",850152,287,849670,1017357,0,N,"2023-04-28 14:00:25",0,0
785187,C,"2023-04-28 14:00:29",839445,197,850208,1019497,1,N,"2023-04-28 14:00:29",0,0
785217,C,"2023-04-28 14:00:46",849634,172,849477,1000594,0,N,"2023-04-28 14:00:46",0,0
785236,C,"2023-04-28 14:00:53",849634,143,849477,1000595,0,N,"2023-04-28 14:00:53",0,0
785277,C,"2023-04-28 14:01:08",849995,310,849477,1000596,0,N,"2023-04-28 14:01:08",0,0
785299,C,"2023-04-28 14:01:16",844028,143,850217,1019828,0,N,"2023-04-28 14:01:16",0,0
785303,C,"2023-04-28 14:01:17",849983,184,849477,1000597,0,N,"2023-04-28 14:01:17",0,0
785332,C,"2023-04-28 14:01:31",849452,139,849450,1007018,0,N,"2023-04-28 14:01:31",0,0
785337,C,"2023-04-28 14:01:34",847375,171,850217,1019829,0,N,"2023-04-28 14:01:34",0,0
785362,I,"2023-04-28 14:01:48",849963,199,849450,1007019,0,N,"2023-04-28 14:01:48",0,1
785378,C,"2023-04-28 14:01:57",849441,249,849450,1007020,0,N,"2023-04-28 14:01:57",0,0
785393,C,"2023-04-28 14:02:04",847375,251,849450,1007021,0,N,"2023-04-28 14:02:04",0,0
785416,C,"2023-04-28 14:02:15",849453,214,849450,1007022,0,N,"2023-04-28 14:02:15",0,0
785427,C,"2023-04-28 14:02:20",849922,287,849471,1003588,0,N,"2023-04-28 14:02:20",0,0
785439,C,"2023-04-28 14:02:29",849475,194,849471,1003589,0,N,"2023-04-28 14:02:29",0,0
785441,C,"2023-04-28 14:02:29",849450,272,850217,1019833,0,N,"2023-04-28 14:02:29",0,0
785448,C,"2023-04-28 14:02:32",849498,218,849450,1007023,0,N,"2023-04-28 14:02:32",0,0
785454,C,"2023-04-28 14:02:36",849582,289,850217,1019834,0,N,"2023-04-28 14:02:36",0,0
785457,C,"2023-04-28 14:02:39",849928,228,849471,1003590,0,N,"2023-04-28 14:02:39",0,0
785459,C,"2023-04-28 14:02:39",847375,203,849450,1007024,0,N,"2023-04-28 14:02:39",0,0
785461,C,"2023-04-28 14:02:41",849450,152,850217,1019835,0,N,"2023-04-28 14:02:41",0,0
785473,C,"2023-04-28 14:02:48",849983,292,849471,1003591,0,N,"2023-04-28 14:02:48",0,0
785476,C,"2023-04-28 14:02:48",849446,218,850217,1019836,0,N,"2023-04-28 14:02:48",0,0
785480,C,"2023-04-28 14:02:51",849504,132,849450,1007025,0,N,"2023-04-28 14:02:51",0,0
785494,C,"2023-04-28 14:02:59",849450,193,850217,1019837,0,N,"2023-04-28 14:02:59",0,0
785495,C,"2023-04-28 14:02:59",849498,153,849450,1007026,0,N,"2023-04-28 14:02:59",0,0
785507,C,"2023-04-28 14:03:06",849475,218,849471,1003592,0,N,"2023-04-28 14:03:06",0,0
785519,C,"2023-04-28 14:03:12",849439,226,849450,1007027,0,N,"2023-04-28 14:03:12",0,0
785536,C,"2023-04-28 14:03:21",849977,234,850215,1019787,0,N,"2023-04-28 14:03:21",0,0
785565,C,"2023-04-28 14:03:32",849493,243,849471,1003594,0,N,"2023-04-28 14:03:32",0,0
785591,C,"2023-04-28 14:03:43",850031,131,849471,1003595,1,N,"2023-04-28 14:03:43",0,0
785624,C,"2023-04-28 14:03:55",849488,235,849471,1003596,1,N,"2023-04-28 14:03:55",0,0
785650,C,"2023-04-28 14:04:06",849475,265,849471,1003597,0,N,"2023-04-28 14:04:06",0,0
785691,C,"2023-04-28 14:04:21",849549,152,849928,1006368,0,N,"2023-04-28 14:04:21",0,0
785700,C,"2023-04-28 14:04:23",850057,148,849922,1006208,0,N,"2023-04-28 14:04:23",0,0
785716,C,"2023-04-28 14:04:32",849446,207,849922,1006209,0,N,"2023-04-28 14:04:32",0,0
785737,C,"2023-04-28 14:04:39",849543,284,849922,1006210,0,N,"2023-04-28 14:04:39",0,0
785753,C,"2023-04-28 14:04:46",849450,289,849974,1009338,0,N,"2023-04-28 14:04:46",0,0
785764,C,"2023-04-28 14:04:49",849543,159,849922,1006211,0,N,"2023-04-28 14:04:49",0,0
785777,C,"2023-04-28 14:04:55",849762,124,849922,1006212,0,N,"2023-04-28 14:04:55",0,0
785794,C,"2023-04-28 14:05:01",849634,195,849922,1006213,0,N,"2023-04-28 14:05:01",0,0
785805,C,"2023-04-28 14:05:07",850058,249,849922,1006214,0,N,"2023-04-28 14:05:07",0,0
785812,C,"2023-04-28 14:05:09",849438,291,849488,1009578,0,N,"2023-04-28 14:05:09",0,0
785819,C,"2023-04-28 14:05:12",849471,303,849922,1006215,0,N,"2023-04-28 14:05:12",0,0
785832,C,"2023-04-28 14:05:18",849469,235,849922,1006216,0,N,"2023-04-28 14:05:18",0,0
785843,C,"2023-04-28 14:05:23",849938,308,849928,1006369,1,N,"2023-04-28 14:05:23",0,0
785844,C,"2023-04-28 14:05:23",850006,251,849974,1009339,0,N,"2023-04-28 14:05:23",0,0
785845,C,"2023-04-28 14:05:24",849450,298,849922,1006217,0,N,"2023-04-28 14:05:24",0,0
785880,C,"2023-04-28 14:05:36",839124,265,849974,1009340,0,N,"2023-04-28 14:05:36",0,0
785895,C,"2023-04-28 14:05:42",850006,173,849974,1009341,0,N,"2023-04-28 14:05:42",0,0
785911,C,"2023-04-28 14:05:49",850098,244,849974,1009342,1,N,"2023-04-28 14:05:49",0,0
785935,C,"2023-04-28 14:05:58",849439,132,849974,1009343,0,N,"2023-04-28 14:05:58",0,0
785989,C,"2023-04-28 14:06:16",849439,300,849974,1009344,0,N,"2023-04-28 14:06:16",0,0
786028,C,"2023-04-28 14:06:33",850217,232,849974,1009345,0,N,"2023-04-28 14:06:33",0,0
786054,C,"2023-04-28 14:06:40",850006,282,849974,1009346,0,N,"2023-04-28 14:06:40",0,0
786072,C,"2023-04-28 14:06:48",849444,123,849974,1009347,0,N,"2023-04-28 14:06:48",0,0
786194,C,"2023-04-28 14:07:35",849452,103,849466,1006108,0,N,"2023-04-28 14:07:35",0,0
786234,C,"2023-04-28 14:07:52",849512,190,849466,1006110,0,N,"2023-04-28 14:07:52",0,0
786284,C,"2023-04-28 14:08:10",849445,128,849466,1006111,0,N,"2023-04-28 14:08:10",0,0
786305,C,"2023-04-28 14:08:19",849512,112,849466,1006112,0,N,"2023-04-28 14:08:19",0,0
786316,C,"2023-04-28 14:08:23",839670,156,850248,1021228,0,N,"2023-04-28 14:08:23",0,0
786337,C,"2023-04-28 14:08:29",849451,232,849466,1006114,0,N,"2023-04-28 14:08:29",0,0
786399,C,"2023-04-28 14:08:50",849452,178,849466,1006116,0,N,"2023-04-28 14:08:50",0,0
786438,C,"2023-04-28 14:09:03",850058,226,850255,1021388,0,N,"2023-04-28 14:09:03",0,0
786450,C,"2023-04-28 14:09:08",841386,215,849466,1006117,0,N,"2023-04-28 14:09:08",0,0
786454,C,"2023-04-28 14:09:10",849487,133,850255,1021389,0,N,"2023-04-28 14:09:10",0,0
786460,C,"2023-04-28 14:09:15",850098,279,850255,1021390,1,N,"2023-04-28 14:09:15",0,0
786475,C,"2023-04-28 14:09:23",849670,286,850248,1021237,0,N,"2023-04-28 14:09:23",0,0
786495,C,"2023-04-28 14:09:33",850186,297,850229,1020179,0,N,"2023-04-28 14:09:33",0,0
786505,C,"2023-04-28 14:09:38",849475,209,850255,1021391,0,N,"2023-04-28 14:09:38",0,0
786513,C,"2023-04-28 14:09:43",849983,274,850229,1020181,0,N,"2023-04-28 14:09:43",0,0
786536,I,"2023-04-28 14:09:54",849995,136,850255,1021392,1,N,"2023-04-28 14:09:54",0,2
786540,C,"2023-04-28 14:09:56",850057,125,850229,1020184,0,N,"2023-04-28 14:09:56",0,0
786549,C,"2023-04-28 14:10:01",850195,212,850255,1021393,0,N,"2023-04-28 14:10:01",0,0
786551,C,"2023-04-28 14:10:02",850057,161,850229,1020185,0,N,"2023-04-28 14:10:02",0,0
786568,C,"2023-04-28 14:10:11",849528,120,850229,1020186,0,N,"2023-04-28 14:10:11",0,0
786569,C,"2023-04-28 14:10:12",850195,287,850255,1021394,0,N,"2023-04-28 14:10:12",0,0
786581,C,"2023-04-28 14:10:21",850058,258,850255,1021395,0,N,"2023-04-28 14:10:21",0,0
786610,C,"2023-04-28 14:10:36",849549,237,849981,1008308,0,N,"2023-04-28 14:10:36",0,0
786611,C,"2023-04-28 14:10:36",850180,190,850255,1021396,0,N,"2023-04-28 14:10:36",0,0
786622,C,"2023-04-28 14:10:42",849452,319,849981,1008309,0,N,"2023-04-28 14:10:42",0,0
786634,C,"2023-04-28 14:10:48",849762,162,849981,1008310,0,N,"2023-04-28 14:10:48",0,0
786647,C,"2023-04-28 14:10:54",847375,100,849981,1008311,0,N,"2023-04-28 14:10:54",0,0
786656,C,"2023-04-28 14:10:59",849549,150,849981,1008312,0,N,"2023-04-28 14:10:59",0,0
786667,C,"2023-04-28 14:11:06",849439,179,849488,1009579,0,N,"2023-04-28 14:11:06",0,0
786674,C,"2023-04-28 14:11:07",849487,106,849981,1008313,0,N,"2023-04-28 14:11:07",0,0
786694,C,"2023-04-28 14:11:18",849439,171,849981,1008315,0,N,"2023-04-28 14:11:18",0,0
786701,C,"2023-04-28 14:11:22",847375,212,850039,1010749,0,N,"2023-04-28 14:11:22",0,0
786708,C,"2023-04-28 14:11:25",849490,118,849981,1008316,0,N,"2023-04-28 14:11:25",0,0
786718,C,"2023-04-28 14:11:30",849963,161,850039,1010750,0,N,"2023-04-28 14:11:30",0,0
786730,C,"2023-04-28 14:11:35",849464,110,849981,1008317,0,N,"2023-04-28 14:11:35",0,0
786746,C,"2023-04-28 14:11:42",849441,229,850039,1010751,0,N,"2023-04-28 14:11:42",0,0
786756,C,"2023-04-28 14:11:48",849922,246,849488,1009581,0,N,"2023-04-28 14:11:48",0,0
786785,C,"2023-04-28 14:12:03",849493,172,849488,1009582,0,N,"2023-04-28 14:12:03",0,0
786803,C,"2023-04-28 14:12:12",850057,282,850039,1010754,0,N,"2023-04-28 14:12:12",0,0
786807,C,"2023-04-28 14:12:14",849452,199,849488,1009583,0,N,"2023-04-28 14:12:14",0,0
786820,C,"2023-04-28 14:12:22",849464,157,849451,1006737,0,N,"2023-04-28 14:12:22",0,0
786824,C,"2023-04-28 14:12:24",849983,204,850039,1010755,0,N,"2023-04-28 14:12:24",0,0
786855,C,"2023-04-28 14:12:36",850006,150,849488,1009584,0,N,"2023-04-28 14:12:36",0,0
786857,C,"2023-04-28 14:12:37",849682,279,850039,1010756,0,N,"2023-04-28 14:12:37",0,0
786867,C,"2023-04-28 14:12:41",850006,108,849983,1008728,0,N,"2023-04-28 14:12:41",0,0
786868,C,"2023-04-28 14:12:42",849634,159,849488,1009585,0,N,"2023-04-28 14:12:42",0,0
786873,C,"2023-04-28 14:12:45",849548,189,850039,1010757,1,N,"2023-04-28 14:12:45",0,0
786881,C,"2023-04-28 14:12:47",849444,283,849983,1008729,0,N,"2023-04-28 14:12:47",0,0
786894,C,"2023-04-28 14:12:52",849670,168,849488,1009586,0,N,"2023-04-28 14:12:52",0,0
786913,C,"2023-04-28 14:13:01",849452,139,849963,1007643,0,N,"2023-04-28 14:13:01",0,0
786935,C,"2023-04-28 14:13:10",849452,176,850267,1022125,0,N,"2023-04-28 14:13:10",0,0
786943,C,"2023-04-28 14:13:13",849444,156,849983,1008732,0,N,"2023-04-28 14:13:13",0,0
786953,C,"2023-04-28 14:13:16",849445,275,849963,1007644,0,N,"2023-04-28 14:13:16",0,0
786955,C,"2023-04-28 14:13:16",849452,233,849488,1009587,0,N,"2023-04-28 14:13:16",0,0
786971,C,"2023-04-28 14:13:24",849444,178,849963,1007645,0,N,"2023-04-28 14:13:24",0,0
786972,C,"2023-04-28 14:13:24",849487,243,849983,1008733,0,N,"2023-04-28 14:13:24",0,0
786974,C,"2023-04-28 14:13:25",850249,292,850269,1022140,0,N,"2023-04-28 14:13:25",0,0
786984,C,"2023-04-28 14:13:30",849444,204,849963,1007646,0,N,"2023-04-28 14:13:30",0,0
786986,C,"2023-04-28 14:13:30",850039,224,849983,1008734,0,N,"2023-04-28 14:13:30",0,0
786995,C,"2023-04-28 14:13:34",849454,279,850269,1022141,1,N,"2023-04-28 14:13:34",0,0
787006,C,"2023-04-28 14:13:40",849489,260,849983,1008735,0,N,"2023-04-28 14:13:40",0,0
787017,C,"2023-04-28 14:13:46",849762,146,849963,1007647,0,N,"2023-04-28 14:13:46",0,0
787027,C,"2023-04-28 14:13:50",849475,155,849983,1008736,0,N,"2023-04-28 14:13:50",0,0
787036,C,"2023-04-28 14:13:52",849548,186,850269,1022142,1,N,"2023-04-28 14:13:52",0,0
787047,C,"2023-04-28 14:13:58",849543,304,849983,1008737,0,N,"2023-04-28 14:13:58",0,0
787082,C,"2023-04-28 14:14:11",849548,115,850269,1022144,1,N,"2023-04-28 14:14:11",0,0
787085,C,"2023-04-28 14:14:12",849441,183,849543,1006538,0,N,"2023-04-28 14:14:12",0,0
787133,C,"2023-04-28 14:14:32",849454,217,850269,1022145,1,N,"2023-04-28 14:14:32",0,0
787137,C,"2023-04-28 14:14:33",849559,222,850269,1022146,0,N,"2023-04-28 14:14:33",0,0
787199,C,"2023-04-28 14:14:57",849450,271,850269,1022147,0,N,"2023-04-28 14:14:57",0,0
787231,C,"2023-04-28 14:15:07",849442,139,850267,1022128,0,N,"2023-04-28 14:15:07",0,0
787258,C,"2023-04-28 14:15:19",849438,291,849543,1006539,0,N,"2023-04-28 14:15:19",0,0
787267,C,"2023-04-28 14:15:23",849444,232,850267,1022130,0,N,"2023-04-28 14:15:23",0,0
787274,C,"2023-04-28 14:15:26",849493,260,849543,1006540,0,N,"2023-04-28 14:15:26",0,0
787284,C,"2023-04-28 14:15:31",849442,260,850267,1022131,0,N,"2023-04-28 14:15:31",0,0
787293,C,"2023-04-28 14:15:33",850112,324,849438,1011909,0,N,"2023-04-28 14:15:33",0,0
787295,C,"2023-04-28 14:15:34",849549,157,849543,1006541,0,N,"2023-04-28 14:15:34",0,0
787303,C,"2023-04-28 14:15:38",850077,272,850267,1022133,0,N,"2023-04-28 14:15:38",0,0
787307,I,"2023-04-28 14:15:39",849762,276,849543,1006542,0,N,"2023-04-28 14:15:39",0,1
787314,C,"2023-04-28 14:15:43",849498,189,849438,1011910,0,N,"2023-04-28 14:15:43",0,0
787326,C,"2023-04-28 14:15:47",849475,181,849543,1006543,0,N,"2023-04-28 14:15:47",0,0
787347,C,"2023-04-28 14:15:55",849489,119,849543,1006544,0,N,"2023-04-28 14:15:55",0,0
787359,C,"2023-04-28 14:15:58",850249,215,849438,1011911,0,N,"2023-04-28 14:15:58",0,0
787378,C,"2023-04-28 14:16:06",849762,180,850267,1022134,0,N,"2023-04-28 14:16:06",0,0
787435,C,"2023-04-28 14:16:30",849452,309,849543,1006545,0,N,"2023-04-28 14:16:30",0,0
787442,C,"2023-04-28 14:16:33",849490,113,849438,1011913,0,N,"2023-04-28 14:16:33",0,0
787459,C,"2023-04-28 14:16:42",849453,315,850006,1009848,0,N,"2023-04-28 14:16:42",0,0
787467,C,"2023-04-28 14:16:45",849464,170,850267,1022136,0,N,"2023-04-28 14:16:45",0,0
787477,C,"2023-04-28 14:16:48",849487,241,849543,1006546,0,N,"2023-04-28 14:16:48",0,0
787484,C,"2023-04-28 14:16:50",849488,212,850006,1009849,1,N,"2023-04-28 14:16:50",0,0
787497,C,"2023-04-28 14:16:55",850248,243,849438,1011914,0,N,"2023-04-28 14:16:55",0,0
787503,C,"2023-04-28 14:16:56",849439,274,850006,1009850,0,N,"2023-04-28 14:16:56",0,0
787520,C,"2023-04-28 14:17:03",849488,139,849438,1011915,1,N,"2023-04-28 14:17:03",0,0
787529,C,"2023-04-28 14:17:07",849503,163,850006,1009851,1,N,"2023-04-28 14:17:07",0,0
787554,C,"2023-04-28 14:17:15",849452,198,849438,1011916,0,N,"2023-04-28 14:17:15",0,0
787562,C,"2023-04-28 14:17:18",849493,186,850006,1009852,0,N,"2023-04-28 14:17:18",0,0
787585,C,"2023-04-28 14:17:26",849488,176,849452,1011718,1,N,"2023-04-28 14:17:26",0,0
787589,C,"2023-04-28 14:17:27",849452,117,849438,1011917,0,N,"2023-04-28 14:17:27",0,0
787599,C,"2023-04-28 14:17:32",849535,234,850006,1009853,0,N,"2023-04-28 14:17:32",0,0
787618,C,"2023-04-28 14:17:37",849974,226,850006,1009854,0,N,"2023-04-28 14:17:37",0,0
787640,C,"2023-04-28 14:17:45",849454,100,849452,1011719,1,N,"2023-04-28 14:17:45",0,0
787653,C,"2023-04-28 14:17:50",849974,207,850006,1009856,0,N,"2023-04-28 14:17:50",0,0
787657,C,"2023-04-28 14:17:50",849488,164,849452,1011720,1,N,"2023-04-28 14:17:50",0,0
787676,C,"2023-04-28 14:17:58",849489,148,849452,1011721,0,N,"2023-04-28 14:17:58",0,0
787687,C,"2023-04-28 14:18:01",849535,137,850006,1009857,0,N,"2023-04-28 14:18:01",0,0
787693,C,"2023-04-28 14:18:03",850267,205,849452,1011722,0,N,"2023-04-28 14:18:03",0,0
787701,C,"2023-04-28 14:18:07",849452,161,838642,1023129,0,N,"2023-04-28 14:18:07",0,0
787706,C,"2023-04-28 14:18:09",849981,115,849452,1011723,0,N,"2023-04-28 14:18:09",0,0
787723,C,"2023-04-28 14:18:16",849452,286,838642,1023130,0,N,"2023-04-28 14:18:16",0,0
787726,I,"2023-04-28 14:18:17",849498,105,849452,1011724,1,N,"2023-04-28 14:18:17",0,2
787746,C,"2023-04-28 14:18:25",849489,306,849452,1011725,0,N,"2023-04-28 14:18:25",0,0
787755,C,"2023-04-28 14:18:29",849442,203,838642,1023131,0,N,"2023-04-28 14:18:29",0,0
787765,C,"2023-04-28 14:18:33",849489,183,849452,1011726,0,N,"2023-04-28 14:18:33",0,0
787773,C,"2023-04-28 14:18:36",847375,265,838642,1023132,0,N,"2023-04-28 14:18:36",0,0
787783,C,"2023-04-28 14:18:41",849441,150,849452,1011727,0,N,"2023-04-28 14:18:41",0,0
787795,C,"2023-04-28 14:18:45",849450,307,838642,1023133,0,N,"2023-04-28 14:18:45",0,0
787812,C,"2023-04-28 14:18:54",847375,149,838642,1023134,0,N,"2023-04-28 14:18:54",0,0
787826,C,"2023-04-28 14:18:59",849446,129,850077,1012598,0,N,"2023-04-28 14:18:59",0,0
787829,C,"2023-04-28 14:19:00",849460,191,838642,1023135,1,N,"2023-04-28 14:19:00",0,0
787838,C,"2023-04-28 14:19:04",849450,205,847375,1012558,0,N,"2023-04-28 14:19:04",0,0
787846,C,"2023-04-28 14:19:08",849450,237,838642,1023136,0,N,"2023-04-28 14:19:08",0,0
787850,C,"2023-04-28 14:19:12",849620,193,850077,1012599,0,N,"2023-04-28 14:19:12",0,0
787868,C,"2023-04-28 14:19:21",849450,202,838642,1023137,0,N,"2023-04-28 14:19:21",0,0
787869,C,"2023-04-28 14:19:21",849441,179,850077,1012600,0,N,"2023-04-28 14:19:21",0,0
787872,I,"2023-04-28 14:19:22",849963,223,847375,1012559,0,N,"2023-04-28 14:19:22",0,1
787884,C,"2023-04-28 14:19:28",849455,201,850077,1012601,0,N,"2023-04-28 14:19:28",0,0
787890,C,"2023-04-28 14:19:33",850217,112,847375,1012560,0,N,"2023-04-28 14:19:33",0,0
787912,C,"2023-04-28 14:19:46",849452,133,847375,1012561,0,N,"2023-04-28 14:19:46",0,0
787926,C,"2023-04-28 14:19:54",849548,268,847375,1012562,1,N,"2023-04-28 14:19:54",0,0
787933,C,"2023-04-28 14:19:56",849762,116,850077,1012605,0,N,"2023-04-28 14:19:56",0,0
787950,C,"2023-04-28 14:20:08",849455,137,850077,1012606,0,N,"2023-04-28 14:20:08",0,0
787965,C,"2023-04-28 14:20:17",849439,288,847375,1012564,0,N,"2023-04-28 14:20:17",0,0
787968,C,"2023-04-28 14:20:18",849963,288,850077,1012607,0,N,"2023-04-28 14:20:18",0,0
787984,C,"2023-04-28 14:20:29",849436,113,847375,1012565,0,N,"2023-04-28 14:20:29",0,0
787990,C,"2023-04-28 14:20:32",849446,157,849436,1012638,0,N,"2023-04-28 14:20:32",0,0
787994,C,"2023-04-28 14:20:35",849498,169,849469,1012858,0,N,"2023-04-28 14:20:35",0,0
788007,C,"2023-04-28 14:20:40",849438,169,849439,1012788,0,N,"2023-04-28 14:20:40",0,0
788011,I,"2023-04-28 14:20:44",849477,212,849469,1012859,1,N,"2023-04-28 14:20:44",0,1
788014,C,"2023-04-28 14:20:45",850267,279,847375,1012566,0,N,"2023-04-28 14:20:45",0,0
788018,C,"2023-04-28 14:20:47",849515,289,849439,1012789,1,N,"2023-04-28 14:20:47",0,0
788032,C,"2023-04-28 14:20:51",847375,193,849436,1012639,0,N,"2023-04-28 14:20:51",0,0
788043,C,"2023-04-28 14:20:57",849444,271,849439,1012790,0,N,"2023-04-28 14:20:57",0,0
788064,C,"2023-04-28 14:21:07",849762,128,847375,1012567,0,N,"2023-04-28 14:21:07",0,0
788065,C,"2023-04-28 14:21:07",849963,310,849436,1012640,0,N,"2023-04-28 14:21:07",0,0
788072,C,"2023-04-28 14:21:09",849489,292,849439,1012792,0,N,"2023-04-28 14:21:09",0,0
788088,C,"2023-04-28 14:21:16",849441,188,849439,1012793,0,N,"2023-04-28 14:21:16",0,0
788091,C,"2023-04-28 14:21:16",849623,226,849469,1012861,0,N,"2023-04-28 14:21:16",0,0
788098,C,"2023-04-28 14:21:18",849441,211,849436,1012641,0,N,"2023-04-28 14:21:18",0,0
788106,C,"2023-04-28 14:21:22",849464,321,849439,1012794,0,N,"2023-04-28 14:21:22",0,0
788115,I,"2023-04-28 14:21:25",849488,303,849469,1012862,1,N,"2023-04-28 14:21:25",0,1
788126,C,"2023-04-28 14:21:28",847375,257,849439,1012795,0,N,"2023-04-28 14:21:28",0,0
788146,C,"2023-04-28 14:21:36",849469,275,849436,1012642,0,N,"2023-04-28 14:21:36",0,0
788147,C,"2023-04-28 14:21:37",849454,227,849469,1012863,1,N,"2023-04-28 14:21:37",0,0
788150,C,"2023-04-28 14:21:38",849452,158,849439,1012796,0,N,"2023-04-28 14:21:38",0,0
788162,C,"2023-04-28 14:21:44",849453,323,849439,1012797,0,N,"2023-04-28 14:21:44",0,0
788171,C,"2023-04-28 14:21:46",849454,168,849436,1012643,1,N,"2023-04-28 14:21:46",0,0
788200,C,"2023-04-28 14:22:00",849488,210,849469,1012869,1,N,"2023-04-28 14:22:00",0,0
788213,C,"2023-04-28 14:22:06",850098,243,849469,1012870,1,N,"2023-04-28 14:22:06",0,0
788215,C,"2023-04-28 14:22:09",849439,151,849436,1012644,0,N,"2023-04-28 14:22:09",0,0
788254,I,"2023-04-28 14:22:22",849452,274,849454,1013300,0,N,"2023-04-28 14:22:22",0,1
788264,C,"2023-04-28 14:22:26",849558,291,849436,1012645,0,N,"2023-04-28 14:22:26",0,0
788278,C,"2023-04-28 14:22:31",838305,122,849454,1013301,0,N,"2023-04-28 14:22:31",0,0
788292,C,"2023-04-28 14:22:37",849995,300,850058,1012019,0,N,"2023-04-28 14:22:37",0,0
788313,C,"2023-04-28 14:22:47",847375,219,849454,1013304,0,N,"2023-04-28 14:22:47",0,0
788315,C,"2023-04-28 14:22:48",850284,140,850058,1012020,1,N,"2023-04-28 14:22:48",0,0
788336,C,"2023-04-28 14:22:55",849442,325,849436,1012647,0,N,"2023-04-28 14:22:55",0,0
788343,C,"2023-04-28 14:22:59",850284,230,850058,1012021,1,N,"2023-04-28 14:22:59",0,0
788351,C,"2023-04-28 14:23:02",849438,255,849454,1013305,0,N,"2023-04-28 14:23:02",0,0
788362,C,"2023-04-28 14:23:06",849475,215,850058,1012022,0,N,"2023-04-28 14:23:06",0,0
788372,C,"2023-04-28 14:23:09",849477,151,849454,1013306,1,N,"2023-04-28 14:23:09",0,0
788380,C,"2023-04-28 14:23:13",850284,318,850058,1012023,1,N,"2023-04-28 14:23:13",0,0
788383,C,"2023-04-28 14:23:15",850195,103,849489,1012288,0,N,"2023-04-28 14:23:15",0,0
788387,C,"2023-04-28 14:23:17",849436,194,849946,1007065,0,N,"2023-04-28 14:23:17",0,0
788395,C,"2023-04-28 14:23:20",847375,313,849454,1013307,0,N,"2023-04-28 14:23:20",0,0
788398,C,"2023-04-28 14:23:22",850255,323,850058,1012024,0,N,"2023-04-28 14:23:22",0,0
788406,C,"2023-04-28 14:23:24",849471,210,849489,1012289,0,N,"2023-04-28 14:23:24",0,0
788414,C,"2023-04-28 14:23:29",849454,268,850057,1012268,1,N,"2023-04-28 14:23:29",0,0
788420,C,"2023-04-28 14:23:31",849475,189,850058,1012025,0,N,"2023-04-28 14:23:31",0,0
788425,C,"2023-04-28 14:23:34",849490,119,849489,1012290,0,N,"2023-04-28 14:23:34",0,0
788439,C,"2023-04-28 14:23:39",849498,116,849946,1007066,0,N,"2023-04-28 14:23:39",0,0
788449,C,"2023-04-28 14:23:45",850127,212,850057,1012270,0,N,"2023-04-28 14:23:45",0,0
788450,C,"2023-04-28 14:23:45",849438,240,849489,1012291,0,N,"2023-04-28 14:23:45",0,0
788454,C,"2023-04-28 14:23:47",850098,261,850058,1012027,1,N,"2023-04-28 14:23:47",0,0
788466,C,"2023-04-28 14:23:52",850098,254,850007,1013758,1,N,"2023-04-28 14:23:52",0,0
788470,C,"2023-04-28 14:23:55",849548,161,850057,1012271,1,N,"2023-04-28 14:23:55",0,0
788472,C,"2023-04-28 14:23:57",849438,118,849946,1007067,0,N,"2023-04-28 14:23:57",0,0
788475,C,"2023-04-28 14:23:58",850186,303,850007,1013759,0,N,"2023-04-28 14:23:58",0,0
788478,C,"2023-04-28 14:24:01",849559,209,850057,1012272,0,N,"2023-04-28 14:24:01",0,0
788480,C,"2023-04-28 14:24:03",849479,323,850007,1013760,0,N,"2023-04-28 14:24:03",0,0
788483,C,"2023-04-28 14:24:04",849460,212,849503,1013848,1,N,"2023-04-28 14:24:04",0,0
788490,C,"2023-04-28 14:24:08",849446,195,850057,1012273,0,N,"2023-04-28 14:24:08",0,0
788494,C,"2023-04-28 14:24:10",849442,215,849503,1013849,0,N,"2023-04-28 14:24:10",0,0
788503,C,"2023-04-28 14:24:14",850229,321,850057,1012274,0,N,"2023-04-28 14:24:14",0,0
788504,C,"2023-04-28 14:24:15",849541,118,849503,1013850,0,N,"2023-04-28 14:24:15",0,0
788509,C,"2023-04-28 14:24:18",849995,292,850007,1013761,0,N,"2023-04-28 14:24:18",0,0
788518,C,"2023-04-28 14:24:22",849535,250,850057,1012275,0,N,"2023-04-28 14:24:22",0,0
788519,C,"2023-04-28 14:24:22",849558,323,849503,1013851,0,N,"2023-04-28 14:24:22",0,0
788522,I,"2023-04-28 14:24:23",849445,277,850007,1013762,1,N,"2023-04-28 14:24:23",0,1
788531,C,"2023-04-28 14:24:28",849446,264,849489,1012296,0,N,"2023-04-28 14:24:28",0,0
788542,C,"2023-04-28 14:24:33",849528,106,850057,1012276,0,N,"2023-04-28 14:24:33",0,0
788549,C,"2023-04-28 14:24:36",850195,237,850007,1013763,0,N,"2023-04-28 14:24:36",0,0
788551,C,"2023-04-28 14:24:37",849442,108,849503,1013854,0,N,"2023-04-28 14:24:37",0,0
788562,C,"2023-04-28 14:24:42",849535,101,849489,1012297,0,N,"2023-04-28 14:24:42",0,0
