id,reason,created_at
42,"재밌는 질문이 없어서","2023-03-29 13:22:12"
43,"함께 할 친구가 없어서","2023-03-29 13:24:59"
44,"함께 할 친구가 없어서","2023-03-29 13:53:32"
45,"함께 할 친구가 없어서","2023-03-29 13:54:03"
46,"재밌는 질문이 없어서","2023-03-30 00:31:19"
47,"기타 이유","2023-03-30 00:34:23"
48,"기타 이유","2023-03-30 04:26:56"
49,"재밌는 질문이 없어서","2023-03-31 11:28:33"
50,"재밌는 질문이 없어서","2023-03-31 11:30:32"
51,test,"2023-03-31 11:45:11"
52,"재밌는 질문이 없어서","2023-03-31 15:58:24"
53,"재밌는 질문이 없어서","2023-03-31 16:05:53"
54,"함께 할 친구가 없어서","2023-03-31 16:14:07"
55,"버그가 너무 많아서","2023-03-31 16:50:24"
56,"기타 이유","2023-03-31 16:58:05"
58,"버그가 너무 많아서","2023-03-31 18:55:06"
59,"재밌는 질문이 없어서","2023-03-31 18:55:20"
60,"기타 이유","2023-04-01 02:50:37"
61,"기타 이유","2023-04-01 03:32:28"
62,"기타 이유","2023-04-01 04:24:58"
63,"기타 이유","2023-04-01 10:49:13"
64,"기타 이유","2023-04-01 10:50:05"
65,"재밌는 질문이 없어서","2023-04-01 11:50:25"
66,"기타 이유","2023-04-01 11:54:10"
67,"함께 할 친구가 없어서","2023-04-01 12:06:36"
68,"기타 이유","2023-04-01 12:07:42"
69,"재밌는 질문이 없어서","2023-04-02 07:22:53"
70,"버그가 너무 많아서","2023-04-02 11:49:46"
71,"버그가 너무 많아서","2023-04-02 13:30:13"
72,"재밌는 질문이 없어서","2023-04-02 17:53:31"
73,test,"2023-04-03 04:52:06"
74,"재밌는 질문이 없어서","2023-04-03 10:36:44"
75,"기타 이유","2023-04-03 14:20:22"
76,"재밌는 질문이 없어서","2023-04-04 13:01:04"
77,"기타 이유","2023-04-07 16:03:26"
78,"함께 할 친구가 없어서","2023-04-08 01:11:12"
79,"기타 이유","2023-04-08 11:29:26"
80,"기타 이유","2023-04-08 11:57:02"
81,"재밌는 질문이 없어서","2023-04-08 13:52:06"
82,"기타 이유","2023-04-09 03:14:09"
83,"기타 이유","2023-04-09 07:34:14"
84,"기타 이유","2023-04-10 15:05:00"
85,"재밌는 질문이 없어서","2023-04-11 07:15:34"
86,"기타 이유","2023-04-11 10:25:13"
87,"함께 할 친구가 없어서","2023-04-13 07:59:41"
88,"기타 이유","2023-04-15 07:13:30"
89,"기타 이유","2023-04-15 07:25:02"
90,"함께 할 친구가 없어서","2023-04-15 12:00:15"
91,"기타 이유","2023-04-15 14:51:33"
92,"기타 이유","2023-04-15 15:03:14"
93,"함께 할 친구가 없어서","2023-04-17 09:45:19"
94,"함께 할 친구가 없어서","2023-04-17 09:59:13"
95,"함께 할 친구가 없어서","2023-04-17 19:11:44"
96,"구독료가 너무 비싸서","2023-04-17 20:28:16"
97,"함께 할 친구가 없어서","2023-04-19 06:08:07"
98,"기타 이유","2023-04-19 06:21:33"
99,"재밌는 질문이 없어서","2023-04-19 06:30:19"
100,"기타 이유","2023-04-19 06:31:25"
101,"기타 이유","2023-04-19 06:57:14"
102,"기타 이유","2023-04-19 07:37:56"
103,"재밌는 질문이 없어서","2023-04-19 07:39:28"
104,"기타 이유","2023-04-19 07:42:44"
105,"함께 할 친구가 없어서","2023-04-19 07:50:29"
106,"기타 이유","2023-04-19 07:52:56"
107,"함께 할 친구가 없어서","2023-04-19 08:07:45"
108,"함께 할 친구가 없어서","2023-04-19 08:08:36"
109,"기타 이유","2023-04-19 08:35:10"
110,"재밌는 질문이 없어서","2023-04-19 08:36:52"
111,"함께 할 친구가 없어서","2023-04-19 08:46:07"
112,"기타 이유","2023-04-19 09:01:17"
113,"함께 할 친구가 없어서","2023-04-19 09:02:36"
114,"함께 할 친구가 없어서","2023-04-19 09:02:54"
115,"기타 이유","2023-04-19 09:06:20"
116,"기타 이유","2023-04-19 09:15:55"
117,"기타 이유","2023-04-19 09:18:03"
120,"버그가 너무 많아서","2023-04-19 09:32:41"
121,"기타 이유","2023-04-19 09:41:06"
122,"기타 이유","2023-04-19 09:42:01"
123,"기타 이유","2023-04-19 10:09:47"
124,"기타 이유","2023-04-19 10:13:13"
125,"함께 할 친구가 없어서","2023-04-19 10:16:52"
126,"기타 이유","2023-04-19 10:49:22"
127,"기타 이유","2023-04-19 11:06:33"
128,"재밌는 질문이 없어서","2023-04-19 12:24:47"
129,"기타 이유","2023-04-19 13:25:54"
130,"기타 이유","2023-04-19 13:37:49"
131,"기타 이유","2023-04-19 13:44:13"
132,"재밌는 질문이 없어서","2023-04-19 13:53:06"
133,"버그가 너무 많아서","2023-04-19 13:58:01"
134,"기타 이유","2023-04-19 14:02:04"
135,"재밌는 질문이 없어서","2023-04-19 14:10:54"
136,"기타 이유","2023-04-19 14:44:27"
137,"함께 할 친구가 없어서","2023-04-19 14:45:28"
138,"기타 이유","2023-04-19 15:15:13"
139,"기타 이유","2023-04-19 15:16:10"
140,"기타 이유","2023-04-19 15:22:15"
141,"기타 이유","2023-04-19 16:03:48"
142,"함께 할 친구가 없어서","2023-04-19 16:17:53"
143,"함께 할 친구가 없어서","2023-04-19 16:22:14"
144,"함께 할 친구가 없어서","2023-04-19 16:26:33"
145,"기타 이유","2023-04-19 16:32:56"
146,"버그가 너무 많아서","2023-04-19 16:34:48"
147,"함께 할 친구가 없어서","2023-04-19 16:38:34"
148,"함께 할 친구가 없어서","2023-04-19 16:41:11"
149,"기타 이유","2023-04-19 17:09:54"
150,"함께 할 친구가 없어서","2023-04-19 18:01:00"
151,"기타 이유","2023-04-19 19:03:48"
152,"기타 이유","2023-04-19 19:07:50"
153,"함께 할 친구가 없어서","2023-04-19 23:10:45"
154,"재밌는 질문이 없어서","2023-04-19 23:29:20"
155,"기타 이유","2023-04-20 00:58:19"
156,"버그가 너무 많아서","2023-04-20 01:31:05"
157,"함께 할 친구가 없어서","2023-04-20 01:42:41"
158,"기타 이유","2023-04-20 01:46:10"
159,"기타 이유","2023-04-20 01:47:21"
160,"기타 이유","2023-04-20 01:51:04"
161,"기타 이유","2023-04-20 01:54:27"
162,"기타 이유","2023-04-20 02:26:36"
163,"기타 이유","2023-04-20 02:28:53"
164,"기타 이유","2023-04-20 02:31:50"
165,"기타 이유","2023-04-20 02:33:05"
166,"재밌는 질문이 없어서","2023-04-20 02:46:25"
167,"기타 이유","2023-04-20 03:00:05"
168,"함께 할 친구가 없어서","2023-04-20 03:09:19"
169,"함께 할 친구가 없어서","2023-04-20 03:16:55"
170,"함께 할 친구가 없어서","2023-04-20 03:20:36"
171,"기타 이유","2023-04-20 03:37:09"
172,"함께 할 친구가 없어서","2023-04-20 03:37:22"
173,"기타 이유","2023-04-20 03:38:31"
174,"기타 이유","2023-04-20 04:55:09"
175,"재밌는 질문이 없어서","2023-04-20 04:57:40"
176,"버그가 너무 많아서","2023-04-20 04:59:15"
177,"기타 이유","2023-04-20 05:06:17"
178,"기타 이유","2023-04-20 05:09:12"
179,"기타 이유","2023-04-20 05:11:46"
180,"기타 이유","2023-04-20 05:29:04"
181,"함께 할 친구가 없어서","2023-04-20 05:43:11"
182,"함께 할 친구가 없어서","2023-04-20 06:09:18"
183,"함께 할 친구가 없어서","2023-04-20 06:23:39"
184,"기타 이유","2023-04-20 06:42:07"
185,"기타 이유","2023-04-20 06:43:09"
186,"기타 이유","2023-04-20 06:56:17"
187,"기타 이유","2023-04-20 07:19:47"
188,"기타 이유","2023-04-20 07:56:07"
189,"함께 할 친구가 없어서","2023-04-20 08:06:01"
190,"기타 이유","2023-04-20 08:08:57"
191,"기타 이유","2023-04-20 08:11:05"
192,"기타 이유","2023-04-20 08:13:36"
193,"기타 이유","2023-04-20 08:19:18"
194,"기타 이유","2023-04-20 08:36:59"
195,"재밌는 질문이 없어서","2023-04-20 08:37:31"
196,"기타 이유","2023-04-20 09:00:54"
197,"함께 할 친구가 없어서","2023-04-20 09:22:20"
198,"기타 이유","2023-04-20 09:25:34"
199,"기타 이유","2023-04-20 09:51:37"
200,"함께 할 친구가 없어서","2023-04-20 10:02:33"
201,"기타 이유","2023-04-20 10:17:18"
202,"기타 이유","2023-04-20 10:46:32"
203,"기타 이유","2023-04-20 10:48:19"
204,"함께 할 친구가 없어서","2023-04-20 10:56:32"
205,"기타 이유","2023-04-20 11:13:31"
206,"기타 이유","2023-04-20 11:53:26"
207,"함께 할 친구가 없어서","2023-04-20 11:56:05"
208,"기타 이유","2023-04-20 11:57:29"
209,"함께 할 친구가 없어서","2023-04-20 11:58:33"
210,"함께 할 친구가 없어서","2023-04-20 12:20:29"
211,"함께 할 친구가 없어서","2023-04-20 12:22:06"
212,"기타 이유","2023-04-20 12:33:53"
213,"기타 이유","2023-04-20 12:37:26"
214,"기타 이유","2023-04-20 12:48:48"
215,"기타 이유","2023-04-20 12:57:11"
216,"기타 이유","2023-04-20 13:00:37"
217,"기타 이유","2023-04-20 13:02:46"
218,"기타 이유","2023-04-20 13:09:18"
219,"함께 할 친구가 없어서","2023-04-20 13:18:23"
220,"기타 이유","2023-04-20 14:01:15"
221,"기타 이유","2023-04-20 14:01:40"
222,"기타 이유","2023-04-20 14:06:23"
223,"함께 할 친구가 없어서","2023-04-20 14:11:47"
224,"기타 이유","2023-04-20 14:13:24"
225,"재밌는 질문이 없어서","2023-04-20 14:28:15"
226,"기타 이유","2023-04-20 14:39:33"
227,"함께 할 친구가 없어서","2023-04-20 14:46:28"
228,"기타 이유","2023-04-20 14:46:29"
229,"재밌는 질문이 없어서","2023-04-20 14:47:05"
230,"기타 이유","2023-04-20 14:51:52"
231,"기타 이유","2023-04-20 14:57:43"
232,"기타 이유","2023-04-20 15:00:07"
233,"기타 이유","2023-04-20 15:01:36"
234,"기타 이유","2023-04-20 15:11:37"
235,"기타 이유","2023-04-20 15:14:17"
236,"함께 할 친구가 없어서","2023-04-20 15:25:51"
237,"함께 할 친구가 없어서","2023-04-20 15:31:49"
238,"함께 할 친구가 없어서","2023-04-20 15:35:11"
239,"버그가 너무 많아서","2023-04-20 15:42:09"
240,"버그가 너무 많아서","2023-04-20 15:51:20"
241,"함께 할 친구가 없어서","2023-04-20 15:52:57"
242,"기타 이유","2023-04-20 16:13:33"
243,"함께 할 친구가 없어서","2023-04-20 16:22:20"
244,"기타 이유","2023-04-20 16:59:33"
245,"기타 이유","2023-04-20 18:52:42"
246,"함께 할 친구가 없어서","2023-04-20 20:30:20"
247,"함께 할 친구가 없어서","2023-04-20 21:14:08"
248,"함께 할 친구가 없어서","2023-04-20 21:42:02"
249,"기타 이유","2023-04-20 22:10:33"
250,"기타 이유","2023-04-20 22:18:32"
251,"기타 이유","2023-04-20 22:33:03"
252,"기타 이유","2023-04-20 23:25:11"
253,"함께 할 친구가 없어서","2023-04-20 23:26:22"
254,"함께 할 친구가 없어서","2023-04-20 23:29:56"
255,"기타 이유","2023-04-21 00:22:15"
256,"기타 이유","2023-04-21 01:11:49"
257,"기타 이유","2023-04-21 01:11:55"
258,"기타 이유","2023-04-21 01:16:01"
259,"기타 이유","2023-04-21 01:37:18"
260,"기타 이유","2023-04-21 03:07:17"
261,"기타 이유","2023-04-21 03:34:25"
262,"함께 할 친구가 없어서","2023-04-21 03:39:45"
263,"재밌는 질문이 없어서","2023-04-21 03:44:49"
264,"기타 이유","2023-04-21 03:48:17"
265,"구독료가 너무 비싸서","2023-04-21 03:48:26"
266,"함께 할 친구가 없어서","2023-04-21 03:52:54"
267,"재밌는 질문이 없어서","2023-04-21 04:07:36"
268,"기타 이유","2023-04-21 04:22:59"
269,"기타 이유","2023-04-21 04:38:41"
270,"함께 할 친구가 없어서","2023-04-21 05:11:59"
271,"함께 할 친구가 없어서","2023-04-21 05:35:50"
272,"기타 이유","2023-04-21 05:55:11"
273,"기타 이유","2023-04-21 05:59:07"
274,"기타 이유","2023-04-21 06:17:09"
275,"기타 이유","2023-04-21 06:26:54"
276,"함께 할 친구가 없어서","2023-04-21 06:45:01"
277,"기타 이유","2023-04-21 07:00:10"
278,"함께 할 친구가 없어서","2023-04-21 07:04:10"
279,"기타 이유","2023-04-21 07:36:21"
280,"재밌는 질문이 없어서","2023-04-21 07:39:49"
281,"기타 이유","2023-04-21 07:59:23"
282,"기타 이유","2023-04-21 08:05:35"
284,"기타 이유","2023-04-21 08:06:42"
285,"기타 이유","2023-04-21 08:16:03"
286,"기타 이유","2023-04-21 08:57:19"
287,"기타 이유","2023-04-21 08:58:55"
288,"기타 이유","2023-04-21 08:58:59"
289,"기타 이유","2023-04-21 09:07:03"
290,"기타 이유","2023-04-21 09:12:31"
291,"기타 이유","2023-04-21 09:13:06"
292,"기타 이유","2023-04-21 09:35:20"
293,"재밌는 질문이 없어서","2023-04-21 09:38:09"
294,"함께 할 친구가 없어서","2023-04-21 09:46:24"
295,"기타 이유","2023-04-21 09:48:40"
296,"기타 이유","2023-04-21 10:04:53"
297,"기타 이유","2023-04-21 10:11:58"
298,"기타 이유","2023-04-21 10:22:04"
299,"기타 이유","2023-04-21 10:22:32"
300,"기타 이유","2023-04-21 10:29:19"
301,"기타 이유","2023-04-21 10:42:28"
302,"기타 이유","2023-04-21 10:55:51"
303,"기타 이유","2023-04-21 11:05:57"
304,"기타 이유","2023-04-21 11:09:07"
305,"함께 할 친구가 없어서","2023-04-21 11:09:16"
306,"재밌는 질문이 없어서","2023-04-21 11:30:21"
307,"기타 이유","2023-04-21 11:38:05"
308,"기타 이유","2023-04-21 11:47:44"
309,"기타 이유","2023-04-21 11:48:05"
310,"기타 이유","2023-04-21 11:55:01"
311,"함께 할 친구가 없어서","2023-04-21 12:01:44"
312,"기타 이유","2023-04-21 12:16:29"
313,"함께 할 친구가 없어서","2023-04-21 12:16:36"
314,"기타 이유","2023-04-21 12:18:55"
315,"기타 이유","2023-04-21 12:21:56"
316,"함께 할 친구가 없어서","2023-04-21 12:22:04"
317,"기타 이유","2023-04-21 12:35:39"
318,"기타 이유","2023-04-21 12:39:43"
319,"함께 할 친구가 없어서","2023-04-21 13:24:44"
320,"기타 이유","2023-04-21 13:29:07"
321,"함께 할 친구가 없어서","2023-04-21 13:36:17"
322,"구독료가 너무 비싸서","2023-04-21 13:49:26"
323,"기타 이유","2023-04-21 13:51:27"
324,"기타 이유","2023-04-21 13:55:22"
325,"구독료가 너무 비싸서","2023-04-21 13:58:04"
326,"기타 이유","2023-04-21 13:58:35"
327,"기타 이유","2023-04-21 14:09:37"
328,"기타 이유","2023-04-21 14:13:18"
329,"함께 할 친구가 없어서","2023-04-21 14:13:18"
330,"기타 이유","2023-04-21 14:18:12"
331,"기타 이유","2023-04-21 14:27:53"
332,"기타 이유","2023-04-21 14:31:16"
333,"함께 할 친구가 없어서","2023-04-21 14:34:01"
334,"함께 할 친구가 없어서","2023-04-21 14:35:11"
335,"함께 할 친구가 없어서","2023-04-21 14:40:50"
336,"기타 이유","2023-04-21 14:49:48"
337,"기타 이유","2023-04-21 14:54:13"
338,"함께 할 친구가 없어서","2023-04-21 15:10:06"
339,"기타 이유","2023-04-21 15:11:47"
340,"기타 이유","2023-04-21 15:14:37"
341,"기타 이유","2023-04-21 15:15:49"
342,"기타 이유","2023-04-21 15:23:18"
343,"기타 이유","2023-04-21 15:25:38"
344,"버그가 너무 많아서","2023-04-21 15:27:37"
345,"기타 이유","2023-04-21 15:27:45"
346,"기타 이유","2023-04-21 15:35:07"
347,"기타 이유","2023-04-21 15:36:51"
348,"기타 이유","2023-04-21 15:38:14"
349,"기타 이유","2023-04-21 15:41:08"
350,"함께 할 친구가 없어서","2023-04-21 15:45:50"
351,"기타 이유","2023-04-21 15:47:00"
352,"재밌는 질문이 없어서","2023-04-21 15:48:31"
353,"함께 할 친구가 없어서","2023-04-21 15:51:30"
354,"재밌는 질문이 없어서","2023-04-21 15:51:59"
355,"기타 이유","2023-04-21 16:08:34"
356,"함께 할 친구가 없어서","2023-04-21 16:22:28"
357,"기타 이유","2023-04-21 16:36:40"
358,"기타 이유","2023-04-21 16:45:57"
359,"기타 이유","2023-04-21 16:47:26"
360,"기타 이유","2023-04-21 17:29:52"
361,"기타 이유","2023-04-21 17:33:03"
362,"함께 할 친구가 없어서","2023-04-21 17:35:34"
363,"함께 할 친구가 없어서","2023-04-21 17:42:14"
364,"함께 할 친구가 없어서","2023-04-21 17:44:17"
365,"기타 이유","2023-04-21 18:21:41"
366,"기타 이유","2023-04-21 18:59:28"
367,"기타 이유","2023-04-21 23:38:10"
368,"기타 이유","2023-04-22 00:05:20"
369,"기타 이유","2023-04-22 01:10:36"
370,"함께 할 친구가 없어서","2023-04-22 01:29:02"
371,"기타 이유","2023-04-22 01:42:16"
372,"함께 할 친구가 없어서","2023-04-22 02:14:17"
373,"함께 할 친구가 없어서","2023-04-22 02:42:43"
374,"기타 이유","2023-04-22 03:11:52"
375,"기타 이유","2023-04-22 03:29:59"
376,"기타 이유","2023-04-22 03:36:17"
377,"버그가 너무 많아서","2023-04-22 03:40:38"
378,"기타 이유","2023-04-22 03:44:11"
379,"기타 이유","2023-04-22 03:57:19"
380,"기타 이유","2023-04-22 04:38:14"
381,"기타 이유","2023-04-22 04:38:26"
382,"기타 이유","2023-04-22 04:54:40"
383,"기타 이유","2023-04-22 04:58:21"
384,"함께 할 친구가 없어서","2023-04-22 05:06:50"
385,"기타 이유","2023-04-22 05:11:21"
386,"기타 이유","2023-04-22 05:19:33"
387,"구독료가 너무 비싸서","2023-04-22 05:26:03"
388,"함께 할 친구가 없어서","2023-04-22 05:35:49"
389,"기타 이유","2023-04-22 05:44:04"
390,"기타 이유","2023-04-22 06:21:45"
392,"기타 이유","2023-04-22 06:34:42"
393,"함께 할 친구가 없어서","2023-04-22 06:39:13"
394,"함께 할 친구가 없어서","2023-04-22 06:41:27"
395,"기타 이유","2023-04-22 07:05:39"
396,"재밌는 질문이 없어서","2023-04-22 07:15:05"
397,"기타 이유","2023-04-22 07:22:37"
398,"함께 할 친구가 없어서","2023-04-22 07:26:02"
399,"기타 이유","2023-04-22 07:26:12"
400,"기타 이유","2023-04-22 07:30:27"
401,"기타 이유","2023-04-22 07:51:13"
402,"재밌는 질문이 없어서","2023-04-22 07:55:43"
403,"기타 이유","2023-04-22 08:16:34"
404,"기타 이유","2023-04-22 08:36:27"
405,"재밌는 질문이 없어서","2023-04-22 08:40:55"
406,"기타 이유","2023-04-22 08:46:34"
407,"기타 이유","2023-04-22 08:49:16"
408,"함께 할 친구가 없어서","2023-04-22 08:57:10"
409,"기타 이유","2023-04-22 09:47:13"
410,"기타 이유","2023-04-22 09:56:17"
411,"기타 이유","2023-04-22 10:09:01"
412,"기타 이유","2023-04-22 10:25:13"
413,"함께 할 친구가 없어서","2023-04-22 10:33:30"
414,"구독료가 너무 비싸서","2023-04-22 10:34:00"
415,"기타 이유","2023-04-22 10:46:04"
416,"기타 이유","2023-04-22 10:52:01"
417,"기타 이유","2023-04-22 10:52:55"
418,"함께 할 친구가 없어서","2023-04-22 10:57:49"
419,"기타 이유","2023-04-22 11:06:23"
420,"함께 할 친구가 없어서","2023-04-22 11:09:01"
421,"기타 이유","2023-04-22 11:44:30"
422,"기타 이유","2023-04-22 11:50:36"
423,"기타 이유","2023-04-22 11:51:39"
424,"기타 이유","2023-04-22 11:58:19"
425,"기타 이유","2023-04-22 12:06:28"
426,"기타 이유","2023-04-22 12:17:45"
427,"함께 할 친구가 없어서","2023-04-22 12:19:40"
428,"기타 이유","2023-04-22 12:26:33"
429,"기타 이유","2023-04-22 12:49:21"
430,"기타 이유","2023-04-22 12:59:47"
431,"기타 이유","2023-04-22 13:07:19"
432,"기타 이유","2023-04-22 13:08:36"
433,"기타 이유","2023-04-22 13:12:08"
434,"기타 이유","2023-04-22 13:14:28"
435,"기타 이유","2023-04-22 13:15:39"
436,"기타 이유","2023-04-22 13:21:54"
437,"기타 이유","2023-04-22 13:30:28"
438,"기타 이유","2023-04-22 13:36:08"
439,"기타 이유","2023-04-22 13:45:30"
440,"기타 이유","2023-04-22 13:50:28"
441,"기타 이유","2023-04-22 14:03:42"
442,"기타 이유","2023-04-22 14:08:17"
443,"기타 이유","2023-04-22 14:10:02"
444,"함께 할 친구가 없어서","2023-04-22 14:16:44"
445,"기타 이유","2023-04-22 14:28:55"
446,"기타 이유","2023-04-22 14:35:25"
447,"재밌는 질문이 없어서","2023-04-22 14:40:57"
448,"재밌는 질문이 없어서","2023-04-22 14:48:42"
449,"기타 이유","2023-04-22 14:50:58"
450,"기타 이유","2023-04-22 15:02:18"
451,"기타 이유","2023-04-22 15:14:43"
452,"기타 이유","2023-04-22 15:17:54"
453,"함께 할 친구가 없어서","2023-04-22 15:19:52"
454,"함께 할 친구가 없어서","2023-04-22 15:28:50"
455,"기타 이유","2023-04-22 15:31:34"
456,"함께 할 친구가 없어서","2023-04-22 15:35:03"
457,"함께 할 친구가 없어서","2023-04-22 15:44:05"
458,"함께 할 친구가 없어서","2023-04-22 15:47:01"
459,"기타 이유","2023-04-22 15:47:33"
460,"기타 이유","2023-04-22 15:48:17"
461,"함께 할 친구가 없어서","2023-04-22 16:00:40"
462,"기타 이유","2023-04-22 16:26:26"
463,"재밌는 질문이 없어서","2023-04-22 16:29:09"
464,"기타 이유","2023-04-22 16:40:28"
465,"기타 이유","2023-04-22 16:52:02"
466,"함께 할 친구가 없어서","2023-04-22 16:53:08"
467,"기타 이유","2023-04-22 16:54:24"
468,"함께 할 친구가 없어서","2023-04-22 17:05:35"
469,"재밌는 질문이 없어서","2023-04-22 17:14:47"
470,"기타 이유","2023-04-22 17:15:11"
471,"기타 이유","2023-04-22 17:23:14"
472,"함께 할 친구가 없어서","2023-04-22 17:54:07"
473,"함께 할 친구가 없어서","2023-04-22 19:06:31"
474,"기타 이유","2023-04-22 19:27:07"
475,"기타 이유","2023-04-22 20:45:06"
476,"기타 이유","2023-04-22 23:37:14"
477,"기타 이유","2023-04-22 23:37:14"
478,"기타 이유","2023-04-23 00:30:31"
479,"기타 이유","2023-04-23 00:47:18"
480,"함께 할 친구가 없어서","2023-04-23 01:05:52"
481,"함께 할 친구가 없어서","2023-04-23 01:18:17"
482,"재밌는 질문이 없어서","2023-04-23 01:30:11"
483,"재밌는 질문이 없어서","2023-04-23 01:40:00"
484,"기타 이유","2023-04-23 01:40:20"
485,"함께 할 친구가 없어서","2023-04-23 01:42:52"
486,"재밌는 질문이 없어서","2023-04-23 01:51:08"
487,"함께 할 친구가 없어서","2023-04-23 02:01:28"
488,"기타 이유","2023-04-23 02:04:50"
489,"함께 할 친구가 없어서","2023-04-23 02:08:05"
490,"재밌는 질문이 없어서","2023-04-23 02:18:05"
491,"기타 이유","2023-04-23 03:01:29"
492,"기타 이유","2023-04-23 03:08:29"
493,"함께 할 친구가 없어서","2023-04-23 03:18:36"
494,"함께 할 친구가 없어서","2023-04-23 03:19:55"
495,"기타 이유","2023-04-23 03:46:02"
496,"함께 할 친구가 없어서","2023-04-23 03:47:40"
497,"기타 이유","2023-04-23 03:55:16"
498,"기타 이유","2023-04-23 04:15:17"
499,"재밌는 질문이 없어서","2023-04-23 04:23:49"
500,"버그가 너무 많아서","2023-04-23 04:26:32"
502,"기타 이유","2023-04-23 04:34:18"
503,"기타 이유","2023-04-23 04:35:47"
504,"재밌는 질문이 없어서","2023-04-23 04:44:56"
505,"기타 이유","2023-04-23 04:45:53"
506,"기타 이유","2023-04-23 04:52:35"
507,"함께 할 친구가 없어서","2023-04-23 04:55:42"
508,"기타 이유","2023-04-23 05:05:05"
509,"재밌는 질문이 없어서","2023-04-23 05:14:19"
510,"기타 이유","2023-04-23 05:15:21"
511,"함께 할 친구가 없어서","2023-04-23 05:27:18"
512,"기타 이유","2023-04-23 05:33:02"
513,"함께 할 친구가 없어서","2023-04-23 06:09:50"
514,"버그가 너무 많아서","2023-04-23 06:21:18"
515,"함께 할 친구가 없어서","2023-04-23 06:25:12"
516,"구독료가 너무 비싸서","2023-04-23 06:42:58"
517,"기타 이유","2023-04-23 06:57:06"
518,"재밌는 질문이 없어서","2023-04-23 07:25:38"
519,"함께 할 친구가 없어서","2023-04-23 07:35:30"
520,"기타 이유","2023-04-23 08:15:43"
521,"기타 이유","2023-04-23 08:26:45"
522,"함께 할 친구가 없어서","2023-04-23 08:33:19"
523,"기타 이유","2023-04-23 08:47:33"
524,"재밌는 질문이 없어서","2023-04-23 08:52:35"
525,"함께 할 친구가 없어서","2023-04-23 08:57:52"
526,"기타 이유","2023-04-23 09:23:48"
527,"재밌는 질문이 없어서","2023-04-23 09:45:18"
528,"함께 할 친구가 없어서","2023-04-23 09:55:47"
529,"기타 이유","2023-04-23 09:58:48"
530,"함께 할 친구가 없어서","2023-04-23 10:03:12"
531,"기타 이유","2023-04-23 10:05:17"
532,"함께 할 친구가 없어서","2023-04-23 10:06:15"
533,"함께 할 친구가 없어서","2023-04-23 10:08:29"
534,"재밌는 질문이 없어서","2023-04-23 10:18:48"
535,"버그가 너무 많아서","2023-04-23 10:20:52"
536,"함께 할 친구가 없어서","2023-04-23 10:45:33"
537,"기타 이유","2023-04-23 10:56:11"
538,"재밌는 질문이 없어서","2023-04-23 11:01:14"
539,"기타 이유","2023-04-23 11:14:58"
540,"함께 할 친구가 없어서","2023-04-23 11:28:06"
541,"기타 이유","2023-04-23 11:28:42"
542,"재밌는 질문이 없어서","2023-04-23 11:33:35"
543,"기타 이유","2023-04-23 11:48:54"
544,"기타 이유","2023-04-23 11:56:09"
545,"기타 이유","2023-04-23 12:18:06"
546,"기타 이유","2023-04-23 12:33:28"
547,"함께 할 친구가 없어서","2023-04-23 12:50:20"
548,"기타 이유","2023-04-23 13:01:25"
549,"함께 할 친구가 없어서","2023-04-23 13:08:54"
550,"기타 이유","2023-04-23 13:15:17"
551,"기타 이유","2023-04-23 13:17:43"
552,"기타 이유","2023-04-23 13:19:50"
553,"기타 이유","2023-04-23 13:28:08"
554,"함께 할 친구가 없어서","2023-04-23 13:32:11"
555,"기타 이유","2023-04-23 13:33:26"
557,"함께 할 친구가 없어서","2023-04-23 13:43:40"
558,"기타 이유","2023-04-23 13:47:17"
559,"기타 이유","2023-04-23 13:50:43"
560,"함께 할 친구가 없어서","2023-04-23 13:57:50"
561,"함께 할 친구가 없어서","2023-04-23 14:12:05"
562,"재밌는 질문이 없어서","2023-04-23 14:13:40"
563,"함께 할 친구가 없어서","2023-04-23 14:21:36"
564,"기타 이유","2023-04-23 14:28:16"
565,"기타 이유","2023-04-23 14:29:30"
566,"기타 이유","2023-04-23 14:45:42"
567,"기타 이유","2023-04-23 14:47:14"
568,"함께 할 친구가 없어서","2023-04-23 14:47:49"
569,"기타 이유","2023-04-23 14:51:19"
570,"함께 할 친구가 없어서","2023-04-23 14:58:47"
571,"기타 이유","2023-04-23 15:04:50"
572,"재밌는 질문이 없어서","2023-04-23 15:09:30"
573,"재밌는 질문이 없어서","2023-04-23 15:17:47"
574,"함께 할 친구가 없어서","2023-04-23 15:18:41"
575,"기타 이유","2023-04-23 15:19:09"
576,"재밌는 질문이 없어서","2023-04-23 15:20:13"
577,"기타 이유","2023-04-23 15:20:54"
578,"기타 이유","2023-04-23 15:22:38"
579,"재밌는 질문이 없어서","2023-04-23 15:23:51"
580,"재밌는 질문이 없어서","2023-04-23 15:31:02"
581,"기타 이유","2023-04-23 15:33:50"
582,"기타 이유","2023-04-23 15:37:42"
583,"구독료가 너무 비싸서","2023-04-23 15:40:25"
584,"기타 이유","2023-04-23 15:42:18"
585,"기타 이유","2023-04-23 15:44:39"
586,"재밌는 질문이 없어서","2023-04-23 15:45:48"
587,"함께 할 친구가 없어서","2023-04-23 15:47:26"
588,"기타 이유","2023-04-23 15:49:21"
589,test,"2023-04-23 15:54:39"
590,"함께 할 친구가 없어서","2023-04-23 15:55:27"
591,"기타 이유","2023-04-23 15:55:30"
592,"재밌는 질문이 없어서","2023-04-23 15:56:14"
593,"함께 할 친구가 없어서","2023-04-23 15:59:35"
594,"기타 이유","2023-04-23 16:02:48"
595,"기타 이유","2023-04-23 16:06:58"
596,"기타 이유","2023-04-23 16:07:24"
597,"기타 이유","2023-04-23 16:08:04"
598,"기타 이유","2023-04-23 16:08:13"
599,"함께 할 친구가 없어서","2023-04-23 16:15:54"
600,"기타 이유","2023-04-23 16:19:22"
601,"기타 이유","2023-04-23 16:19:57"
602,"구독료가 너무 비싸서","2023-04-23 16:20:38"
603,"기타 이유","2023-04-23 16:20:56"
604,"기타 이유","2023-04-23 16:21:49"
605,"함께 할 친구가 없어서","2023-04-23 16:21:53"
606,"기타 이유","2023-04-23 16:23:05"
607,"기타 이유","2023-04-23 16:25:43"
608,"함께 할 친구가 없어서","2023-04-23 16:26:43"
609,"기타 이유","2023-04-23 16:27:11"
610,"기타 이유","2023-04-23 16:27:32"
611,"기타 이유","2023-04-23 16:29:12"
612,"기타 이유","2023-04-23 16:31:33"
613,"기타 이유","2023-04-23 16:33:34"
614,"기타 이유","2023-04-23 16:34:32"
615,"함께 할 친구가 없어서","2023-04-23 16:34:45"
616,"함께 할 친구가 없어서","2023-04-23 16:37:15"
617,"기타 이유","2023-04-23 16:44:07"
618,"함께 할 친구가 없어서","2023-04-23 16:44:52"
619,"버그가 너무 많아서","2023-04-23 16:45:01"
620,"기타 이유","2023-04-23 16:54:14"
621,"함께 할 친구가 없어서","2023-04-23 17:02:07"
622,"함께 할 친구가 없어서","2023-04-23 17:02:41"
623,"함께 할 친구가 없어서","2023-04-23 17:08:28"
624,"기타 이유","2023-04-23 17:10:22"
625,"기타 이유","2023-04-23 17:29:26"
626,"함께 할 친구가 없어서","2023-04-23 17:37:45"
627,"기타 이유","2023-04-23 21:34:15"
628,"함께 할 친구가 없어서","2023-04-23 21:48:36"
629,"기타 이유","2023-04-23 21:57:16"
630,"기타 이유","2023-04-23 22:00:17"
631,"기타 이유","2023-04-23 22:22:47"
632,"기타 이유","2023-04-23 22:44:24"
633,"버그가 너무 많아서","2023-04-23 22:51:18"
634,"기타 이유","2023-04-23 22:53:27"
635,"함께 할 친구가 없어서","2023-04-23 23:01:25"
636,"기타 이유","2023-04-23 23:23:32"
637,"기타 이유","2023-04-23 23:27:57"
638,"기타 이유","2023-04-23 23:56:17"
639,"함께 할 친구가 없어서","2023-04-24 00:13:15"
640,"기타 이유","2023-04-24 01:05:06"
641,"기타 이유","2023-04-24 01:13:49"
642,"기타 이유","2023-04-24 01:17:33"
643,"기타 이유","2023-04-24 02:17:14"
644,"기타 이유","2023-04-24 03:19:10"
645,"기타 이유","2023-04-24 03:37:53"
646,"기타 이유","2023-04-24 03:59:44"
647,"함께 할 친구가 없어서","2023-04-24 04:13:54"
648,"기타 이유","2023-04-24 04:27:29"
649,"재밌는 질문이 없어서","2023-04-24 04:58:04"
650,"기타 이유","2023-04-24 05:09:57"
651,"기타 이유","2023-04-24 05:50:12"
652,"기타 이유","2023-04-24 05:57:26"
653,"기타 이유","2023-04-24 06:20:23"
654,"기타 이유","2023-04-24 06:21:02"
655,"재밌는 질문이 없어서","2023-04-24 06:29:19"
656,"함께 할 친구가 없어서","2023-04-24 06:53:28"
657,"기타 이유","2023-04-24 06:56:05"
658,"기타 이유","2023-04-24 06:57:47"
659,"함께 할 친구가 없어서","2023-04-24 06:58:48"
660,"기타 이유","2023-04-24 07:01:41"
661,"기타 이유","2023-04-24 07:17:03"
662,"기타 이유","2023-04-24 07:33:53"
663,"기타 이유","2023-04-24 07:38:35"
664,"함께 할 친구가 없어서","2023-04-24 07:45:50"
665,"함께 할 친구가 없어서","2023-04-24 08:01:58"
666,"기타 이유","2023-04-24 08:07:25"
667,"함께 할 친구가 없어서","2023-04-24 08:10:32"
668,"재밌는 질문이 없어서","2023-04-24 08:16:42"
669,"함께 할 친구가 없어서","2023-04-24 08:29:00"
670,"기타 이유","2023-04-24 08:41:29"
671,"기타 이유","2023-04-24 08:49:23"
672,"기타 이유","2023-04-24 09:19:34"
673,"재밌는 질문이 없어서","2023-04-24 09:20:07"
674,"함께 할 친구가 없어서","2023-04-24 09:22:10"
675,"함께 할 친구가 없어서","2023-04-24 09:29:16"
676,"버그가 너무 많아서","2023-04-24 09:33:49"
677,"함께 할 친구가 없어서","2023-04-24 09:34:13"
678,"재밌는 질문이 없어서","2023-04-24 09:51:45"
679,"기타 이유","2023-04-24 09:55:57"
680,"함께 할 친구가 없어서","2023-04-24 10:05:55"
681,"재밌는 질문이 없어서","2023-04-24 10:29:35"
682,"버그가 너무 많아서","2023-04-24 10:36:21"
683,"기타 이유","2023-04-24 11:18:07"
684,"기타 이유","2023-04-24 11:22:43"
685,"기타 이유","2023-04-24 11:35:59"
686,"재밌는 질문이 없어서","2023-04-24 11:43:14"
687,"기타 이유","2023-04-24 11:48:09"
688,"함께 할 친구가 없어서","2023-04-24 11:50:38"
689,"재밌는 질문이 없어서","2023-04-24 11:55:49"
690,"재밌는 질문이 없어서","2023-04-24 12:09:16"
691,"구독료가 너무 비싸서","2023-04-24 12:14:45"
692,"기타 이유","2023-04-24 12:20:33"
693,"기타 이유","2023-04-24 12:23:13"
694,"기타 이유","2023-04-24 12:29:36"
695,"기타 이유","2023-04-24 12:31:27"
696,"구독료가 너무 비싸서","2023-04-24 12:33:38"
697,"함께 할 친구가 없어서","2023-04-24 12:40:14"
698,"기타 이유","2023-04-24 12:43:42"
699,"기타 이유","2023-04-24 12:48:41"
700,"함께 할 친구가 없어서","2023-04-24 12:49:20"
701,"기타 이유","2023-04-24 12:51:20"
702,"기타 이유","2023-04-24 13:00:46"
703,"재밌는 질문이 없어서","2023-04-24 13:21:29"
704,"기타 이유","2023-04-24 13:21:38"
705,"기타 이유","2023-04-24 13:26:55"
706,"기타 이유","2023-04-24 13:28:39"
707,"기타 이유","2023-04-24 13:36:16"
708,"버그가 너무 많아서","2023-04-24 13:55:11"
709,"함께 할 친구가 없어서","2023-04-24 13:59:12"
710,"기타 이유","2023-04-24 14:01:16"
711,"재밌는 질문이 없어서","2023-04-24 14:05:45"
712,"함께 할 친구가 없어서","2023-04-24 14:10:31"
713,"기타 이유","2023-04-24 14:11:59"
714,"기타 이유","2023-04-24 14:13:07"
715,"기타 이유","2023-04-24 14:18:30"
716,"재밌는 질문이 없어서","2023-04-24 14:22:04"
717,"기타 이유","2023-04-24 14:22:13"
718,"재밌는 질문이 없어서","2023-04-24 14:26:47"
719,"기타 이유","2023-04-24 14:27:33"
720,"함께 할 친구가 없어서","2023-04-24 14:38:53"
721,"재밌는 질문이 없어서","2023-04-24 14:50:02"
722,"기타 이유","2023-04-24 14:51:46"
723,"기타 이유","2023-04-24 14:58:39"
724,"함께 할 친구가 없어서","2023-04-24 15:08:19"
725,"기타 이유","2023-04-24 15:14:35"
726,"함께 할 친구가 없어서","2023-04-24 15:16:02"
727,"기타 이유","2023-04-24 15:20:01"
728,"기타 이유","2023-04-24 15:31:10"
729,"재밌는 질문이 없어서","2023-04-24 15:37:40"
730,"재밌는 질문이 없어서","2023-04-24 15:40:35"
731,"함께 할 친구가 없어서","2023-04-24 15:58:15"
732,"기타 이유","2023-04-24 16:25:32"
733,"기타 이유","2023-04-24 16:26:47"
734,"재밌는 질문이 없어서","2023-04-24 16:59:09"
735,"함께 할 친구가 없어서","2023-04-24 17:25:29"
736,"함께 할 친구가 없어서","2023-04-24 17:43:56"
737,"버그가 너무 많아서","2023-04-24 18:54:09"
738,"기타 이유","2023-04-24 20:51:23"
739,"재밌는 질문이 없어서","2023-04-24 21:42:49"
740,"함께 할 친구가 없어서","2023-04-24 21:59:07"
741,"재밌는 질문이 없어서","2023-04-24 22:18:16"
742,"함께 할 친구가 없어서","2023-04-24 22:19:12"
743,"기타 이유","2023-04-24 23:13:11"
744,"함께 할 친구가 없어서","2023-04-24 23:23:01"
745,"기타 이유","2023-04-25 00:12:37"
746,"기타 이유","2023-04-25 00:30:38"
747,"구독료가 너무 비싸서","2023-04-25 01:10:19"
748,"함께 할 친구가 없어서","2023-04-25 01:45:19"
749,"함께 할 친구가 없어서","2023-04-25 02:18:53"
750,"함께 할 친구가 없어서","2023-04-25 03:43:36"
751,"기타 이유","2023-04-25 04:00:37"
752,"기타 이유","2023-04-25 04:06:51"
753,"기타 이유","2023-04-25 04:25:50"
754,"기타 이유","2023-04-25 04:27:32"
755,"버그가 너무 많아서","2023-04-25 04:44:51"
756,"기타 이유","2023-04-25 05:25:49"
757,"기타 이유","2023-04-25 06:17:23"
758,"함께 할 친구가 없어서","2023-04-25 06:42:04"
759,"기타 이유","2023-04-25 06:43:19"
760,"재밌는 질문이 없어서","2023-04-25 06:52:01"
761,"함께 할 친구가 없어서","2023-04-25 06:58:11"
762,"기타 이유","2023-04-25 07:18:28"
763,"재밌는 질문이 없어서","2023-04-25 07:47:27"
764,"기타 이유","2023-04-25 08:01:15"
765,"기타 이유","2023-04-25 08:04:44"
766,"함께 할 친구가 없어서","2023-04-25 08:05:24"
767,"기타 이유","2023-04-25 08:12:58"
768,"버그가 너무 많아서","2023-04-25 08:16:39"
769,"기타 이유","2023-04-25 08:57:45"
770,"기타 이유","2023-04-25 09:19:27"
771,"기타 이유","2023-04-25 09:59:50"
772,"함께 할 친구가 없어서","2023-04-25 10:33:43"
773,"함께 할 친구가 없어서","2023-04-25 10:38:33"
774,"기타 이유","2023-04-25 10:40:50"
775,test,"2023-04-25 10:43:20"
776,"기타 이유","2023-04-25 10:44:14"
777,"함께 할 친구가 없어서","2023-04-25 10:48:32"
778,"기타 이유","2023-04-25 10:56:20"
779,"함께 할 친구가 없어서","2023-04-25 10:56:45"
780,"기타 이유","2023-04-25 11:25:43"
781,"기타 이유","2023-04-25 11:28:03"
782,"기타 이유","2023-04-25 11:31:30"
783,"기타 이유","2023-04-25 11:49:31"
784,"기타 이유","2023-04-25 12:00:13"
785,"기타 이유","2023-04-25 12:09:03"
786,"기타 이유","2023-04-25 12:09:37"
787,"함께 할 친구가 없어서","2023-04-25 12:14:14"
788,"함께 할 친구가 없어서","2023-04-25 12:15:04"
789,"함께 할 친구가 없어서","2023-04-25 12:18:46"
790,"함께 할 친구가 없어서","2023-04-25 12:25:37"
791,"함께 할 친구가 없어서","2023-04-25 12:33:10"
792,"기타 이유","2023-04-25 12:41:37"
793,"재밌는 질문이 없어서","2023-04-25 12:47:13"
794,"기타 이유","2023-04-25 12:51:12"
795,"기타 이유","2023-04-25 12:52:26"
796,"함께 할 친구가 없어서","2023-04-25 12:52:58"
797,"기타 이유","2023-04-25 12:55:06"
798,"재밌는 질문이 없어서","2023-04-25 12:56:05"
799,"기타 이유","2023-04-25 12:58:34"
800,"재밌는 질문이 없어서","2023-04-25 13:01:40"
801,"기타 이유","2023-04-25 13:02:39"
802,"기타 이유","2023-04-25 13:05:55"
803,"기타 이유","2023-04-25 13:13:45"
804,"기타 이유","2023-04-25 13:15:43"
805,"함께 할 친구가 없어서","2023-04-25 13:23:03"
806,"재밌는 질문이 없어서","2023-04-25 13:23:28"
807,"함께 할 친구가 없어서","2023-04-25 13:23:42"
808,"기타 이유","2023-04-25 13:23:47"
809,"함께 할 친구가 없어서","2023-04-25 13:35:07"
810,"버그가 너무 많아서","2023-04-25 13:35:51"
811,"함께 할 친구가 없어서","2023-04-25 13:36:48"
812,"재밌는 질문이 없어서","2023-04-25 13:43:26"
813,"기타 이유","2023-04-25 13:43:57"
814,"기타 이유","2023-04-25 13:45:20"
815,"함께 할 친구가 없어서","2023-04-25 13:47:21"
816,"기타 이유","2023-04-25 13:53:11"
817,"기타 이유","2023-04-25 13:54:51"
818,"기타 이유","2023-04-25 13:58:32"
819,"재밌는 질문이 없어서","2023-04-25 13:59:38"
820,"기타 이유","2023-04-25 14:07:39"
821,"기타 이유","2023-04-25 14:10:41"
822,"함께 할 친구가 없어서","2023-04-25 14:21:00"
823,"함께 할 친구가 없어서","2023-04-25 14:23:54"
824,"함께 할 친구가 없어서","2023-04-25 14:29:12"
825,"기타 이유","2023-04-25 14:35:23"
826,"함께 할 친구가 없어서","2023-04-25 14:43:44"
827,"기타 이유","2023-04-25 14:44:10"
828,"기타 이유","2023-04-25 14:48:44"
829,"기타 이유","2023-04-25 14:59:04"
830,"기타 이유","2023-04-25 15:01:00"
831,"기타 이유","2023-04-25 15:05:55"
832,"기타 이유","2023-04-25 15:10:51"
833,"재밌는 질문이 없어서","2023-04-25 15:19:07"
834,"기타 이유","2023-04-25 15:22:50"
835,"기타 이유","2023-04-25 15:23:13"
836,"함께 할 친구가 없어서","2023-04-25 15:23:14"
837,"기타 이유","2023-04-25 15:23:50"
838,"기타 이유","2023-04-25 15:29:15"
839,"함께 할 친구가 없어서","2023-04-25 15:32:00"
840,"기타 이유","2023-04-25 15:36:04"
841,"기타 이유","2023-04-25 15:36:28"
842,"함께 할 친구가 없어서","2023-04-25 15:38:12"
843,"기타 이유","2023-04-25 15:44:36"
844,"기타 이유","2023-04-25 16:07:58"
845,"기타 이유","2023-04-25 16:20:26"
846,test,"2023-04-25 16:21:43"
847,test,"2023-04-25 16:22:01"
848,"함께 할 친구가 없어서","2023-04-25 16:23:45"
849,"함께 할 친구가 없어서","2023-04-25 16:25:48"
850,"기타 이유","2023-04-25 16:26:42"
851,"재밌는 질문이 없어서","2023-04-25 16:33:01"
852,"기타 이유","2023-04-25 16:38:55"
853,"함께 할 친구가 없어서","2023-04-25 16:39:38"
854,"기타 이유","2023-04-25 16:39:58"
855,"기타 이유","2023-04-25 16:55:59"
856,"함께 할 친구가 없어서","2023-04-25 17:14:54"
857,"기타 이유","2023-04-25 17:23:10"
858,"함께 할 친구가 없어서","2023-04-25 17:48:14"
859,"기타 이유","2023-04-25 21:09:06"
860,"기타 이유","2023-04-25 21:44:17"
861,"함께 할 친구가 없어서","2023-04-25 21:59:07"
862,"재밌는 질문이 없어서","2023-04-25 22:00:06"
863,"함께 할 친구가 없어서","2023-04-25 22:09:07"
864,"함께 할 친구가 없어서","2023-04-25 22:34:26"
865,"기타 이유","2023-04-25 22:46:51"
866,"기타 이유","2023-04-25 22:49:42"
867,"기타 이유","2023-04-25 22:51:54"
868,"기타 이유","2023-04-25 23:01:17"
869,"재밌는 질문이 없어서","2023-04-25 23:03:24"
870,"기타 이유","2023-04-25 23:11:56"
871,"기타 이유","2023-04-25 23:22:31"
872,"재밌는 질문이 없어서","2023-04-25 23:40:30"
873,"재밌는 질문이 없어서","2023-04-26 00:02:41"
874,"버그가 너무 많아서","2023-04-26 00:29:50"
875,"기타 이유","2023-04-26 00:38:08"
876,"기타 이유","2023-04-26 00:47:56"
877,"함께 할 친구가 없어서","2023-04-26 01:07:28"
878,"기타 이유","2023-04-26 01:14:00"
879,"재밌는 질문이 없어서","2023-04-26 01:15:36"
880,"재밌는 질문이 없어서","2023-04-26 01:41:28"
881,"버그가 너무 많아서","2023-04-26 02:09:35"
882,"기타 이유","2023-04-26 02:11:21"
883,"기타 이유","2023-04-26 02:19:13"
884,"함께 할 친구가 없어서","2023-04-26 02:25:20"
885,"기타 이유","2023-04-26 03:17:24"
886,"기타 이유","2023-04-26 03:18:41"
887,"기타 이유","2023-04-26 03:20:11"
888,"버그가 너무 많아서","2023-04-26 03:37:58"
889,"기타 이유","2023-04-26 03:43:26"
890,"기타 이유","2023-04-26 03:56:54"
891,"재밌는 질문이 없어서","2023-04-26 04:07:11"
892,"함께 할 친구가 없어서","2023-04-26 04:35:59"
893,"기타 이유","2023-04-26 04:38:16"
894,"재밌는 질문이 없어서","2023-04-26 04:39:19"
895,"기타 이유","2023-04-26 05:03:57"
896,"재밌는 질문이 없어서","2023-04-26 05:07:36"
897,"기타 이유","2023-04-26 05:08:15"
898,"함께 할 친구가 없어서","2023-04-26 05:43:31"
899,"기타 이유","2023-04-26 05:55:01"
900,"기타 이유","2023-04-26 05:57:50"
901,"기타 이유","2023-04-26 06:08:22"
902,test,"2023-04-26 06:11:42"
903,"재밌는 질문이 없어서","2023-04-26 06:13:06"
904,"기타 이유","2023-04-26 06:29:46"
905,"기타 이유","2023-04-26 06:51:06"
906,"기타 이유","2023-04-26 06:52:05"
907,"기타 이유","2023-04-26 06:53:43"
908,"기타 이유","2023-04-26 06:56:45"
909,"기타 이유","2023-04-26 06:57:40"
910,"재밌는 질문이 없어서","2023-04-26 07:02:36"
911,"기타 이유","2023-04-26 07:13:54"
912,"함께 할 친구가 없어서","2023-04-26 07:22:26"
913,"기타 이유","2023-04-26 07:24:49"
914,"함께 할 친구가 없어서","2023-04-26 07:32:21"
915,"기타 이유","2023-04-26 07:36:25"
916,"기타 이유","2023-04-26 07:42:11"
917,"함께 할 친구가 없어서","2023-04-26 07:51:49"
919,"기타 이유","2023-04-26 08:02:07"
920,"기타 이유","2023-04-26 08:07:21"
921,"함께 할 친구가 없어서","2023-04-26 08:07:59"
922,test,"2023-04-26 08:10:27"
924,"함께 할 친구가 없어서","2023-04-26 08:21:15"
925,"재밌는 질문이 없어서","2023-04-26 08:28:31"
926,"기타 이유","2023-04-26 08:35:01"
927,"기타 이유","2023-04-26 08:35:27"
929,"함께 할 친구가 없어서","2023-04-26 08:45:36"
930,"기타 이유","2023-04-26 08:49:36"
931,test,"2023-04-26 08:49:41"
932,"기타 이유","2023-04-26 08:49:52"
933,"함께 할 친구가 없어서","2023-04-26 08:55:42"
935,"함께 할 친구가 없어서","2023-04-26 08:59:52"
936,"함께 할 친구가 없어서","2023-04-26 09:00:54"
937,"함께 할 친구가 없어서","2023-04-26 09:01:10"
938,"기타 이유","2023-04-26 09:10:31"
939,"기타 이유","2023-04-26 09:12:07"
940,"기타 이유","2023-04-26 09:16:39"
941,"기타 이유","2023-04-26 09:25:08"
942,"버그가 너무 많아서","2023-04-26 09:30:55"
943,"기타 이유","2023-04-26 09:34:54"
944,"기타 이유","2023-04-26 09:54:30"
945,"기타 이유","2023-04-26 09:57:02"
946,"기타 이유","2023-04-26 10:03:00"
947,"함께 할 친구가 없어서","2023-04-26 10:03:37"
948,"기타 이유","2023-04-26 10:07:32"
949,"기타 이유","2023-04-26 10:11:14"
950,"함께 할 친구가 없어서","2023-04-26 10:14:36"
951,"기타 이유","2023-04-26 10:14:36"
952,"함께 할 친구가 없어서","2023-04-26 10:14:37"
953,"함께 할 친구가 없어서","2023-04-26 10:18:39"
954,"재밌는 질문이 없어서","2023-04-26 10:19:22"
955,"기타 이유","2023-04-26 10:19:46"
956,"함께 할 친구가 없어서","2023-04-26 10:40:40"
957,"기타 이유","2023-04-26 10:42:33"
958,"기타 이유","2023-04-26 10:45:02"
959,"함께 할 친구가 없어서","2023-04-26 10:48:23"
960,"함께 할 친구가 없어서","2023-04-26 10:50:19"
961,"기타 이유","2023-04-26 11:00:52"
962,"기타 이유","2023-04-26 11:03:50"
963,"기타 이유","2023-04-26 11:09:04"
964,"함께 할 친구가 없어서","2023-04-26 11:11:21"
965,"기타 이유","2023-04-26 11:24:14"
966,"기타 이유","2023-04-26 11:27:07"
967,"기타 이유","2023-04-26 11:34:16"
968,"함께 할 친구가 없어서","2023-04-26 11:42:30"
969,"재밌는 질문이 없어서","2023-04-26 11:45:48"
970,"기타 이유","2023-04-26 11:50:26"
971,"기타 이유","2023-04-26 11:55:59"
972,"함께 할 친구가 없어서","2023-04-26 12:02:10"
973,"함께 할 친구가 없어서","2023-04-26 12:04:04"
974,"함께 할 친구가 없어서","2023-04-26 12:06:33"
975,"기타 이유","2023-04-26 12:13:54"
976,"기타 이유","2023-04-26 12:18:53"
977,"기타 이유","2023-04-26 12:24:37"
978,"기타 이유","2023-04-26 12:34:33"
979,"기타 이유","2023-04-26 12:36:51"
980,"기타 이유","2023-04-26 12:40:24"
981,"기타 이유","2023-04-26 12:46:54"
982,"함께 할 친구가 없어서","2023-04-26 12:46:57"
983,"기타 이유","2023-04-26 12:50:41"
984,"기타 이유","2023-04-26 13:08:20"
985,"기타 이유","2023-04-26 13:20:53"
986,"재밌는 질문이 없어서","2023-04-26 13:21:46"
987,"기타 이유","2023-04-26 13:26:08"
988,"기타 이유","2023-04-26 13:28:08"
989,"함께 할 친구가 없어서","2023-04-26 13:29:01"
990,"기타 이유","2023-04-26 13:31:57"
991,"기타 이유","2023-04-26 13:33:05"
992,"기타 이유","2023-04-26 13:34:31"
993,"함께 할 친구가 없어서","2023-04-26 13:35:05"
994,"재밌는 질문이 없어서","2023-04-26 13:39:05"
995,"기타 이유","2023-04-26 13:39:35"
996,"기타 이유","2023-04-26 13:40:20"
997,"기타 이유","2023-04-26 13:40:31"
998,"기타 이유","2023-04-26 13:46:43"
999,"기타 이유","2023-04-26 13:48:28"
1000,"함께 할 친구가 없어서","2023-04-26 13:52:49"
1001,"기타 이유","2023-04-26 13:58:55"
1002,"기타 이유","2023-04-26 13:59:11"
1003,"기타 이유","2023-04-26 14:00:16"
1004,"함께 할 친구가 없어서","2023-04-26 14:00:34"
1005,"기타 이유","2023-04-26 14:01:16"
1006,"기타 이유","2023-04-26 14:01:30"
1007,"구독료가 너무 비싸서","2023-04-26 14:02:33"
1008,"기타 이유","2023-04-26 14:05:27"
1009,"기타 이유","2023-04-26 14:11:54"
1010,"기타 이유","2023-04-26 14:12:15"
1011,"기타 이유","2023-04-26 14:14:34"
1012,"기타 이유","2023-04-26 14:20:22"
1013,"기타 이유","2023-04-26 14:24:51"
1014,"기타 이유","2023-04-26 14:31:39"
1015,"함께 할 친구가 없어서","2023-04-26 14:31:54"
1016,"함께 할 친구가 없어서","2023-04-26 14:32:00"
1017,"기타 이유","2023-04-26 14:33:55"
1018,"함께 할 친구가 없어서","2023-04-26 14:36:12"
1019,"기타 이유","2023-04-26 14:42:30"
1020,"기타 이유","2023-04-26 14:43:38"
1021,"기타 이유","2023-04-26 14:45:04"
1022,"기타 이유","2023-04-26 14:46:00"
1023,"기타 이유","2023-04-26 14:46:43"
1024,"기타 이유","2023-04-26 14:50:10"
1025,"재밌는 질문이 없어서","2023-04-26 14:53:46"
1026,"함께 할 친구가 없어서","2023-04-26 14:55:37"
1027,"재밌는 질문이 없어서","2023-04-26 15:01:57"
1028,"함께 할 친구가 없어서","2023-04-26 15:05:32"
1029,"기타 이유","2023-04-26 15:12:17"
1030,"기타 이유","2023-04-26 15:14:05"
1031,"함께 할 친구가 없어서","2023-04-26 15:14:45"
1032,"기타 이유","2023-04-26 15:17:24"
1033,"기타 이유","2023-04-26 15:17:38"
1034,"기타 이유","2023-04-26 15:18:59"
1035,"함께 할 친구가 없어서","2023-04-26 15:25:48"
1036,"기타 이유","2023-04-26 15:30:13"
1037,"기타 이유","2023-04-26 15:32:18"
1038,"함께 할 친구가 없어서","2023-04-26 15:32:31"
1039,"기타 이유","2023-04-26 15:35:03"
1040,"함께 할 친구가 없어서","2023-04-26 15:45:42"
1041,"기타 이유","2023-04-26 15:47:20"
1042,"기타 이유","2023-04-26 15:54:23"
1043,"기타 이유","2023-04-26 15:56:54"
1044,"함께 할 친구가 없어서","2023-04-26 16:00:08"
1045,"기타 이유","2023-04-26 16:01:35"
1046,"함께 할 친구가 없어서","2023-04-26 16:02:40"
1047,"함께 할 친구가 없어서","2023-04-26 16:05:00"
1048,"기타 이유","2023-04-26 16:10:23"
1049,"기타 이유","2023-04-26 16:15:05"
1050,"함께 할 친구가 없어서","2023-04-26 16:15:20"
1051,"기타 이유","2023-04-26 16:17:29"
1052,"함께 할 친구가 없어서","2023-04-26 16:26:28"
