id,reason,created_at,block_user_id,user_id
1,그냥...,"2023-05-04 23:01:53",867483,878476
2,"친구 사이가 어색해짐","2023-05-05 01:17:08",867190,867564
3,"나랑 관련 없는 질문을 자꾸 보냄","2023-05-05 01:50:55",875110,875261
6,그냥...,"2023-05-05 05:21:52",883696,883511
7,그냥...,"2023-05-05 06:40:34",871349,870177
8,기타,"2023-05-05 10:23:15",846967,880109
9,"친구 사이가 어색해짐","2023-05-05 10:40:29",862748,851631
11,"친구 사이가 어색해짐","2023-05-05 12:19:37",885588,875490
12,기타,"2023-05-05 13:04:31",885794,879662
13,기타,"2023-05-05 13:04:42",885794,879662
14,그냥...,"2023-05-05 13:04:52",885794,879662
15,기타,"2023-05-05 13:04:56",885794,879662
16,기타,"2023-05-05 13:05:01",885794,879662
17,"친구 사이가 어색해짐","2023-05-05 13:17:19",886605,881070
18,"친구 사이가 어색해짐","2023-05-05 13:17:26",886605,881070
19,"친구 사이가 어색해짐","2023-05-05 15:08:49",849941,853296
21,그냥...,"2023-05-05 15:36:34",887434,881108
22,"친구 사이가 어색해짐","2023-05-05 15:39:54",882164,856484
27,그냥...,"2023-05-05 16:03:55",874270,856647
28,기타,"2023-05-05 16:22:38",887178,884524
29,"친구 사이가 어색해짐","2023-05-05 16:35:07",856407,857101
31,"친구 사이가 어색해짐","2023-05-05 17:09:19",886096,880836
32,기타,"2023-05-05 17:21:40",890159,888251
33,"친구 사이가 어색해짐","2023-05-05 17:45:47",847255,855853
34,"친구 사이가 어색해짐","2023-05-05 22:36:07",887976,884379
35,"친구 사이가 어색해짐","2023-05-06 00:45:26",876643,879067
38,"모르는 사람임","2023-05-06 01:46:20",890926,890763
39,"모르는 사람임","2023-05-06 01:50:00",890917,890763
40,"친구 사이가 어색해짐","2023-05-06 02:15:59",875213,885214
41,"친구 사이가 어색해짐","2023-05-06 02:21:16",875213,885214
43,"모르는 사람임","2023-05-06 02:45:32",868657,862960
44,"너무 많은 양의 질문을 보냄","2023-05-06 02:46:30",859119,852754
45,"나랑 관련 없는 질문을 자꾸 보냄","2023-05-06 03:10:34",867341,859864
46,"모르는 사람임","2023-05-06 03:10:38",861993,857629
47,"모르는 사람임","2023-05-06 03:10:47",861993,857629
50,"모르는 사람임","2023-05-06 04:01:35",860304,885453
53,"모르는 사람임","2023-05-06 04:26:19",842335,847651
54,"모르는 사람임","2023-05-06 04:31:34",891634,888475
55,"모르는 사람임","2023-05-06 04:33:35",841659,893190
59,"모르는 사람임","2023-05-06 05:00:54",863270,879374
60,"모르는 사람임","2023-05-06 05:12:44",885940,851519
61,"친구 사이가 어색해짐","2023-05-06 05:13:03",846630,851519
64,"모르는 사람임","2023-05-06 05:18:41",875786,871350
65,"모르는 사람임","2023-05-06 05:19:27",877540,871350
66,"친구 사이가 어색해짐","2023-05-06 05:28:54",860503,857629
67,"나랑 관련 없는 질문을 자꾸 보냄","2023-05-06 05:34:08",863828,866359
68,"친구 사이가 어색해짐","2023-05-06 05:34:20",885257,894208
72,"친구 사이가 어색해짐","2023-05-06 06:04:28",892692,883543
79,"친구 사이가 어색해짐","2023-05-06 06:31:09",885923,867967
81,"사칭 계정","2023-05-06 06:53:22",846359,845499
82,"친구 사이가 어색해짐","2023-05-06 06:53:47",890172,891662
83,"친구 사이가 어색해짐","2023-05-06 06:59:02",867323,878947
84,"친구 사이가 어색해짐","2023-05-06 07:11:35",888001,881467
85,"친구 사이가 어색해짐","2023-05-06 07:11:45",896068,881467
86,"모르는 사람임","2023-05-06 07:26:20",847572,882221
87,"모르는 사람임","2023-05-06 07:26:31",848046,882221
88,"모르는 사람임","2023-05-06 07:27:57",860384,862683
90,"모르는 사람임","2023-05-06 07:38:25",883359,889686
91,"친구 사이가 어색해짐","2023-05-06 07:43:12",895162,876750
92,"친구 사이가 어색해짐","2023-05-06 07:43:24",894627,876750
93,"친구 사이가 어색해짐","2023-05-06 07:43:44",881426,876750
94,"친구 사이가 어색해짐","2023-05-06 07:43:56",897288,896592
95,"친구 사이가 어색해짐","2023-05-06 07:43:57",892203,876750
97,"너무 많은 양의 질문을 보냄","2023-05-06 07:53:58",894402,895084
98,"친구 사이가 어색해짐","2023-05-06 07:57:18",897707,890763
99,"친구 사이가 어색해짐","2023-05-06 07:57:26",896979,890763
100,"모르는 사람임","2023-05-06 08:00:12",893961,891825
101,"모르는 사람임","2023-05-06 08:01:12",864746,866946
103,"사칭 계정","2023-05-06 08:09:38",891701,897917
104,"친구 사이가 어색해짐","2023-05-06 08:25:44",861077,861489
105,"친구 사이가 어색해짐","2023-05-06 08:31:38",894545,893701
106,"너무 많은 양의 질문을 보냄","2023-05-06 08:35:02",852860,851333
107,"친구 사이가 어색해짐","2023-05-06 08:35:18",852860,851333
109,"모르는 사람임","2023-05-06 08:41:41",896106,894503
110,"모르는 사람임","2023-05-06 08:54:35",891333,891189
111,"모르는 사람임","2023-05-06 08:55:04",891333,891189
116,"모르는 사람임","2023-05-06 09:06:51",899441,890902
117,"모르는 사람임","2023-05-06 09:07:03",899135,890902
118,"모르는 사람임","2023-05-06 09:12:10",892298,891998
119,"너무 많은 양의 질문을 보냄","2023-05-06 09:12:21",866585,857247
120,"모르는 사람임","2023-05-06 09:12:49",899348,891998
122,"친구 사이가 어색해짐","2023-05-06 09:25:12",900335,856236
123,"친구 사이가 어색해짐","2023-05-06 09:30:50",887178,884524
124,"모르는 사람임","2023-05-06 09:36:12",864198,893882
125,"모르는 사람임","2023-05-06 09:37:33",845522,873315
127,"모르는 사람임","2023-05-06 09:44:30",882089,893882
128,"모르는 사람임","2023-05-06 09:44:33",861850,869810
130,"친구 사이가 어색해짐","2023-05-06 10:01:39",860179,851656
131,"친구 사이가 어색해짐","2023-05-06 10:02:25",894940,902968
132,"사칭 계정","2023-05-06 10:02:26",884376,894936
133,"친구 사이가 어색해짐","2023-05-06 10:03:07",900042,899865
135,"친구 사이가 어색해짐","2023-05-06 10:13:07",892703,900045
136,"사칭 계정","2023-05-06 10:15:00",893509,897689
137,"모르는 사람임","2023-05-06 10:19:33",902795,893088
138,"모르는 사람임","2023-05-06 10:20:33",863124,880685
139,"친구 사이가 어색해짐","2023-05-06 10:20:46",899754,867856
140,"친구 사이가 어색해짐","2023-05-06 10:22:18",874579,874687
141,"친구 사이가 어색해짐","2023-05-06 10:26:14",888001,888500
142,"친구 사이가 어색해짐","2023-05-06 10:27:06",874579,874687
144,"나랑 관련 없는 질문을 자꾸 보냄","2023-05-06 10:27:56",874579,874687
145,"친구 사이가 어색해짐","2023-05-06 10:39:22",889141,903021
146,"모르는 사람임","2023-05-06 10:41:11",900589,900138
147,"모르는 사람임","2023-05-06 10:42:22",892298,891998
148,"모르는 사람임","2023-05-06 10:42:32",892298,891998
149,"모르는 사람임","2023-05-06 10:48:43",899659,897466
151,"친구 사이가 어색해짐","2023-05-06 10:50:30",895384,898439
152,"모르는 사람임","2023-05-06 10:55:51",870718,884022
153,"모르는 사람임","2023-05-06 10:55:58",880280,895204
155,"모르는 사람임","2023-05-06 11:06:23",861080,858031
156,"사칭 계정","2023-05-06 11:09:26",906135,894112
158,"친구 사이가 어색해짐","2023-05-06 11:16:34",889206,899577
159,"친구 사이가 어색해짐","2023-05-06 11:23:21",896244,877050
160,"모르는 사람임","2023-05-06 11:25:11",892334,899418
163,"모르는 사람임","2023-05-06 11:33:26",852038,858244
164,"사칭 계정","2023-05-06 11:33:34",871776,902435
165,"너무 많은 양의 질문을 보냄","2023-05-06 11:35:36",879867,878647
166,"모르는 사람임","2023-05-06 11:35:56",895039,893747
167,"친구 사이가 어색해짐","2023-05-06 11:38:54",863555,899139
168,"모르는 사람임","2023-05-06 11:42:06",907772,891998
169,"모르는 사람임","2023-05-06 11:42:13",874579,874687
170,"사칭 계정","2023-05-06 11:42:46",902467,905763
171,"모르는 사람임","2023-05-06 11:45:32",905767,894191
172,"사칭 계정","2023-05-06 11:48:17",906085,892418
173,"나랑 관련 없는 질문을 자꾸 보냄","2023-05-06 11:54:15",899987,897487
174,"친구 사이가 어색해짐","2023-05-06 11:56:13",907721,883198
177,"친구 사이가 어색해짐","2023-05-06 12:01:18",855535,900018
178,"모르는 사람임","2023-05-06 12:01:37",874309,885955
179,"친구 사이가 어색해짐","2023-05-06 12:01:37",906239,855562
183,"사칭 계정","2023-05-06 12:07:50",908095,863470
184,"친구 사이가 어색해짐","2023-05-06 12:09:00",909856,900480
187,"모르는 사람임","2023-05-06 12:14:50",894027,894733
188,"친구 사이가 어색해짐","2023-05-06 12:16:49",839979,839967
189,"친구 사이가 어색해짐","2023-05-06 12:17:10",840138,839967
190,"친구 사이가 어색해짐","2023-05-06 12:21:50",894923,894307
191,"모르는 사람임","2023-05-06 12:22:05",895857,894307
192,"모르는 사람임","2023-05-06 12:22:37",871380,875178
193,"모르는 사람임","2023-05-06 12:22:52",903002,894307
195,"모르는 사람임","2023-05-06 12:25:44",897553,894307
196,"친구 사이가 어색해짐","2023-05-06 12:27:25",893811,898496
197,"모르는 사람임","2023-05-06 12:27:31",896611,907139
198,"친구 사이가 어색해짐","2023-05-06 12:27:54",893811,898496
199,"모르는 사람임","2023-05-06 12:31:32",898020,898071
200,"너무 많은 양의 질문을 보냄","2023-05-06 12:31:54",903124,902088
201,"나랑 관련 없는 질문을 자꾸 보냄","2023-05-06 12:32:07",902440,900317
203,"친구 사이가 어색해짐","2023-05-06 12:34:09",907232,903021
204,"친구 사이가 어색해짐","2023-05-06 12:37:28",902605,902500
205,"모르는 사람임","2023-05-06 12:39:18",893479,892483
206,"친구 사이가 어색해짐","2023-05-06 12:40:03",895853,881333
207,"모르는 사람임","2023-05-06 12:41:04",907772,891998
208,"모르는 사람임","2023-05-06 12:41:18",896776,892262
209,"모르는 사람임","2023-05-06 12:41:49",896776,905678
210,"친구 사이가 어색해짐","2023-05-06 12:42:26",900536,889841
213,"모르는 사람임","2023-05-06 12:42:55",896081,863896
215,"친구 사이가 어색해짐","2023-05-06 12:48:52",896562,904102
216,"친구 사이가 어색해짐","2023-05-06 12:49:13",899036,904102
217,"친구 사이가 어색해짐","2023-05-06 12:49:34",899945,904102
218,"친구 사이가 어색해짐","2023-05-06 12:49:55",903061,904102
219,"친구 사이가 어색해짐","2023-05-06 12:50:19",897604,904102
220,"친구 사이가 어색해짐","2023-05-06 12:54:18",895557,897594
222,"모르는 사람임","2023-05-06 12:54:34",888424,884464
224,"모르는 사람임","2023-05-06 12:54:58",888424,884464
225,"모르는 사람임","2023-05-06 12:57:49",857521,884464
226,"모르는 사람임","2023-05-06 12:59:26",844295,845095
228,"사칭 계정","2023-05-06 13:06:10",912684,892418
229,"친구 사이가 어색해짐","2023-05-06 13:16:21",913483,915290
230,"친구 사이가 어색해짐","2023-05-06 13:18:40",898020,897693
233,"모르는 사람임","2023-05-06 13:25:19",870106,872517
234,"모르는 사람임","2023-05-06 13:29:12",910106,911225
237,"친구 사이가 어색해짐","2023-05-06 13:32:49",913066,898439
238,"모르는 사람임","2023-05-06 13:34:06",871380,875178
239,"너무 많은 양의 질문을 보냄","2023-05-06 13:34:21",871380,875178
246,"사칭 계정","2023-05-06 13:41:16",903506,891861
247,"친구 사이가 어색해짐","2023-05-06 13:46:49",914542,897953
248,"친구 사이가 어색해짐","2023-05-06 13:53:50",880139,909582
249,"모르는 사람임","2023-05-06 13:57:20",912368,905504
250,"너무 많은 양의 질문을 보냄","2023-05-06 13:58:03",906771,905400
251,"모르는 사람임","2023-05-06 13:59:25",876371,909191
252,"친구 사이가 어색해짐","2023-05-06 14:07:49",912365,919244
255,"모르는 사람임","2023-05-06 14:10:01",900589,900138
256,"사칭 계정","2023-05-06 14:10:20",909755,892418
257,"모르는 사람임","2023-05-06 14:12:23",913458,918168
259,"모르는 사람임","2023-05-06 14:21:08",912368,905504
260,"모르는 사람임","2023-05-06 14:21:27",919536,908092
261,"모르는 사람임","2023-05-06 14:22:41",904346,911301
262,"친구 사이가 어색해짐","2023-05-06 14:22:57",904346,911301
263,"친구 사이가 어색해짐","2023-05-06 14:25:08",917784,915540
264,"모르는 사람임","2023-05-06 14:28:43",910345,899921
268,"너무 많은 양의 질문을 보냄","2023-05-06 14:32:43",890996,916239
269,"모르는 사람임","2023-05-06 14:35:03",917124,901079
270,"사칭 계정","2023-05-06 14:38:06",920263,921659
271,"친구 사이가 어색해짐","2023-05-06 14:39:11",876207,883369
273,"너무 많은 양의 질문을 보냄","2023-05-06 14:42:49",876207,883369
274,"모르는 사람임","2023-05-06 14:43:10",898020,897693
275,"친구 사이가 어색해짐","2023-05-06 14:43:23",898117,893768
276,"모르는 사람임","2023-05-06 14:45:40",876207,883369
277,"친구 사이가 어색해짐","2023-05-06 14:47:02",920167,915200
278,"너무 많은 양의 질문을 보냄","2023-05-06 14:47:18",876207,883369
280,"사칭 계정","2023-05-06 14:49:53",916860,915662
281,"너무 많은 양의 질문을 보냄","2023-05-06 14:52:06",876207,889732
282,"너무 많은 양의 질문을 보냄","2023-05-06 14:53:09",876207,889732
283,"나랑 관련 없는 질문을 자꾸 보냄","2023-05-06 14:53:18",876207,889732
284,"모르는 사람임","2023-05-06 14:53:33",876207,889732
285,"친구 사이가 어색해짐","2023-05-06 14:54:06",906831,904736
286,"너무 많은 양의 질문을 보냄","2023-05-06 14:54:09",876207,889732
287,"나랑 관련 없는 질문을 자꾸 보냄","2023-05-06 14:54:17",876207,889732
288,"너무 많은 양의 질문을 보냄","2023-05-06 14:54:53",876207,889732
290,"너무 많은 양의 질문을 보냄","2023-05-06 14:56:13",876207,889732
291,"너무 많은 양의 질문을 보냄","2023-05-06 14:57:09",876207,889732
292,"모르는 사람임","2023-05-06 14:57:20",919826,923202
293,"너무 많은 양의 질문을 보냄","2023-05-06 14:58:34",876207,889732
294,"모르는 사람임","2023-05-06 14:58:51",876371,909191
295,"모르는 사람임","2023-05-06 14:59:01",876371,909191
296,"나랑 관련 없는 질문을 자꾸 보냄","2023-05-06 14:59:05",876207,889732
297,"너무 많은 양의 질문을 보냄","2023-05-06 14:59:49",876207,889732
298,"너무 많은 양의 질문을 보냄","2023-05-06 14:59:54",876207,889732
299,"너무 많은 양의 질문을 보냄","2023-05-06 15:00:33",876207,889732
300,"너무 많은 양의 질문을 보냄","2023-05-06 15:00:53",876207,889732
301,"너무 많은 양의 질문을 보냄","2023-05-06 15:01:03",876207,889732
302,"모르는 사람임","2023-05-06 15:01:35",876723,872902
303,"너무 많은 양의 질문을 보냄","2023-05-06 15:02:19",876207,889732
305,"너무 많은 양의 질문을 보냄","2023-05-06 15:03:27",876207,889732
307,"너무 많은 양의 질문을 보냄","2023-05-06 15:04:59",876207,889732
308,"모르는 사람임","2023-05-06 15:07:46",912549,908325
309,"모르는 사람임","2023-05-06 15:08:15",888424,884464
313,"모르는 사람임","2023-05-06 15:14:18",900330,897037
314,"모르는 사람임","2023-05-06 15:17:59",876723,872902
315,"친구 사이가 어색해짐","2023-05-06 15:18:06",876723,872902
317,"모르는 사람임","2023-05-06 15:19:18",910646,871515
318,"모르는 사람임","2023-05-06 15:19:41",886935,881680
320,"나랑 관련 없는 질문을 자꾸 보냄","2023-05-06 15:19:52",881969,913890
321,"친구 사이가 어색해짐","2023-05-06 15:20:26",912365,919244
322,"모르는 사람임","2023-05-06 15:20:45",886935,881680
324,"모르는 사람임","2023-05-06 15:21:12",867328,841008
325,"너무 많은 양의 질문을 보냄","2023-05-06 15:22:22",876207,889732
331,"친구 사이가 어색해짐","2023-05-06 15:31:03",916353,863401
332,"모르는 사람임","2023-05-06 15:34:30",896105,882021
333,"친구 사이가 어색해짐","2023-05-06 15:37:21",862265,862060
334,"모르는 사람임","2023-05-06 15:39:37",887819,917715
335,"모르는 사람임","2023-05-06 15:41:29",901718,857876
336,"모르는 사람임","2023-05-06 15:42:40",897010,899865
337,"친구 사이가 어색해짐","2023-05-06 15:42:46",913663,905028
338,"모르는 사람임","2023-05-06 15:42:49",904275,899865
339,"친구 사이가 어색해짐","2023-05-06 15:44:48",871445,926167
340,"모르는 사람임","2023-05-06 15:45:53",911602,926502
341,"모르는 사람임","2023-05-06 15:47:17",898020,901327
343,"모르는 사람임","2023-05-06 15:51:43",922321,919318
344,"친구 사이가 어색해짐","2023-05-06 15:52:37",915457,920167
345,"친구 사이가 어색해짐","2023-05-06 15:55:23",884137,875951
346,"모르는 사람임","2023-05-06 15:55:24",898020,898071
347,"친구 사이가 어색해짐","2023-05-06 15:55:56",923623,922643
348,"모르는 사람임","2023-05-06 15:57:12",903566,889336
349,"모르는 사람임","2023-05-06 15:59:07",887763,909606
351,"친구 사이가 어색해짐","2023-05-06 16:05:09",925765,904643
352,"친구 사이가 어색해짐","2023-05-06 16:05:22",925862,904643
353,"친구 사이가 어색해짐","2023-05-06 16:05:38",922643,904643
354,"사칭 계정","2023-05-06 16:08:08",924444,890774
355,"모르는 사람임","2023-05-06 16:10:14",903566,889336
356,"모르는 사람임","2023-05-06 16:10:47",922978,901941
357,"모르는 사람임","2023-05-06 16:10:55",852577,874624
358,"모르는 사람임","2023-05-06 16:11:14",911423,895843
359,"모르는 사람임","2023-05-06 16:14:29",915662,897072
360,"모르는 사람임","2023-05-06 16:16:58",911423,895843
362,"모르는 사람임","2023-05-06 16:19:14",862066,902435
363,"모르는 사람임","2023-05-06 16:19:43",851166,902435
365,"모르는 사람임","2023-05-06 16:25:38",913310,893300
366,"친구 사이가 어색해짐","2023-05-06 16:27:45",901077,896037
367,"모르는 사람임","2023-05-06 16:27:48",898020,897345
368,"모르는 사람임","2023-05-06 16:28:15",898020,897345
369,"모르는 사람임","2023-05-06 16:31:44",841284,911470
370,"모르는 사람임","2023-05-06 16:31:52",897681,911470
371,"사칭 계정","2023-05-06 16:32:20",887229,844453
372,"모르는 사람임","2023-05-06 16:33:34",900330,897037
373,"모르는 사람임","2023-05-06 16:33:44",900330,897037
374,"모르는 사람임","2023-05-06 16:33:56",900330,897037
375,"친구 사이가 어색해짐","2023-05-06 16:34:05",922782,888280
376,"모르는 사람임","2023-05-06 16:36:09",896106,897037
378,"친구 사이가 어색해짐","2023-05-06 16:37:45",840715,840898
379,"너무 많은 양의 질문을 보냄","2023-05-06 16:39:41",903566,889336
381,"모르는 사람임","2023-05-06 16:42:13",906439,918631
382,"모르는 사람임","2023-05-06 16:42:14",897681,911470
383,"모르는 사람임","2023-05-06 16:44:05",925193,911572
385,"너무 많은 양의 질문을 보냄","2023-05-06 16:44:57",841284,911470
386,"모르는 사람임","2023-05-06 16:46:30",898020,901327
388,"모르는 사람임","2023-05-06 16:59:00",906193,900087
389,"친구 사이가 어색해짐","2023-05-06 17:03:26",847973,915664
390,"사칭 계정","2023-05-06 17:09:58",920465,911385
392,"친구 사이가 어색해짐","2023-05-06 17:26:38",841284,911470
393,"모르는 사람임","2023-05-06 17:28:18",925193,911572
394,"모르는 사람임","2023-05-06 17:28:38",925193,911572
395,"모르는 사람임","2023-05-06 17:28:48",925193,911572
396,"친구 사이가 어색해짐","2023-05-06 17:43:15",930901,924797
397,"친구 사이가 어색해짐","2023-05-06 17:44:24",908955,924797
398,"친구 사이가 어색해짐","2023-05-06 17:44:38",928786,924797
399,"친구 사이가 어색해짐","2023-05-06 17:53:09",872406,928352
400,"친구 사이가 어색해짐","2023-05-06 17:53:26",900997,866236
403,"모르는 사람임","2023-05-06 18:10:32",931041,928215
404,"친구 사이가 어색해짐","2023-05-06 18:18:24",897398,930355
405,"사칭 계정","2023-05-06 18:25:56",890439,895068
406,"모르는 사람임","2023-05-06 18:30:35",897681,863494
407,"모르는 사람임","2023-05-06 18:38:09",876371,909191
408,"모르는 사람임","2023-05-06 21:25:58",904346,911301
415,"나랑 관련 없는 질문을 자꾸 보냄","2023-05-06 22:36:26",905954,908035
416,"나랑 관련 없는 질문을 자꾸 보냄","2023-05-06 22:47:55",928852,876875
417,"친구 사이가 어색해짐","2023-05-06 23:18:19",924045,932053
418,"모르는 사람임","2023-05-06 23:24:14",893430,923118
419,"모르는 사람임","2023-05-06 23:24:50",925138,923118
420,"모르는 사람임","2023-05-06 23:25:43",897341,923118
421,"친구 사이가 어색해짐","2023-05-06 23:32:48",929747,893825
422,"친구 사이가 어색해짐","2023-05-06 23:40:50",899003,896552
423,"모르는 사람임","2023-05-06 23:43:11",928875,932248
424,"친구 사이가 어색해짐","2023-05-06 23:46:26",920439,907529
427,"모르는 사람임","2023-05-07 00:06:02",917905,917810
429,"친구 사이가 어색해짐","2023-05-07 00:16:07",931731,906633
432,"친구 사이가 어색해짐","2023-05-07 00:23:18",910457,897466
433,"모르는 사람임","2023-05-07 00:32:53",901924,900056
434,"모르는 사람임","2023-05-07 00:33:05",896361,900056
438,"모르는 사람임","2023-05-07 00:55:48",896547,900687
440,"친구 사이가 어색해짐","2023-05-07 00:57:47",915383,933720
441,"모르는 사람임","2023-05-07 01:03:34",931995,897212
442,"모르는 사람임","2023-05-07 01:03:51",929767,926487
444,"모르는 사람임","2023-05-07 01:04:37",846569,904893
445,"모르는 사람임","2023-05-07 01:05:57",886196,923118
446,"사칭 계정","2023-05-07 01:06:53",933100,892418
447,"친구 사이가 어색해짐","2023-05-07 01:11:51",912549,908325
448,"모르는 사람임","2023-05-07 01:17:28",882704,868165
449,"나랑 관련 없는 질문을 자꾸 보냄","2023-05-07 01:23:59",874579,874687
450,"모르는 사람임","2023-05-07 01:25:34",901924,902062
452,"나랑 관련 없는 질문을 자꾸 보냄","2023-05-07 01:30:19",901924,902062
453,"사칭 계정","2023-05-07 01:31:24",907480,906431
455,"모르는 사람임","2023-05-07 01:36:38",847301,852455
456,"친구 사이가 어색해짐","2023-05-07 01:37:07",908205,897771
457,"사칭 계정","2023-05-07 01:38:45",925177,899247
458,"모르는 사람임","2023-05-07 01:40:07",881289,907304
459,"모르는 사람임","2023-05-07 01:41:17",912130,913482
460,"사칭 계정","2023-05-07 01:43:35",914939,893800
461,"모르는 사람임","2023-05-07 01:44:22",896124,930661
463,"모르는 사람임","2023-05-07 01:50:12",890515,928215
464,"친구 사이가 어색해짐","2023-05-07 01:50:34",901924,902062
465,"모르는 사람임","2023-05-07 01:50:52",905281,895461
466,"친구 사이가 어색해짐","2023-05-07 01:52:06",866056,911478
467,"친구 사이가 어색해짐","2023-05-07 01:53:17",924018,923548
468,"모르는 사람임","2023-05-07 01:58:04",929030,925589
469,"나랑 관련 없는 질문을 자꾸 보냄","2023-05-07 01:58:31",910772,904071
470,"모르는 사람임","2023-05-07 01:59:03",882940,863415
471,"너무 많은 양의 질문을 보냄","2023-05-07 02:00:27",903447,896747
474,"친구 사이가 어색해짐","2023-05-07 02:03:48",903623,870667
475,"모르는 사람임","2023-05-07 02:04:26",910772,904071
476,"사칭 계정","2023-05-07 02:04:35",910772,904071
477,"너무 많은 양의 질문을 보냄","2023-05-07 02:04:49",923279,911248
478,"사칭 계정","2023-05-07 02:06:04",872542,873534
479,"모르는 사람임","2023-05-07 02:11:41",901310,849133
480,"모르는 사람임","2023-05-07 02:13:59",872542,873534
482,"모르는 사람임","2023-05-07 02:14:45",912368,887069
483,"친구 사이가 어색해짐","2023-05-07 02:15:38",893758,886017
484,"친구 사이가 어색해짐","2023-05-07 02:15:46",898814,886017
485,"모르는 사람임","2023-05-07 02:15:59",890278,886017
486,"친구 사이가 어색해짐","2023-05-07 02:16:26",896776,886017
487,"모르는 사람임","2023-05-07 02:23:31",892480,884645
488,"너무 많은 양의 질문을 보냄","2023-05-07 02:28:59",935948,936751
492,"사칭 계정","2023-05-07 02:32:35",931717,920210
495,"친구 사이가 어색해짐","2023-05-07 02:36:23",910118,905213
496,"사칭 계정","2023-05-07 02:37:49",890830,882937
497,"모르는 사람임","2023-05-07 02:37:58",894804,913178
498,"모르는 사람임","2023-05-07 02:38:28",892759,923162
501,"모르는 사람임","2023-05-07 02:45:05",871380,905394
502,"모르는 사람임","2023-05-07 02:45:27",910816,905394
503,"친구 사이가 어색해짐","2023-05-07 02:47:52",904941,917244
504,"친구 사이가 어색해짐","2023-05-07 02:49:00",857110,917244
506,"모르는 사람임","2023-05-07 02:54:49",898020,897345
507,"사칭 계정","2023-05-07 02:54:53",934398,917756
508,"너무 많은 양의 질문을 보냄","2023-05-07 02:55:44",875304,890693
509,"모르는 사람임","2023-05-07 02:56:40",841679,895953
510,"모르는 사람임","2023-05-07 02:56:48",846825,895953
511,"너무 많은 양의 질문을 보냄","2023-05-07 03:00:49",884218,887387
512,"모르는 사람임","2023-05-07 03:01:53",914542,897953
513,"친구 사이가 어색해짐","2023-05-07 03:03:47",871617,870829
514,"친구 사이가 어색해짐","2023-05-07 03:07:27",934582,901101
515,"모르는 사람임","2023-05-07 03:07:33",934582,901101
516,"사칭 계정","2023-05-07 03:08:08",937402,891074
521,"모르는 사람임","2023-05-07 03:15:40",903607,937073
522,"모르는 사람임","2023-05-07 03:15:43",924363,937073
523,"모르는 사람임","2023-05-07 03:15:46",912390,937073
524,"모르는 사람임","2023-05-07 03:16:02",893723,937073
525,"나랑 관련 없는 질문을 자꾸 보냄","2023-05-07 03:16:14",915905,932201
528,"모르는 사람임","2023-05-07 03:20:40",937711,900056
529,"모르는 사람임","2023-05-07 03:23:57",865496,900018
531,"너무 많은 양의 질문을 보냄","2023-05-07 03:31:36",898020,901327
532,"모르는 사람임","2023-05-07 03:32:22",915662,897072
533,"친구 사이가 어색해짐","2023-05-07 03:32:30",880246,852645
535,"너무 많은 양의 질문을 보냄","2023-05-07 03:37:05",925676,937049
537,"나랑 관련 없는 질문을 자꾸 보냄","2023-05-07 03:41:47",914841,908492
538,"사칭 계정","2023-05-07 03:42:06",932540,895298
539,"친구 사이가 어색해짐","2023-05-07 03:44:34",933138,934941
540,"친구 사이가 어색해짐","2023-05-07 03:44:45",902452,934941
541,"모르는 사람임","2023-05-07 03:44:55",934411,934941
542,"모르는 사람임","2023-05-07 03:45:05",926402,934941
543,"모르는 사람임","2023-05-07 03:45:13",935462,934941
545,"사칭 계정","2023-05-07 03:46:07",937402,891775
546,"모르는 사람임","2023-05-07 03:48:10",896006,909143
547,"친구 사이가 어색해짐","2023-05-07 03:50:36",907721,883198
549,"친구 사이가 어색해짐","2023-05-07 03:51:23",907721,883198
550,"친구 사이가 어색해짐","2023-05-07 03:51:32",907721,883198
552,"친구 사이가 어색해짐","2023-05-07 03:51:56",907721,883198
553,"나랑 관련 없는 질문을 자꾸 보냄","2023-05-07 03:52:03",924877,918060
554,"모르는 사람임","2023-05-07 03:55:36",879753,882521
555,"친구 사이가 어색해짐","2023-05-07 03:55:49",914542,897953
556,"모르는 사람임","2023-05-07 03:57:33",939742,915953
557,"친구 사이가 어색해짐","2023-05-07 03:57:52",910815,940253
558,"사칭 계정","2023-05-07 04:05:26",870106,878060
562,"모르는 사람임","2023-05-07 04:08:39",890805,860064
563,"모르는 사람임","2023-05-07 04:09:08",890805,860064
565,"모르는 사람임","2023-05-07 04:17:36",938524,916585
566,"너무 많은 양의 질문을 보냄","2023-05-07 04:18:13",898020,896862
568,"나랑 관련 없는 질문을 자꾸 보냄","2023-05-07 04:22:15",898020,898283
569,"모르는 사람임","2023-05-07 04:26:08",898020,896862
570,"너무 많은 양의 질문을 보냄","2023-05-07 04:26:16",898020,896862
571,"나랑 관련 없는 질문을 자꾸 보냄","2023-05-07 04:26:34",898020,896862
572,"친구 사이가 어색해짐","2023-05-07 04:27:56",898363,888641
573,"나랑 관련 없는 질문을 자꾸 보냄","2023-05-07 04:28:11",898020,896862
574,"친구 사이가 어색해짐","2023-05-07 04:28:13",915417,911283
575,"모르는 사람임","2023-05-07 04:30:14",929767,942057
576,"친구 사이가 어색해짐","2023-05-07 04:30:14",933767,932926
577,"너무 많은 양의 질문을 보냄","2023-05-07 04:31:34",940907,942100
578,"나랑 관련 없는 질문을 자꾸 보냄","2023-05-07 04:31:47",876317,871602
579,"모르는 사람임","2023-05-07 04:32:17",906439,925508
580,"사칭 계정","2023-05-07 04:33:17",937923,892418
581,"모르는 사람임","2023-05-07 04:41:12",939257,900862
584,"모르는 사람임","2023-05-07 04:47:03",933993,899107
585,"모르는 사람임","2023-05-07 04:57:25",872479,890815
587,"사칭 계정","2023-05-07 04:58:43",918933,931080
588,"친구 사이가 어색해짐","2023-05-07 04:59:51",896221,917764
589,"모르는 사람임","2023-05-07 05:05:38",927259,906902
590,"친구 사이가 어색해짐","2023-05-07 05:06:18",898352,923736
591,"모르는 사람임","2023-05-07 05:06:54",919373,917454
592,"너무 많은 양의 질문을 보냄","2023-05-07 05:08:17",924877,918060
593,"사칭 계정","2023-05-07 05:09:33",942293,901357
594,"모르는 사람임","2023-05-07 05:10:53",900330,897037
597,"모르는 사람임","2023-05-07 05:23:22",901924,900056
598,"모르는 사람임","2023-05-07 05:25:00",920457,848687
599,"모르는 사람임","2023-05-07 05:25:31",920457,848687
600,"모르는 사람임","2023-05-07 05:25:34",920457,848687
601,"나랑 관련 없는 질문을 자꾸 보냄","2023-05-07 05:25:45",898020,896862
602,"사칭 계정","2023-05-07 05:26:29",939461,940633
603,"모르는 사람임","2023-05-07 05:27:05",944741,940085
604,"모르는 사람임","2023-05-07 05:28:34",860647,899732
605,"친구 사이가 어색해짐","2023-05-07 05:30:52",910147,915457
607,"모르는 사람임","2023-05-07 05:40:44",917094,915657
608,"너무 많은 양의 질문을 보냄","2023-05-07 05:41:24",883706,876466
610,"너무 많은 양의 질문을 보냄","2023-05-07 05:41:31",898020,909818
611,"모르는 사람임","2023-05-07 05:43:53",895031,904031
612,"친구 사이가 어색해짐","2023-05-07 05:48:07",907721,883198
613,"모르는 사람임","2023-05-07 05:48:29",863896,892404
614,"친구 사이가 어색해짐","2023-05-07 05:50:23",907721,883198
616,"모르는 사람임","2023-05-07 05:50:57",938475,937479
618,"친구 사이가 어색해짐","2023-05-07 05:52:53",933821,924797
619,"모르는 사람임","2023-05-07 05:54:01",890763,943839
621,"모르는 사람임","2023-05-07 06:05:29",838674,899231
622,"모르는 사람임","2023-05-07 06:05:34",912165,946223
623,"모르는 사람임","2023-05-07 06:06:45",897681,863494
625,"친구 사이가 어색해짐","2023-05-07 06:10:17",933154,946223
626,"모르는 사람임","2023-05-07 06:10:30",933154,946223
627,"모르는 사람임","2023-05-07 06:10:33",930195,896668
628,"모르는 사람임","2023-05-07 06:10:39",930195,896668
629,"모르는 사람임","2023-05-07 06:13:47",914542,897953
630,"모르는 사람임","2023-05-07 06:21:00",901924,902062
631,"모르는 사람임","2023-05-07 06:21:17",901924,902062
633,"모르는 사람임","2023-05-07 06:23:12",898020,901042
634,"모르는 사람임","2023-05-07 06:23:37",922118,912910
635,"사칭 계정","2023-05-07 06:23:56",943844,922926
636,"친구 사이가 어색해짐","2023-05-07 06:25:50",932595,904102
637,"친구 사이가 어색해짐","2023-05-07 06:26:06",925157,904102
645,"모르는 사람임","2023-05-07 06:39:34",926799,894468
647,"모르는 사람임","2023-05-07 06:41:24",912469,918735
648,"모르는 사람임","2023-05-07 06:41:31",921824,918735
649,"친구 사이가 어색해짐","2023-05-07 06:41:42",941272,918735
651,"친구 사이가 어색해짐","2023-05-07 06:48:56",915010,917190
654,"모르는 사람임","2023-05-07 06:53:57",838130,878206
655,"사칭 계정","2023-05-07 06:54:18",898880,902614
656,"모르는 사람임","2023-05-07 06:54:27",902540,890285
657,"모르는 사람임","2023-05-07 06:54:30",878809,889686
658,"모르는 사람임","2023-05-07 06:54:32",930201,842042
659,"모르는 사람임","2023-05-07 06:57:44",920639,914610
660,"모르는 사람임","2023-05-07 06:58:04",946230,891727
661,"친구 사이가 어색해짐","2023-05-07 07:00:50",941251,909295
664,"모르는 사람임","2023-05-07 07:02:43",912937,948733
665,"친구 사이가 어색해짐","2023-05-07 07:02:45",944532,930190
666,"너무 많은 양의 질문을 보냄","2023-05-07 07:04:28",929030,933315
667,"모르는 사람임","2023-05-07 07:05:29",884035,932969
668,"친구 사이가 어색해짐","2023-05-07 07:06:36",942574,948135
669,"모르는 사람임","2023-05-07 07:07:39",904701,945784
670,"친구 사이가 어색해짐","2023-05-07 07:09:50",947026,943215
671,"모르는 사람임","2023-05-07 07:10:02",898889,943215
672,"모르는 사람임","2023-05-07 07:10:44",929131,915161
673,"모르는 사람임","2023-05-07 07:12:47",919293,901868
674,"사칭 계정","2023-05-07 07:13:09",948201,940633
675,"모르는 사람임","2023-05-07 07:13:35",874075,872550
676,"모르는 사람임","2023-05-07 07:16:22",894164,910494
677,"모르는 사람임","2023-05-07 07:16:32",881289,907304
678,"모르는 사람임","2023-05-07 07:16:40",878209,910494
679,"모르는 사람임","2023-05-07 07:18:20",946630,903469
680,"모르는 사람임","2023-05-07 07:19:23",891202,916524
681,"친구 사이가 어색해짐","2023-05-07 07:20:21",913940,949421
685,"친구 사이가 어색해짐","2023-05-07 07:23:55",867844,895554
686,"모르는 사람임","2023-05-07 07:27:34",913153,909451
688,"친구 사이가 어색해짐","2023-05-07 07:29:17",898020,877312
689,"모르는 사람임","2023-05-07 07:29:51",938344,906316
690,"모르는 사람임","2023-05-07 07:31:05",937501,920964
691,"모르는 사람임","2023-05-07 07:31:37",929767,943215
693,"모르는 사람임","2023-05-07 07:34:58",912368,887069
694,"나랑 관련 없는 질문을 자꾸 보냄","2023-05-07 07:39:15",941985,945758
695,"모르는 사람임","2023-05-07 07:39:31",898020,941582
696,"모르는 사람임","2023-05-07 07:40:00",898020,941582
697,"사칭 계정","2023-05-07 07:40:36",950253,914716
698,"모르는 사람임","2023-05-07 07:40:55",912653,912910
699,"사칭 계정","2023-05-07 07:41:10",898020,941582
700,"나랑 관련 없는 질문을 자꾸 보냄","2023-05-07 07:41:19",898020,941582
701,"친구 사이가 어색해짐","2023-05-07 07:41:27",898020,941582
702,"모르는 사람임","2023-05-07 07:42:25",908382,905561
704,"모르는 사람임","2023-05-07 07:46:54",919906,923870
705,"친구 사이가 어색해짐","2023-05-07 07:48:32",946106,901242
706,"너무 많은 양의 질문을 보냄","2023-05-07 07:49:31",898020,909818
707,"나랑 관련 없는 질문을 자꾸 보냄","2023-05-07 07:49:46",898020,909818
708,"모르는 사람임","2023-05-07 07:51:53",949558,943452
709,"모르는 사람임","2023-05-07 07:57:48",898020,857420
710,"나랑 관련 없는 질문을 자꾸 보냄","2023-05-07 07:57:58",898020,857420
711,"모르는 사람임","2023-05-07 07:58:46",945627,912910
713,"친구 사이가 어색해짐","2023-05-07 08:06:46",949112,943934
714,"사칭 계정","2023-05-07 08:08:44",907726,890957
715,"친구 사이가 어색해짐","2023-05-07 08:09:08",951416,945036
716,"친구 사이가 어색해짐","2023-05-07 08:09:35",874579,874687
717,"친구 사이가 어색해짐","2023-05-07 08:10:16",930901,924797
718,"너무 많은 양의 질문을 보냄","2023-05-07 08:10:34",930901,924797
719,"모르는 사람임","2023-05-07 08:11:13",938930,915566
720,"모르는 사람임","2023-05-07 08:11:20",877753,866723
721,"모르는 사람임","2023-05-07 08:11:32",877753,866723
723,"모르는 사람임","2023-05-07 08:12:50",917940,906387
724,"모르는 사람임","2023-05-07 08:13:16",917940,901347
725,"모르는 사람임","2023-05-07 08:13:26",949467,901347
726,"모르는 사람임","2023-05-07 08:14:04",908474,901347
727,"모르는 사람임","2023-05-07 08:14:12",888529,901347
729,"모르는 사람임","2023-05-07 08:14:26",887097,901347
730,"모르는 사람임","2023-05-07 08:14:27",892366,951845
732,"친구 사이가 어색해짐","2023-05-07 08:14:48",909622,904075
734,"사칭 계정","2023-05-07 08:15:38",902514,951717
736,"모르는 사람임","2023-05-07 08:15:44",902514,951717
737,"친구 사이가 어색해짐","2023-05-07 08:16:01",949776,948933
738,"모르는 사람임","2023-05-07 08:18:21",901924,902062
739,"너무 많은 양의 질문을 보냄","2023-05-07 08:18:26",936535,943943
741,"너무 많은 양의 질문을 보냄","2023-05-07 08:27:02",892163,910670
742,"너무 많은 양의 질문을 보냄","2023-05-07 08:28:03",892163,910670
743,"너무 많은 양의 질문을 보냄","2023-05-07 08:28:22",892163,910670
744,"모르는 사람임","2023-05-07 08:28:28",891166,932495
745,"사칭 계정","2023-05-07 08:30:19",943708,903528
746,"너무 많은 양의 질문을 보냄","2023-05-07 08:30:47",892163,910670
747,"모르는 사람임","2023-05-07 08:30:56",897839,907139
748,"친구 사이가 어색해짐","2023-05-07 08:31:00",898363,888641
749,"사칭 계정","2023-05-07 08:31:23",888424,884464
751,"모르는 사람임","2023-05-07 08:32:27",887833,932312
753,"사칭 계정","2023-05-07 08:42:46",952070,896485
758,"모르는 사람임","2023-05-07 08:47:59",934049,887069
759,"모르는 사람임","2023-05-07 08:51:01",847301,852455
760,"친구 사이가 어색해짐","2023-05-07 08:51:18",847301,852455
761,"모르는 사람임","2023-05-07 08:52:05",915062,857876
762,"모르는 사람임","2023-05-07 08:52:37",895667,894503
763,"모르는 사람임","2023-05-07 08:52:58",938810,923118
764,"사칭 계정","2023-05-07 08:53:46",953503,923118
765,"나랑 관련 없는 질문을 자꾸 보냄","2023-05-07 08:55:35",944532,930190
766,"친구 사이가 어색해짐","2023-05-07 08:59:24",887450,919110
767,"친구 사이가 어색해짐","2023-05-07 09:02:04",947749,935810
768,"친구 사이가 어색해짐","2023-05-07 09:03:32",900330,897037
769,"친구 사이가 어색해짐","2023-05-07 09:03:42",900330,897037
770,"사칭 계정","2023-05-07 09:04:54",901445,953672
771,"모르는 사람임","2023-05-07 09:05:46",949467,916852
772,"친구 사이가 어색해짐","2023-05-07 09:05:46",900319,895661
773,"모르는 사람임","2023-05-07 09:07:00",915457,950459
775,"친구 사이가 어색해짐","2023-05-07 09:09:25",912917,921233
776,"친구 사이가 어색해짐","2023-05-07 09:09:33",916012,921233
778,"모르는 사람임","2023-05-07 09:13:11",898020,909818
779,"나랑 관련 없는 질문을 자꾸 보냄","2023-05-07 09:13:14",898020,909818
780,"너무 많은 양의 질문을 보냄","2023-05-07 09:13:17",898020,909818
781,"친구 사이가 어색해짐","2023-05-07 09:17:14",901061,940317
782,"사칭 계정","2023-05-07 09:17:40",940840,940776
784,"친구 사이가 어색해짐","2023-05-07 09:19:15",892418,897169
785,"친구 사이가 어색해짐","2023-05-07 09:19:39",901852,897169
786,"친구 사이가 어색해짐","2023-05-07 09:20:07",901767,897169
787,"친구 사이가 어색해짐","2023-05-07 09:20:40",902893,897169
788,"친구 사이가 어색해짐","2023-05-07 09:20:53",903557,897169
789,"사칭 계정","2023-05-07 09:22:15",888424,884464
792,"모르는 사람임","2023-05-07 09:27:25",929562,915957
793,"모르는 사람임","2023-05-07 09:30:27",887320,944634
796,"너무 많은 양의 질문을 보냄","2023-05-07 09:34:26",929030,933315
797,"친구 사이가 어색해짐","2023-05-07 09:37:30",850933,847053
800,"친구 사이가 어색해짐","2023-05-07 09:41:06",945991,908423
804,"모르는 사람임","2023-05-07 09:42:58",896212,921298
805,"모르는 사람임","2023-05-07 09:48:51",898020,898071
806,"모르는 사람임","2023-05-07 09:50:10",881140,934617
807,"친구 사이가 어색해짐","2023-05-07 09:56:13",931312,956456
808,"모르는 사람임","2023-05-07 09:56:25",904381,906702
809,"모르는 사람임","2023-05-07 09:56:31",904381,906702
810,"모르는 사람임","2023-05-07 09:56:37",922628,956456
811,"모르는 사람임","2023-05-07 09:57:03",954554,924635
812,"모르는 사람임","2023-05-07 09:58:20",922118,912910
815,"모르는 사람임","2023-05-07 10:00:44",951127,853499
816,"친구 사이가 어색해짐","2023-05-07 10:02:17",948287,956499
817,"모르는 사람임","2023-05-07 10:02:53",942167,948405
818,"나랑 관련 없는 질문을 자꾸 보냄","2023-05-07 10:05:57",900279,919988
819,"친구 사이가 어색해짐","2023-05-07 10:08:07",905271,905770
822,"모르는 사람임","2023-05-07 10:17:28",932610,926156
823,"모르는 사람임","2023-05-07 10:17:36",932610,926156
824,"모르는 사람임","2023-05-07 10:17:49",932610,926156
825,"모르는 사람임","2023-05-07 10:18:46",932610,926156
826,"모르는 사람임","2023-05-07 10:21:06",946952,895953
827,"모르는 사람임","2023-05-07 10:21:16",848396,895953
828,"친구 사이가 어색해짐","2023-05-07 10:22:46",901852,897169
829,"모르는 사람임","2023-05-07 10:22:59",901852,897169
830,"친구 사이가 어색해짐","2023-05-07 10:23:04",884137,875951
831,"너무 많은 양의 질문을 보냄","2023-05-07 10:25:21",929030,933315
832,"친구 사이가 어색해짐","2023-05-07 10:26:20",934202,958002
833,"너무 많은 양의 질문을 보냄","2023-05-07 10:26:26",929030,935318
834,"친구 사이가 어색해짐","2023-05-07 10:26:48",929030,935318
835,"나랑 관련 없는 질문을 자꾸 보냄","2023-05-07 10:27:04",929030,935318
836,"모르는 사람임","2023-05-07 10:30:35",928036,922895
837,"모르는 사람임","2023-05-07 10:32:56",887833,932312
838,"나랑 관련 없는 질문을 자꾸 보냄","2023-05-07 10:33:28",857769,852322
839,"친구 사이가 어색해짐","2023-05-07 10:34:12",931569,957578
840,"친구 사이가 어색해짐","2023-05-07 10:35:24",856303,853299
841,"친구 사이가 어색해짐","2023-05-07 10:35:44",946083,949301
842,"모르는 사람임","2023-05-07 10:36:01",958286,902129
843,"친구 사이가 어색해짐","2023-05-07 10:36:59",935228,958214
844,"친구 사이가 어색해짐","2023-05-07 10:37:10",937105,958214
845,"친구 사이가 어색해짐","2023-05-07 10:37:18",938963,958214
846,"친구 사이가 어색해짐","2023-05-07 10:37:29",937933,958214
847,"친구 사이가 어색해짐","2023-05-07 10:37:50",928512,958214
848,"모르는 사람임","2023-05-07 10:37:51",896776,892262
849,"사칭 계정","2023-05-07 10:38:05",866487,934958
850,"친구 사이가 어색해짐","2023-05-07 10:39:13",877666,949301
851,"너무 많은 양의 질문을 보냄","2023-05-07 10:39:42",954208,949301
852,"친구 사이가 어색해짐","2023-05-07 10:40:24",922056,921850
853,"모르는 사람임","2023-05-07 10:40:44",955515,852455
855,"친구 사이가 어색해짐","2023-05-07 10:41:42",945525,949301
856,"친구 사이가 어색해짐","2023-05-07 10:41:47",947517,949301
857,"친구 사이가 어색해짐","2023-05-07 10:41:52",948991,949301
858,"친구 사이가 어색해짐","2023-05-07 10:41:57",953496,949301
859,"모르는 사람임","2023-05-07 10:42:19",902343,907263
860,"사칭 계정","2023-05-07 10:43:47",944662,928794
861,"사칭 계정","2023-05-07 10:46:25",925663,877241
863,"친구 사이가 어색해짐","2023-05-07 10:47:21",909916,954177
864,"친구 사이가 어색해짐","2023-05-07 10:47:25",918305,924797
865,"친구 사이가 어색해짐","2023-05-07 10:47:37",952022,949301
866,"친구 사이가 어색해짐","2023-05-07 10:50:57",947655,937428
867,"사칭 계정","2023-05-07 10:52:41",893685,907353
868,"친구 사이가 어색해짐","2023-05-07 10:52:47",895667,894503
869,"사칭 계정","2023-05-07 10:53:01",946338,946229
871,"모르는 사람임","2023-05-07 10:55:22",931313,948427
872,"친구 사이가 어색해짐","2023-05-07 10:55:52",918305,924797
873,"모르는 사람임","2023-05-07 10:55:56",918305,924797
874,"친구 사이가 어색해짐","2023-05-07 10:56:29",895667,894503
876,"모르는 사람임","2023-05-07 10:57:19",945743,956263
877,"사칭 계정","2023-05-07 10:58:54",931313,948427
878,"모르는 사람임","2023-05-07 11:00:54",934207,955884
879,"나랑 관련 없는 질문을 자꾸 보냄","2023-05-07 11:02:48",931313,948427
880,"모르는 사람임","2023-05-07 11:06:32",888424,884464
881,"모르는 사람임","2023-05-07 11:06:38",888424,884464
891,"모르는 사람임","2023-05-07 11:08:07",955003,915969
892,"친구 사이가 어색해짐","2023-05-07 11:09:38",895634,862437
893,"사칭 계정","2023-05-07 11:10:12",895667,894503
894,"사칭 계정","2023-05-07 11:10:18",895667,894503
896,"친구 사이가 어색해짐","2023-05-07 11:11:04",943794,947920
897,"너무 많은 양의 질문을 보냄","2023-05-07 11:11:23",905800,913981
898,"모르는 사람임","2023-05-07 11:11:41",909571,888946
899,"모르는 사람임","2023-05-07 11:12:38",899346,955547
900,"친구 사이가 어색해짐","2023-05-07 11:13:53",864515,861392
901,"친구 사이가 어색해짐","2023-05-07 11:16:50",931313,948427
906,"친구 사이가 어색해짐","2023-05-07 11:22:31",945928,915657
907,"모르는 사람임","2023-05-07 11:23:05",887419,860772
908,"모르는 사람임","2023-05-07 11:25:29",947861,896369
909,"모르는 사람임","2023-05-07 11:26:48",912368,936789
911,"모르는 사람임","2023-05-07 11:27:19",935221,954239
916,"모르는 사람임","2023-05-07 11:32:56",940012,937919
918,"모르는 사람임","2023-05-07 11:35:54",929030,944842
920,"모르는 사람임","2023-05-07 11:36:05",929030,944842
921,"모르는 사람임","2023-05-07 11:37:51",902937,897169
922,"모르는 사람임","2023-05-07 11:37:59",932451,926903
924,"모르는 사람임","2023-05-07 11:40:54",931313,948427
925,"모르는 사람임","2023-05-07 11:44:11",901697,919367
926,"사칭 계정","2023-05-07 11:44:40",957004,929061
927,"모르는 사람임","2023-05-07 11:48:24",937095,946724
928,"사칭 계정","2023-05-07 11:48:26",926916,927381
929,"모르는 사람임","2023-05-07 11:50:40",901697,919367
930,"모르는 사람임","2023-05-07 11:51:01",901697,919367
931,"사칭 계정","2023-05-07 11:52:55",962103,902399
932,"모르는 사람임","2023-05-07 11:53:23",945244,945388
933,"친구 사이가 어색해짐","2023-05-07 11:53:50",940476,950344
934,"모르는 사람임","2023-05-07 11:54:23",960812,899083
935,"모르는 사람임","2023-05-07 11:55:04",901697,919367
936,"친구 사이가 어색해짐","2023-05-07 11:55:18",896980,963161
937,"친구 사이가 어색해짐","2023-05-07 11:55:38",946814,963161
938,"친구 사이가 어색해짐","2023-05-07 11:58:25",956797,962664
939,"친구 사이가 어색해짐","2023-05-07 11:58:48",952445,962664
940,"너무 많은 양의 질문을 보냄","2023-05-07 11:58:51",945928,915657
942,"친구 사이가 어색해짐","2023-05-07 11:59:00",955303,962664
945,"친구 사이가 어색해짐","2023-05-07 12:01:37",926460,946195
946,"친구 사이가 어색해짐","2023-05-07 12:01:41",926025,946195
947,"모르는 사람임","2023-05-07 12:04:57",897583,962985
948,"모르는 사람임","2023-05-07 12:05:23",940253,911836
951,"모르는 사람임","2023-05-07 12:11:25",941983,937187
952,"친구 사이가 어색해짐","2023-05-07 12:11:56",865496,900018
953,"모르는 사람임","2023-05-07 12:14:40",898664,909015
954,"너무 많은 양의 질문을 보냄","2023-05-07 12:15:31",898020,909818
955,"친구 사이가 어색해짐","2023-05-07 12:16:38",915397,913360
956,"나랑 관련 없는 질문을 자꾸 보냄","2023-05-07 12:16:48",898020,896862
957,"친구 사이가 어색해짐","2023-05-07 12:18:16",899169,870854
961,"사칭 계정","2023-05-07 12:21:01",937084,929061
965,"친구 사이가 어색해짐","2023-05-07 12:22:39",933052,944457
966,"사칭 계정","2023-05-07 12:25:17",906680,947939
967,"사칭 계정","2023-05-07 12:25:56",926196,935064
969,"모르는 사람임","2023-05-07 12:26:16",964227,962011
970,"모르는 사람임","2023-05-07 12:26:23",964227,962011
972,"나랑 관련 없는 질문을 자꾸 보냄","2023-05-07 12:27:36",926723,925123
973,"모르는 사람임","2023-05-07 12:28:52",948167,911282
974,"모르는 사람임","2023-05-07 12:28:58",948167,911282
975,"친구 사이가 어색해짐","2023-05-07 12:29:03",948167,911282
982,"모르는 사람임","2023-05-07 12:38:59",902605,943057
983,"모르는 사람임","2023-05-07 12:39:01",898020,901042
984,"모르는 사람임","2023-05-07 12:39:15",896776,939382
985,"너무 많은 양의 질문을 보냄","2023-05-07 12:39:15",898020,901042
986,"모르는 사람임","2023-05-07 12:43:06",929076,937356
987,"모르는 사람임","2023-05-07 12:43:17",929076,937356
988,"모르는 사람임","2023-05-07 12:44:22",957607,897012
989,"사칭 계정","2023-05-07 12:45:35",961767,917784
990,"친구 사이가 어색해짐","2023-05-07 12:46:08",923535,966412
991,"모르는 사람임","2023-05-07 12:46:27",944917,966412
992,"모르는 사람임","2023-05-07 12:46:34",952133,966412
993,"사칭 계정","2023-05-07 12:46:44",962647,966412
994,"모르는 사람임","2023-05-07 12:46:49",895637,896439
996,"너무 많은 양의 질문을 보냄","2023-05-07 12:48:28",885739,892781
997,"친구 사이가 어색해짐","2023-05-07 12:48:58",958657,957141
998,"친구 사이가 어색해짐","2023-05-07 12:49:08",966800,949700
1000,"모르는 사람임","2023-05-07 12:52:02",886769,966861
1001,"친구 사이가 어색해짐","2023-05-07 12:52:05",963272,957718
1002,"너무 많은 양의 질문을 보냄","2023-05-07 12:52:22",898020,909818
1003,"나랑 관련 없는 질문을 자꾸 보냄","2023-05-07 12:52:30",898020,909818
1004,"모르는 사람임","2023-05-07 12:53:39",908419,910987
1005,"사칭 계정","2023-05-07 12:54:25",930115,965795
1006,"모르는 사람임","2023-05-07 12:55:50",959825,950344
1007,"모르는 사람임","2023-05-07 12:56:41",935904,941413
1009,"사칭 계정","2023-05-07 12:57:36",889463,966861
1013,"모르는 사람임","2023-05-07 12:58:22",875499,917651
1016,"사칭 계정","2023-05-07 12:59:02",941886,929061
1017,"사칭 계정","2023-05-07 12:59:21",957004,927693
1018,"친구 사이가 어색해짐","2023-05-07 12:59:23",880203,965795
1019,"친구 사이가 어색해짐","2023-05-07 12:59:27",881092,965795
1021,"친구 사이가 어색해짐","2023-05-07 12:59:34",884214,965795
1023,"사칭 계정","2023-05-07 13:00:11",943124,966010
1025,"친구 사이가 어색해짐","2023-05-07 13:00:16",894804,965795
1026,"친구 사이가 어색해짐","2023-05-07 13:00:19",904305,965795
1028,"친구 사이가 어색해짐","2023-05-07 13:00:25",955749,965795
1029,"친구 사이가 어색해짐","2023-05-07 13:00:29",957118,965795
1031,"사칭 계정","2023-05-07 13:00:36",940585,896052
1032,"사칭 계정","2023-05-07 13:00:39",937084,927693
1033,"사칭 계정","2023-05-07 13:00:46",938497,927693
1034,"친구 사이가 어색해짐","2023-05-07 13:00:50",936899,904700
1035,"사칭 계정","2023-05-07 13:01:14",957004,903315
1036,"모르는 사람임","2023-05-07 13:01:39",927003,931191
1037,"모르는 사람임","2023-05-07 13:02:48",912469,918735
1038,"모르는 사람임","2023-05-07 13:03:02",912469,918735
1039,"모르는 사람임","2023-05-07 13:04:35",908952,919447
1040,"친구 사이가 어색해짐","2023-05-07 13:04:37",926025,927905
1041,"친구 사이가 어색해짐","2023-05-07 13:04:43",926460,927905
1043,"친구 사이가 어색해짐","2023-05-07 13:06:54",935611,966848
1044,"모르는 사람임","2023-05-07 13:06:55",900508,954793
1045,"너무 많은 양의 질문을 보냄","2023-05-07 13:06:55",962864,962826
1046,"친구 사이가 어색해짐","2023-05-07 13:06:57",890950,886308
1048,"모르는 사람임","2023-05-07 13:07:18",921824,918735
1049,"너무 많은 양의 질문을 보냄","2023-05-07 13:07:52",898020,909818
1050,"모르는 사람임","2023-05-07 13:07:53",960958,913812
1052,"친구 사이가 어색해짐","2023-05-07 13:09:23",937466,944151
1054,"친구 사이가 어색해짐","2023-05-07 13:12:16",912130,918679
1056,"모르는 사람임","2023-05-07 13:14:12",888001,883222
1057,"친구 사이가 어색해짐","2023-05-07 13:14:55",931447,950344
1058,"모르는 사람임","2023-05-07 13:16:34",918995,950344
1061,"모르는 사람임","2023-05-07 13:20:20",906439,925508
1062,"모르는 사람임","2023-05-07 13:20:29",906439,925508
1063,"모르는 사람임","2023-05-07 13:20:30",906439,925508
1064,"친구 사이가 어색해짐","2023-05-07 13:21:39",946436,966742
1065,"모르는 사람임","2023-05-07 13:21:46",872406,928352
1066,"모르는 사람임","2023-05-07 13:22:05",872406,928352
1068,"친구 사이가 어색해짐","2023-05-07 13:24:09",941915,950344
1070,"모르는 사람임","2023-05-07 13:24:28",937074,950344
1071,"친구 사이가 어색해짐","2023-05-07 13:24:43",931366,956731
1072,"모르는 사람임","2023-05-07 13:25:15",909094,950344
1073,"친구 사이가 어색해짐","2023-05-07 13:25:32",964305,966848
1074,"모르는 사람임","2023-05-07 13:25:39",955842,956731
1076,"모르는 사람임","2023-05-07 13:27:39",967328,908092
1077,"모르는 사람임","2023-05-07 13:28:04",871081,948405
1078,"모르는 사람임","2023-05-07 13:28:06",911204,961323
1079,"모르는 사람임","2023-05-07 13:28:23",927010,961323
1080,"모르는 사람임","2023-05-07 13:28:28",904886,961323
1081,"모르는 사람임","2023-05-07 13:28:33",899099,961323
1082,"모르는 사람임","2023-05-07 13:28:41",910821,961323
1084,"친구 사이가 어색해짐","2023-05-07 13:29:01",964305,966848
1085,"너무 많은 양의 질문을 보냄","2023-05-07 13:29:02",904275,897950
1086,"모르는 사람임","2023-05-07 13:29:15",943703,961323
1087,"친구 사이가 어색해짐","2023-05-07 13:29:19",897604,961323
1088,"모르는 사람임","2023-05-07 13:30:01",901697,919367
1089,"모르는 사람임","2023-05-07 13:30:05",920639,914610
1090,"모르는 사람임","2023-05-07 13:30:15",920639,914610
1091,"모르는 사람임","2023-05-07 13:30:54",920639,914610
1092,"모르는 사람임","2023-05-07 13:33:13",916700,903549
1094,"모르는 사람임","2023-05-07 13:36:55",845316,847024
1095,"친구 사이가 어색해짐","2023-05-07 13:37:00",969843,969326
1096,"친구 사이가 어색해짐","2023-05-07 13:37:24",964305,966848
1097,"친구 사이가 어색해짐","2023-05-07 13:37:31",872906,937406
1098,"모르는 사람임","2023-05-07 13:37:57",845316,843803
1100,"친구 사이가 어색해짐","2023-05-07 13:39:15",966848,935611
1102,"친구 사이가 어색해짐","2023-05-07 13:41:23",965157,951119
1103,"모르는 사람임","2023-05-07 13:41:34",968060,899137
1104,"모르는 사람임","2023-05-07 13:44:25",917135,970557
1105,"모르는 사람임","2023-05-07 13:44:38",896776,939382
1110,"모르는 사람임","2023-05-07 13:49:03",857542,857995
1112,"사칭 계정","2023-05-07 13:51:48",971510,927693
1114,"사칭 계정","2023-05-07 13:52:03",964571,922102
1116,"친구 사이가 어색해짐","2023-05-07 13:53:21",865192,971549
1117,"모르는 사람임","2023-05-07 13:53:55",899747,925210
1118,"사칭 계정","2023-05-07 13:54:10",957004,922704
1120,"모르는 사람임","2023-05-07 13:54:51",906439,925508
1121,"모르는 사람임","2023-05-07 13:55:01",906439,925508
1122,"사칭 계정","2023-05-07 13:55:05",971671,968247
1123,"모르는 사람임","2023-05-07 13:55:07",901924,942875
1124,"모르는 사람임","2023-05-07 13:55:11",906439,925508
1126,"모르는 사람임","2023-05-07 13:57:03",970175,933745
1127,"모르는 사람임","2023-05-07 13:57:41",929639,920165
1129,"모르는 사람임","2023-05-07 13:59:17",920639,914610
1130,"모르는 사람임","2023-05-07 14:02:24",849013,856053
1131,"모르는 사람임","2023-05-07 14:02:34",944532,930190
1132,"나랑 관련 없는 질문을 자꾸 보냄","2023-05-07 14:02:46",944532,930190
1133,"친구 사이가 어색해짐","2023-05-07 14:02:49",944532,930190
1134,"모르는 사람임","2023-05-07 14:03:10",934596,935696
1135,"친구 사이가 어색해짐","2023-05-07 14:04:03",927003,931191
1136,"나랑 관련 없는 질문을 자꾸 보냄","2023-05-07 14:05:45",898020,941582
1137,"너무 많은 양의 질문을 보냄","2023-05-07 14:05:46",898020,941582
1138,"모르는 사람임","2023-05-07 14:05:47",840309,893614
1139,"친구 사이가 어색해짐","2023-05-07 14:05:50",940764,933117
1141,"사칭 계정","2023-05-07 14:06:17",915052,913676
1143,"모르는 사람임","2023-05-07 14:06:40",843053,861551
1146,"모르는 사람임","2023-05-07 14:12:51",901697,919367
1147,"모르는 사람임","2023-05-07 14:13:04",908710,895604
1148,"모르는 사람임","2023-05-07 14:13:18",908710,895604
1149,"사칭 계정","2023-05-07 14:14:34",964218,944358
1150,"모르는 사람임","2023-05-07 14:15:00",946195,950344
1151,"모르는 사람임","2023-05-07 14:15:29",889116,901176
1152,"사칭 계정","2023-05-07 14:15:33",858865,884464
1153,"친구 사이가 어색해짐","2023-05-07 14:16:43",924434,942998
1154,"친구 사이가 어색해짐","2023-05-07 14:16:53",944480,942998
1155,"모르는 사람임","2023-05-07 14:17:46",900508,954793
1157,"친구 사이가 어색해짐","2023-05-07 14:22:00",961508,955599
1158,"모르는 사람임","2023-05-07 14:25:03",931283,898280
1159,"모르는 사람임","2023-05-07 14:25:14",913712,918735
1162,"모르는 사람임","2023-05-07 14:26:20",921824,918735
1163,"모르는 사람임","2023-05-07 14:26:28",913712,918735
1164,"사칭 계정","2023-05-07 14:26:55",964275,903701
1166,"친구 사이가 어색해짐","2023-05-07 14:27:35",957375,934919
1167,"친구 사이가 어색해짐","2023-05-07 14:27:41",961508,955599
1168,"모르는 사람임","2023-05-07 14:28:30",920639,914610
1170,"사칭 계정","2023-05-07 14:31:56",974064,964634
1172,"사칭 계정","2023-05-07 14:32:44",898020,896862
1175,"친구 사이가 어색해짐","2023-05-07 14:34:35",906192,918880
1178,"모르는 사람임","2023-05-07 14:39:15",916036,974418
1179,"모르는 사람임","2023-05-07 14:39:44",936168,974418
1180,"모르는 사람임","2023-05-07 14:40:16",857542,857995
1181,"친구 사이가 어색해짐","2023-05-07 14:41:22",847014,891662
1182,"친구 사이가 어색해짐","2023-05-07 14:41:36",881287,891662
1183,"모르는 사람임","2023-05-07 14:41:47",958348,949688
1184,"친구 사이가 어색해짐","2023-05-07 14:41:48",892747,891662
1185,"모르는 사람임","2023-05-07 14:43:08",845455,847537
1186,"친구 사이가 어색해짐","2023-05-07 14:43:32",935568,915549
1187,"친구 사이가 어색해짐","2023-05-07 14:43:33",935568,915549
1188,"친구 사이가 어색해짐","2023-05-07 14:46:31",964499,945289
1191,"나랑 관련 없는 질문을 자꾸 보냄","2023-05-07 14:48:55",941424,910290
1192,"모르는 사람임","2023-05-07 14:49:19",931041,928215
1195,"친구 사이가 어색해짐","2023-05-07 14:53:17",898020,901042
1196,"모르는 사람임","2023-05-07 14:53:31",896855,892024
1199,"사칭 계정","2023-05-07 14:54:37",895890,970640
1200,"모르는 사람임","2023-05-07 14:55:56",958778,976231
1203,"모르는 사람임","2023-05-07 14:57:47",903602,882919
1204,"너무 많은 양의 질문을 보냄","2023-05-07 14:59:33",955388,937375
1206,"너무 많은 양의 질문을 보냄","2023-05-07 15:00:23",907933,908091
1207,"친구 사이가 어색해짐","2023-05-07 15:00:55",913013,953292
1208,"모르는 사람임","2023-05-07 15:02:27",913562,854803
1209,"사칭 계정","2023-05-07 15:03:12",853487,890754
1210,"친구 사이가 어색해짐","2023-05-07 15:04:18",976216,958607
1211,"너무 많은 양의 질문을 보냄","2023-05-07 15:05:21",898020,901327
1213,"모르는 사람임","2023-05-07 15:07:49",961911,952516
1214,"친구 사이가 어색해짐","2023-05-07 15:08:07",929012,962206
1216,"친구 사이가 어색해짐","2023-05-07 15:12:50",884137,875951
1217,"모르는 사람임","2023-05-07 15:13:03",967386,861774
1218,"친구 사이가 어색해짐","2023-05-07 15:13:41",965060,904509
1220,"친구 사이가 어색해짐","2023-05-07 15:18:52",976991,977597
1222,"모르는 사람임","2023-05-07 15:19:52",856850,977018
1223,"사칭 계정","2023-05-07 15:21:00",975501,898277
1224,"너무 많은 양의 질문을 보냄","2023-05-07 15:21:55",954305,917978
1225,"모르는 사람임","2023-05-07 15:21:55",954305,917978
1226,"친구 사이가 어색해짐","2023-05-07 15:21:59",977512,973157
1227,"모르는 사람임","2023-05-07 15:23:07",892532,970601
1229,"친구 사이가 어색해짐","2023-05-07 15:24:24",921308,978075
1230,"모르는 사람임","2023-05-07 15:24:48",871081,948405
1231,"모르는 사람임","2023-05-07 15:25:55",975484,847695
1234,"친구 사이가 어색해짐","2023-05-07 15:26:46",900635,934538
1235,"모르는 사람임","2023-05-07 15:27:06",886858,882236
1236,"친구 사이가 어색해짐","2023-05-07 15:28:37",882554,975853
1237,"너무 많은 양의 질문을 보냄","2023-05-07 15:28:55",871081,948405
1238,"모르는 사람임","2023-05-07 15:29:05",871081,948405
1239,"모르는 사람임","2023-05-07 15:30:18",910646,927936
1240,"모르는 사람임","2023-05-07 15:30:33",898020,896862
1241,"친구 사이가 어색해짐","2023-05-07 15:32:05",924013,979125
1242,"모르는 사람임","2023-05-07 15:33:31",867084,857797
1243,"모르는 사람임","2023-05-07 15:35:51",932369,935696
1244,"친구 사이가 어색해짐","2023-05-07 15:36:57",960859,960985
1245,"친구 사이가 어색해짐","2023-05-07 15:37:36",973636,970910
1246,"모르는 사람임","2023-05-07 15:38:07",914391,895944
1247,"친구 사이가 어색해짐","2023-05-07 15:38:13",872791,930611
1249,"모르는 사람임","2023-05-07 15:39:17",951311,964828
1250,"사칭 계정","2023-05-07 15:40:44",916885,919820
1251,"모르는 사람임","2023-05-07 15:41:39",941975,895953
1252,"모르는 사람임","2023-05-07 15:42:04",904275,899865
1253,"모르는 사람임","2023-05-07 15:42:08",954944,912872
1254,"모르는 사람임","2023-05-07 15:42:50",943936,899107
1257,"모르는 사람임","2023-05-07 15:44:14",913838,956947
1258,"사칭 계정","2023-05-07 15:45:36",979525,967629
1259,"친구 사이가 어색해짐","2023-05-07 15:45:38",961545,959067
1260,"모르는 사람임","2023-05-07 15:45:53",914033,897212
1262,"모르는 사람임","2023-05-07 15:46:34",940464,852233
1263,"친구 사이가 어색해짐","2023-05-07 15:46:39",965368,959067
1264,"친구 사이가 어색해짐","2023-05-07 15:53:05",863348,978519
1265,"친구 사이가 어색해짐","2023-05-07 15:53:09",883457,978519
1266,"친구 사이가 어색해짐","2023-05-07 15:53:13",889736,978519
1267,"친구 사이가 어색해짐","2023-05-07 15:53:18",890437,978519
1268,"친구 사이가 어색해짐","2023-05-07 15:53:29",916820,978519
1272,"친구 사이가 어색해짐","2023-05-07 15:56:25",895667,898781
1273,"모르는 사람임","2023-05-07 15:56:56",874772,978723
1274,"모르는 사람임","2023-05-07 15:57:07",945345,978723
1275,"사칭 계정","2023-05-07 15:57:26",915688,980201
1276,"모르는 사람임","2023-05-07 16:01:44",900460,904945
1277,"친구 사이가 어색해짐","2023-05-07 16:01:52",887450,931220
1279,"모르는 사람임","2023-05-07 16:08:34",874774,929962
1281,"너무 많은 양의 질문을 보냄","2023-05-07 16:12:03",954618,919126
1282,"모르는 사람임","2023-05-07 16:12:25",900643,901606
1283,"모르는 사람임","2023-05-07 16:12:36",906077,901606
1285,"친구 사이가 어색해짐","2023-05-07 16:13:00",912925,922958
1288,"모르는 사람임","2023-05-07 16:16:30",898020,857420
1289,"너무 많은 양의 질문을 보냄","2023-05-07 16:16:37",898020,857420
1290,"친구 사이가 어색해짐","2023-05-07 16:16:45",898020,857420
1291,"모르는 사람임","2023-05-07 16:18:04",933834,979855
1292,"모르는 사람임","2023-05-07 16:18:27",938196,979855
1293,"모르는 사람임","2023-05-07 16:20:21",887450,976033
1294,"모르는 사람임","2023-05-07 16:20:30",973087,963161
1295,"모르는 사람임","2023-05-07 16:20:52",888830,963161
1296,"모르는 사람임","2023-05-07 16:23:25",845184,980512
1298,"사칭 계정","2023-05-07 16:26:13",964049,927693
1299,"사칭 계정","2023-05-07 16:26:47",972066,927693
1300,"나랑 관련 없는 질문을 자꾸 보냄","2023-05-07 16:27:03",974181,981232
1301,"나랑 관련 없는 질문을 자꾸 보냄","2023-05-07 16:27:07",898020,896862
1302,"모르는 사람임","2023-05-07 16:28:02",923329,919255
1304,"사칭 계정","2023-05-07 16:31:51",898020,901042
1305,"모르는 사람임","2023-05-07 16:33:04",981450,951754
1306,"나랑 관련 없는 질문을 자꾸 보냄","2023-05-07 16:35:23",915688,980201
1307,"모르는 사람임","2023-05-07 16:36:12",918328,911659
1308,"나랑 관련 없는 질문을 자꾸 보냄","2023-05-07 16:41:41",938098,923401
1309,"모르는 사람임","2023-05-07 16:46:21",879296,857797
1310,"모르는 사람임","2023-05-07 16:49:51",944741,940085
1311,"모르는 사람임","2023-05-07 16:56:13",940654,938178
1313,"사칭 계정","2023-05-07 16:58:19",927210,908300
1314,"모르는 사람임","2023-05-07 16:59:03",874497,894733
1315,"친구 사이가 어색해짐","2023-05-07 17:05:09",955246,917992
1318,"모르는 사람임","2023-05-07 17:15:22",842545,946195
1319,"친구 사이가 어색해짐","2023-05-07 17:17:00",978737,895554
1320,"모르는 사람임","2023-05-07 17:19:51",882126,908660
1321,"친구 사이가 어색해짐","2023-05-07 17:20:16",966268,960080
1323,"친구 사이가 어색해짐","2023-05-07 17:20:32",951812,960080
1324,"모르는 사람임","2023-05-07 17:21:49",981032,970583
1326,"친구 사이가 어색해짐","2023-05-07 17:36:41",887547,867297
1327,"친구 사이가 어색해짐","2023-05-07 17:42:27",868430,863894
1328,"친구 사이가 어색해짐","2023-05-07 17:47:05",954652,882301
1329,"모르는 사람임","2023-05-07 17:48:25",908541,889179
1331,"나랑 관련 없는 질문을 자꾸 보냄","2023-05-07 17:57:35",898020,857420
1332,"모르는 사람임","2023-05-07 18:01:31",924530,982518
1333,"모르는 사람임","2023-05-07 18:24:20",901295,908394
1335,"나랑 관련 없는 질문을 자꾸 보냄","2023-05-07 18:34:11",898020,896862
1336,"모르는 사람임","2023-05-07 19:32:50",901310,849133
1337,"모르는 사람임","2023-05-07 21:22:48",878441,884816
1338,"친구 사이가 어색해짐","2023-05-07 21:23:23",980438,982721
1340,"친구 사이가 어색해짐","2023-05-07 21:38:46",925855,950711
1342,"모르는 사람임","2023-05-07 21:53:13",919373,917454
1344,"모르는 사람임","2023-05-07 21:59:17",948951,888496
1345,"모르는 사람임","2023-05-07 22:04:15",981193,902129
1346,"모르는 사람임","2023-05-07 22:06:01",975624,963468
1347,"모르는 사람임","2023-05-07 22:06:42",957992,963468
1351,"친구 사이가 어색해짐","2023-05-07 22:17:43",974715,960016
1355,"친구 사이가 어색해짐","2023-05-07 22:36:18",935568,915549
1356,"나랑 관련 없는 질문을 자꾸 보냄","2023-05-07 22:36:32",935568,915549
