id,device_id,device_model,device_vendor
1,000007C9-E103-4EB5-9777-A9084D4952DF,"iPhone14,7",Apple
2,00002245-458F-4CDD-8533-B448CD43DBD2,"iPhone14,7",Apple
3,00012620-313A-4502-9F8D-8DAB7443215B,"iPhone14,5",Apple
4,000137bc-80de-4bb5-b61d-df7f217a4501,SM-F711N,samsung
5,000227D6-B782-4367-91C4-486B76DF9E37,"iPhone12,3",Apple
6,00025EE1-BA46-4853-8FDD-B991FABA328F,"iPhone12,8",Apple
7,00039F52-AC9A-4474-A645-DFE225C56753,"iPhone14,7",Apple
8,0004241A-2F35-4A01-841E-CDB19BC5D66C,"iPhone14,2",Apple
9,0004482B-03B0-4638-8C5A-C2E49C085C7F,"iPhone13,3",Apple
10,0004F43C-3A7A-4DE4-A02B-55AFDF07E9AD,"iPhone14,4",Apple
11,000531C8-0D69-4A1A-930D-5E54B484119A,"iPhone11,8",Apple
12,0005765A-4DAC-4D41-AD47-E64E035B0A97,"iPhone14,5",Apple
13,00057831-A672-4163-9C02-AB920A371F2C,"iPhone14,2",Apple
14,000615C4-F671-45BB-BEA4-7DC810606453,"iPhone14,5",Apple
15,000638C3-2BC2-4068-A482-861B526B2651,"iPhone14,5",Apple
16,00065B06-3B89-41AF-BFCB-F5A5FB3D3FCE,"iPhone14,5",Apple
17,0006bed8-512b-48f9-9b33-f79bb1e225a8,SM-A325N,samsung
18,0006bed8-512b-48f9-9b33-f79bb1e225a8,SM-S911N,samsung
19,00077002-3194-4c04-8ce0-2945041865f2,SM-A235N,samsung
20,0007b8a1-e0f1-4e61-8cbb-271113cd5b7f,SM-A826S,samsung
21,0007DE79-61E4-4654-905C-EECFEF67E453,"iPhone13,2",Apple
22,0008BE60-4C99-4E7C-BCEC-A9F1B00B0D12,"iPhone15,2",Apple
23,00097F8B-21E4-482E-80DC-7EE6105EEE91,"iPhone13,1",Apple
24,0009B464-970A-4030-9990-C28F90D4D0D8,"iPhone12,1",Apple
25,0009B757-8AE2-4E4B-B799-521677B3290C,"iPhone11,2",Apple
26,0009DD11-E7C4-4B65-AA8C-2FBECD327D23,"iPhone14,5",Apple
27,0009EC48-04B7-4A8B-AFD4-A5D42C09FE19,"iPhone14,5",Apple
28,000a016f-35ab-40e1-88ec-9256221a6f47,SM-A516N,samsung
29,000AF894-2EEA-4BDA-8821-C36AF8AB84C7,"iPhone14,4",Apple
30,000afda4-9a58-463f-97da-8d22a2db0923,SM-S908N,samsung
31,000B0BD2-AB93-4E5C-803B-F9CF4DFB2A02,"iPhone12,3",Apple
32,000b1ded-9974-414b-846c-2c55a8be62ab,SM-A908N,samsung
33,000B26EC-0B4B-421E-B317-A8BF7EB2E0DB,"iPhone15,2",Apple
34,000b791b-bcd4-480a-b824-54882bf6ebfb,SM-G986N,samsung
35,000BB5A2-F79B-4176-8907-D66D3B78E3D1,"iPhone14,4",Apple
36,000c0cf3-8a85-4e7c-b3de-ffcdbcc18d7c,SM-G991N,samsung
37,000C66B7-BD0A-4238-9560-A86E4A3A60A4,"iPhone15,2",Apple
38,000D743F-E1C6-47D8-BAFA-5766950F4C9B,"iPhone13,3",Apple
39,000E08E7-AF6E-45C6-965B-3F10359871F2,"iPhone13,1",Apple
40,000e195f-bf4e-4595-a85e-81b9c80187e4,SM-A826S,samsung
41,000EBC62-7431-4DC0-8BDD-FAC5B3744DBA,"iPhone15,2",Apple
42,000EE8B1-1085-40EF-AFAD-871E3B7AA667,"iPhone13,1",Apple
43,000f00c6-8c7c-451c-a4b3-16392c7be9a0,SM-F711N,samsung
44,000F27D3-8D58-4D5B-BD6F-78E51FB111EE,"iPhone12,8",Apple
45,000F3A58-F746-40A5-BB9E-39A3264CE6F9,"iPhone13,3",Apple
46,000F413F-CC57-4903-8E4A-3759971D1A69,"iPhone14,5",Apple
47,000faa06-c3c4-4fa2-a36e-1501d5b9462a,SM-F721N,samsung
48,000FCE97-73B9-424D-9B16-AA3159B67457,"iPhone14,7",Apple
49,000FE14E-1709-46DA-88CB-365DEFB51ED0,"iPhone14,5",Apple
50,001035FC-9C9E-41CF-B0D1-9BEA5E6E3614,"iPhone14,4",Apple
51,00104744-4A9F-45E7-BDF0-7DB64B86FEAD,"iPhone15,2",Apple
52,00105b0e-ebd7-45e1-b8f3-d3631d8c5e80,SM-S906N,samsung
53,0010a311-90e4-4684-9943-deb12dbe803e,SM-M236L,samsung
54,0010f595-8d72-46a3-a940-edc3fbbd28fb,SM-A235N,samsung
55,0011244f-e78e-44b2-8736-d661426deba0,SM-F711N,samsung
56,00114924-A1DA-4DA1-8CF0-2B30E72CA62B,"iPhone11,2",Apple
57,0011830e-88a2-4dbb-840a-fc72554808bf,SM-G991N,samsung
58,001247DD-C317-4995-8124-F3876DE9A095,"iPhone14,7",Apple
59,00132348-2ae9-4622-96ab-eabca19e1899,SM-G998N,samsung
60,001331A6-719B-47E6-A626-1F453508414D,"iPhone14,7",Apple
61,001384f2-7407-479c-a260-c5b525549274,SM-A336N,samsung
62,001387aa-cbf2-42e1-9914-53617bf20ebb,SM-G991N,samsung
63,001398E9-BBCE-4F6E-A669-6A9D72C77CE5,"iPhone14,5",Apple
64,0013AB65-8332-4806-9CA4-9B5B44986EF9,"iPhone14,7",Apple
65,0013C616-D3D6-4628-B928-25DD7E6ABB3F,"iPhone14,5",Apple
66,0013DE35-9F27-43B2-B90F-C1201936DAF4,"iPhone14,4",Apple
67,0013EDF4-B4ED-40B4-97B2-F2FDFE23E7F8,"iPhone15,2",Apple
68,0013f370-2e8c-47fd-8190-3e343b3ed63e,SM-A315N,samsung
69,001474AC-376F-4FAF-9861-85C8AEE45150,"iPhone14,4",Apple
70,0014f001-4757-48cf-a626-6bf17e910d26,SM-G975N,samsung
71,0014F40B-18CE-46A1-B88B-F8D0EC78CE7C,"iPhone12,8",Apple
72,00150b66-4b8c-44aa-9005-e4fbdda9506e,SM-G986N,samsung
73,00152d1f-f7f4-4607-948e-0a32b92ea32d,SM-N960N,samsung
74,00154AA9-5EB1-4C02-8528-F82F9FF20FCA,"iPhone14,3",Apple
75,001645D7-B5CA-4098-90F6-D9C007AC20A9,"iPhone14,7",Apple
76,0016C6AA-2CF3-4B31-BCC6-19599A56DA8D,"iPhone13,2",Apple
77,0017e5c2-99b0-4b2f-b1eb-709a25dd3d18,SM-G977N,samsung
78,0017F430-2F8D-446B-8A74-787448A22EC5,"iPhone10,5",Apple
79,0017f8e7-6155-44fe-bc82-7587ccb2fecc,SM-S901N,samsung
80,00181B41-078B-4CA0-815F-72D24E5DDF9A,"iPhone12,1",Apple
81,0018561B-F983-4E07-9B34-B73DA534B668,"iPhone12,8",Apple
82,0018A28B-D3CE-4E68-B5F8-AB5D8DFB0172,"iPad13,16",Apple
83,0018AA69-E1DE-4409-883C-AF35AB4F7129,"iPhone14,4",Apple
84,0018DD17-0804-4E05-AA79-78E6DEF6D086,"iPad12,1",Apple
85,0018dfab-1a93-4251-b4be-3643568cbf39,SM-A528N,samsung
86,0018ED87-EA58-43B1-9C77-B0809BE89B85,"iPhone14,6",Apple
87,001913de-b6fb-450c-ad9f-f2443996a6f0,SM-N960N,samsung
88,00197DDC-46F8-4734-84BF-3EE8E3589CE3,"iPhone12,3",Apple
89,00199e33-2998-4052-b3b1-21fec14459c4,SM-A326K,samsung
90,001A053F-BEC2-4248-9DBF-72044768CAA9,"iPhone14,3",Apple
91,001B9F54-531A-4460-9440-526CC96F2463,"iPhone14,5",Apple
92,001bb584-1a04-42e3-a08b-f68eb03a9536,SM-G991N,samsung
93,001c0b36-83e5-49de-84c0-9b6bc4833ff0,SM-G986N,samsung
94,001C120F-524E-4FDB-9EE8-F6325269898A,"iPhone13,3",Apple
95,001C2800-AFC4-4FB8-A676-4824C9629EC0,"iPhone14,5",Apple
96,001C6A53-7211-427A-968D-BF6534DBBB5F,"iPhone13,1",Apple
97,001c87dd-6af4-4cad-9430-4cdc992fe1fe,SM-G991N,samsung
98,001cf623-abcf-4455-a6cc-18895b833ab9,SM-S908N,samsung
99,001E035C-1C8D-4755-91B9-75F177E2C210,"iPhone13,1",Apple
100,001E1253-6983-45B8-9320-73EC1E3ABDED,"iPhone14,5",Apple
101,001E1307-BE8B-414B-8D54-422A2FD5870C,"iPhone12,1",Apple
102,001e20fa-67c3-4563-9ae2-933602b3acc1,SM-G525N,samsung
103,001E2F5E-AC83-4E0B-A955-2D3AD16E8E8F,"iPhone13,2",Apple
104,001EDF78-C944-4D5A-90DA-128FFC6DCAC5,"iPhone13,4",Apple
105,001EE749-973E-4E13-A30C-D15D4F8E4C5A,"iPhone13,2",Apple
106,001EEDEA-59C7-4356-AE8D-63BE5F58B653,"iPhone11,2",Apple
107,001f6b82-bcdd-4c76-83d2-aa1816fbc1f0,SM-A325N,samsung
108,001FEDBF-5074-4469-9175-8145E1E73F80,"iPhone14,2",Apple
109,001FFE7D-4D3B-4760-8518-3B33DF63292F,"iPhone14,4",Apple
110,002043d8-d7e5-4afb-a2d2-9ad6a873cb53,SM-G991N,samsung
111,0020cd06-edbc-44f3-984d-0c77296c8efd,SM-G991N,samsung
112,0020D8D8-1ABC-45C9-9C59-9C9F175D530D,"iPhone9,3",Apple
113,00215DD3-4FA2-4DC0-B6F0-EDF10BA82F4D,"iPhone11,8",Apple
114,0021690E-640D-4587-9416-B7B54B666DD4,"iPhone15,2",Apple
115,00219878-56F0-472F-85C3-EC7458AA4EC6,"iPhone15,2",Apple
116,0021A592-D69F-49A7-BA29-9BDE2799CA5D,"iPhone14,5",Apple
117,0021FCA9-301E-4E42-A251-7D31F36FF91D,"iPhone14,2",Apple
118,00224D81-75CF-4EC9-AB4F-20AC89BBACE7,"iPhone11,2",Apple
119,00224fc0-fdef-430d-94c5-c48c1255ae92,SM-A908N,samsung
120,002300ea-bc43-4e66-9e85-58ad3b6d4e10,SM-S908N,samsung
121,002359E5-CDB9-4CDF-9959-3FE155A676CE,"iPhone15,2",Apple
122,00236b86-e083-4890-92c0-810d5775789c,SM-S908N,samsung
123,0023B7EF-A959-4D5D-87D0-293DF0B37DF1,"iPhone12,8",Apple
124,002404E7-C3A6-4FB9-AE05-29C2B553980E,"iPhone14,5",Apple
125,00240D41-46F8-4567-AD1F-51857033E497,"iPhone13,3",Apple
126,00245f01-62c0-4590-8b22-83555f481dcb,SM-F711N,samsung
127,002496C0-1D79-4FA7-B3B1-26E87E44F236,"iPhone13,2",Apple
128,0024B848-1EBD-4385-B2BD-53F2FBC6DE92,"iPhone13,2",Apple
129,0024e076-a979-41a8-b318-0e40a4903380,SM-S901N,samsung
130,0024F9F5-4FE4-49A2-9C16-C2047C91A436,"iPhone14,6",Apple
131,00250c06-10e0-4977-9626-2453325fab9b,SM-G991N,samsung
132,00251182-25d1-4bf3-be7b-5c7c5c686b07,SM-S901N,samsung
133,00254381-32C4-4CE1-A3D1-DB1861347706,"iPhone12,8",Apple
134,00256207-0688-41A3-BA2A-5EB432419C4B,"iPhone14,7",Apple
135,00258cbc-f5d0-4183-964c-44c6d494e7d4,SM-S918N,samsung
136,0025D9A8-B599-4F9B-8A7F-9F93694BD850,"iPhone14,5",Apple
137,00263E5C-B929-4A5E-9309-E54FEE4BEA17,"iPhone13,1",Apple
138,00265AAF-FE00-454F-8D7D-38CE3BAC3209,"iPhone15,2",Apple
139,0026902e-c5af-42f3-bd3c-76e4495f4c07,SM-S901N,samsung
140,0026BE91-4270-4279-B1E1-19CA24370EC6,"iPhone14,5",Apple
141,0027008c-942f-4738-ac36-5add0f0b9340,SM-G977N,samsung
142,00270808-BA8F-4C6B-B37E-13C4A43B3626,"iPhone15,2",Apple
143,00274698-1251-45E1-B610-98EB1AA844C7,"iPhone12,5",Apple
144,00277ac0-5c10-4fa1-8413-8694bcb2c3dc,SM-N981N,samsung
145,002792fa-dea3-451c-9b91-8b09d662cf8a,SM-A536N,samsung
146,00279EB5-F15D-45B3-B5FD-788C63FCD8C5,"iPhone12,3",Apple
147,0027C6BE-3E7F-498E-A678-FDDB719514E5,"iPhone14,4",Apple
148,0027e4a0-8f05-424d-98f5-5360b4d3d1f6,SM-G991N,samsung
149,002884F1-2782-4D4E-B6E6-2E4665496134,"iPhone14,5",Apple
150,00291C5B-B4EA-4207-B61C-1FC9EB5407E9,"iPhone14,5",Apple
151,00299b74-bb78-423f-bdd7-2bb18e24fa71,SM-A536N,samsung
152,0029ab62-9f0f-4f12-9b94-f44b53d77d9b,SM-G991N,samsung
153,0029b380-f848-42d9-a81e-693bad7755f6,SM-A235N,samsung
154,0029d2be-464c-441e-b5ea-ba773736c555,SM-G991N,samsung
155,002A291D-671C-427A-8E79-B8A6EA6B7C41,"iPhone11,8",Apple
156,002a29db-a95c-48d2-8ed8-216b43c6dd5b,SM-F711N,samsung
157,002A53ED-FE7F-4275-AB13-0217D0A23BAE,"iPhone9,3",Apple
158,002A6485-67F3-4B14-A5CC-D34A65CF3150,"iPhone13,2",Apple
159,002A710F-A48F-4E32-A23D-FE2F3F7F7A6E,"iPhone14,2",Apple
160,002A7A20-FCD3-4820-A283-58851DA8544B,"iPhone14,5",Apple
161,002AD4EE-28A0-49DF-A8B8-2BE6F96BB9E4,"iPhone14,6",Apple
162,002af774-4820-4ea0-9d31-877fbecc0718,SM-F700N,samsung
163,002b069e-8bc9-4b4b-804b-c6f8115abd2a,SM-G986N,samsung
164,002B2E3D-A71A-4901-A38F-6D0940C6AF96,"iPhone14,5",Apple
165,002b8e87-396d-49ab-80b0-06116735b455,SM-G970N,samsung
166,002ba27f-e0a8-4fa0-aa6c-90f63f3ae65d,SM-A235N,samsung
167,002BFB06-7C4B-4907-A110-657641D02903,"iPhone14,4",Apple
168,002c0c82-2bf2-4f6c-88e0-27a33366d669,SM-F711N,samsung
169,002c5125-8832-4707-be54-a2aa77ca077e,SM-G975N,samsung
170,002C79B6-850B-45F1-942C-6EA6BA54D01E,"iPhone14,7",Apple
171,002C7F18-A90B-4937-A73C-0BAB8452A140,"iPhone14,2",Apple
172,002CB679-5704-4CE1-BB48-04489D4F4E34,"iPhone14,4",Apple
173,002e139e-8121-4b51-b559-893517750671,SM-F711N,samsung
174,002E5A63-7F99-4859-BC70-EB49EBD203C0,"iPhone12,1",Apple
175,002E5DA7-1D74-40FA-973D-C24B8C7F01DF,"iPhone12,1",Apple
176,002ee9ad-eaa0-47d5-a638-d2dd577d91df,SM-A546S,samsung
177,002F0561-FFAD-4514-BEF2-A4E7DA081EA6,"iPhone14,5",Apple
178,002F073C-B8C5-4239-B179-18AE5641551E,"iPhone13,3",Apple
179,002F1D98-8193-42D7-923F-7D110C01E135,"iPad13,16",Apple
180,002F2AE7-D0F2-4A40-8809-959F10EFF961,"iPhone12,1",Apple
181,002FB4B4-815F-41D5-B606-2B91975360B8,"iPad13,4",Apple
182,0030099F-F801-4B7F-8137-BE9BEDDE2705,"iPhone13,2",Apple
183,00309809-ad5d-4125-844d-f504c52a4ed8,"Lenovo TB-9707F",Lenovo
184,0031170C-DA95-4022-A34E-C8107050B43F,"iPhone14,4",Apple
185,0031272E-2A90-4CD4-B16F-7BF55A6B2835,"iPhone14,4",Apple
186,00317987-7A3B-46BB-AC67-9CDF215BF615,"iPhone14,6",Apple
187,00319C50-52B2-4A29-892E-898644C924BB,"iPhone14,4",Apple
188,0032A6E5-CFC4-4B6F-A218-4A44C8CE1750,"iPhone14,7",Apple
189,0032DAD3-F154-4C6F-93D8-4A0327C3B0E3,"iPhone14,7",Apple
190,0033327C-A339-4FD0-AEBD-5816AF4E622F,"iPhone14,5",Apple
191,00333DF6-40FD-4A8D-849B-B9CD1FDBE8AE,"iPhone14,5",Apple
192,0033B9DD-0839-4A74-B514-2D7F5ADEC3EE,"iPhone13,1",Apple
193,00341467-C0F7-43D5-8E2C-68784BC42635,"iPhone14,5",Apple
194,003427FC-22EE-4DA3-A804-6F4C0FAAA73D,"iPhone12,1",Apple
195,0034ABF9-D4EF-4706-B22F-57E00EE28C36,"iPhone14,7",Apple
196,0034BA0E-57FF-45AC-80EB-A5C116D72107,"iPhone13,2",Apple
197,0034BFDB-078A-4A59-9306-7E6AEE5D352A,"iPhone12,3",Apple
198,0034cdba-badc-422a-8956-546537b48352,SM-M536S,samsung
199,0035058f-c15f-407a-9fdc-bf4521a61e1c,SM-A325N,samsung
200,00351E50-4C79-4286-A29B-420E51DE3F43,"iPhone14,7",Apple
201,00352C8A-37FD-439F-A2DC-1B0CAA08FF38,"iPhone12,8",Apple
202,00357C1C-316B-4F39-9D1D-9CE8831961B5,"iPhone14,4",Apple
203,0035872D-ADC6-4779-B1A8-D077BC21C032,"iPhone14,4",Apple
204,0035931d-06a6-4f08-8fdd-619e2d55dd5f,SM-A226L,samsung
205,0035f05b-c569-481e-83c4-f30bc1f14ced,SM-S901N,samsung
206,00363288-1087-4640-87FB-4C90674F3210,"iPhone14,6",Apple
207,0036511E-1A4C-4D1F-920A-9817A7CC4ACE,"iPhone12,8",Apple
208,00367438-524F-4E14-86F6-7B245276AEB8,"iPhone13,1",Apple
209,0036759C-ABE3-499A-B6C4-578278B7AA04,"iPhone13,3",Apple
210,0036A7D2-DC13-401B-B4DD-0B5743EF3E80,"iPhone15,2",Apple
211,0036CE31-6052-415A-8EC3-BA03CA856F11,"iPhone12,8",Apple
212,003727AE-30B2-45CC-B677-9563A4FC6E9F,"iPhone14,4",Apple
213,00372ace-02a0-4b8c-b52e-6f76b1232677,SM-F711N,samsung
214,003733D0-1E16-4026-A718-0017394EE7B7,"iPhone15,2",Apple
215,00374362-adaa-424a-aaaa-069c5aa0f9ba,SM-S901N,samsung
216,003765A6-9B7D-41B2-AA5C-5D0AA0D5F524,"iPhone15,2",Apple
217,00377cde-fc77-4a95-80bb-4953319d2a91,SM-F700N,samsung
218,0038246f-2746-4524-95c3-a3af2de56b64,SM-A528N,samsung
219,0038F3AD-AF88-4105-9FD3-9575217C2E75,"iPhone13,3",Apple
220,00393ACE-7B0C-4686-8573-660DC6858715,"iPhone12,1",Apple
221,00395d60-fdd0-41fc-95b8-75fb85f29e3c,SM-G973N,samsung
222,00397ebc-4c9a-4111-9791-2616d4cf466b,SM-G781N,samsung
223,00399970-6E1C-4068-8D92-DC8FE910B706,"iPhone14,5",Apple
224,0039EF32-56AB-4023-B33E-93E79D0C7C5F,"iPhone12,3",Apple
225,003A1C76-64B8-4E83-B6DB-FDC1F1AE9B53,"iPhone12,1",Apple
226,003a583a-1a33-4a0a-834b-c06a953e9962,SM-S901N,samsung
227,003acf6f-d94c-4176-81dc-e5f8a826ad18,SM-N981N,samsung
228,003ad10d-7f9f-4a85-9f91-6847ab31939e,SM-A530N,samsung
229,003bbd33-b349-4b7c-96cc-25f48682fdef,SM-G991N,samsung
230,003BEA13-CE78-4D55-9F1A-0D427DC6BEB5,"iPhone14,7",Apple
231,003C0739-9FD4-4B06-A6B7-C1BA49E8CE1B,"iPhone14,7",Apple
232,003C0D2D-B1FA-4572-8DF0-45C80147AB31,"iPhone14,7",Apple
233,003C2D32-272A-4B4F-9F60-F4F2AD8274A4,"iPhone15,3",Apple
234,003C3A7D-E37A-43DE-B34D-BDB80CFBAB2B,"iPhone14,7",Apple
235,003CAFAF-DF37-44A7-AD24-EFFC9980E77F,"iPhone14,2",Apple
236,003D08A0-A35D-401B-B79C-219404E0F6D3,"iPhone13,3",Apple
237,003DCC72-05DB-4F14-866A-B455A72622EB,"iPhone14,7",Apple
238,003DCE24-57F5-4FC5-86C5-78293CAC4C70,"iPhone15,2",Apple
239,003DE007-9F5F-448C-8365-7689A532273F,"iPhone14,5",Apple
240,003E066A-96BB-41E6-8B64-C0E8D3F48F1E,"iPhone14,7",Apple
241,003e10a2-19c5-4a80-932c-5a8ec8767e0f,SM-S901N,samsung
242,003e9b50-f88d-4d75-803b-b370fad26540,SM-A908N,samsung
243,003F3A86-C281-4ADF-82F5-B9E3ABDDC2D5,"iPhone14,5",Apple
244,003F4C8F-79AD-433A-9B16-7A69FF504020,"iPhone14,4",Apple
245,003FB118-19CE-460C-8EE6-CC7095A17D13,"iPhone13,2",Apple
246,003FC48A-9F62-4600-9871-9CF90AF1A278,"iPhone13,2",Apple
247,003FFC21-1767-4833-8B3B-195DEAB4214C,"iPhone15,2",Apple
248,00402F64-49C1-44E0-A837-D4E85152C0E7,"iPhone13,1",Apple
249,00403cb5-c62a-4c2c-a998-62ed2ef7624d,SM-F711N,samsung
250,00407850-D137-434A-85AF-C81A8400BAEB,"iPhone14,5",Apple
251,0040BFA4-8DF6-405D-9EEF-769625441B68,"iPhone14,2",Apple
252,004148CF-6B86-4B16-86B3-DB49031346BC,"iPhone14,4",Apple
253,00418D0B-A063-4C0C-8430-DF00C95D275D,"iPhone14,3",Apple
254,0041E15B-7FCC-48D1-AB90-B78CEC59AA20,"iPhone14,2",Apple
255,00420ACF-DDF7-4B1B-B693-7718638004ED,"iPhone14,5",Apple
256,00429F13-A57B-45FB-8195-30D4DCF2B3E3,"iPhone14,4",Apple
257,0042B731-F468-4B55-9F1A-76025FEE5FED,"iPhone14,5",Apple
258,0042E5F4-BCAD-4BFD-8E00-BD407523BB5F,"iPhone14,7",Apple
259,004300e4-9afc-4bab-aedf-8a45ac49c389,SM-M536S,samsung
260,00431a63-68f0-46d5-9ba2-efbd191ee01b,SM-A336N,samsung
261,00433771-9C1B-44F5-91B8-AE0E33581E5B,"iPhone14,2",Apple
262,0043ae12-e5e4-48cd-b2cb-39971fef352f,SM-A235N,samsung
263,0043d057-9c57-4bfe-9c0f-73979ce02c29,SM-G977N,samsung
264,0043D88D-66AF-4BEC-9E78-56617D8B1DCC,"iPhone14,7",Apple
265,004423a9-65ce-4d2c-a7a1-b71fd7f4265d,SM-A528N,samsung
266,0044BF14-C5F6-4ADE-A4DF-DE0CF87BF367,"iPhone14,5",Apple
267,00452D0B-A64C-43E8-8FC9-727E961B367F,"iPhone13,1",Apple
268,0045ab7b-517f-421f-a6cf-664e3b8875c9,SM-G991N,samsung
269,00462bc3-7b26-447b-8ff8-36397171fa20,SM-A326K,samsung
270,004634f2-adec-4b6a-8d04-da745add0d7d,SM-F916N,samsung
271,004671DF-3AD0-48A8-84ED-FE2E0F6DB1E3,"iPhone15,2",Apple
272,0046DF51-B7D9-47F0-8C7B-B55EED3BE8CD,"iPhone14,5",Apple
273,0047891A-D279-4CC3-B953-5B6EF4709BBF,"iPhone12,1",Apple
274,004796c0-821f-48e0-a42a-aab437710e85,SM-A325N,samsung
275,004807d3-79b6-449f-adf7-b5d311aeb1f8,SM-N960N,samsung
276,00486bc6-95a7-41f2-b3ab-e1ae13e2dc99,SM-A908N,samsung
277,0048BF04-EAE2-4B37-8282-F03717DE3438,"iPhone14,4",Apple
278,0048ca24-22c7-4270-90fa-05d54d03b65b,SM-G970N,samsung
279,00492eb3-e6ce-4a62-91a1-03a8bf34c0d2,SM-G988N,samsung
280,00493015-60B5-4C16-87B4-8863A27AE079,"iPhone12,1",Apple
281,004a1195-4ee1-4837-a3b0-b647be5669bf,SM-S908N,samsung
282,004AC65B-ED64-4518-BB79-2F62765EEE01,"iPhone14,5",Apple
283,004b14a0-b49d-4392-8dab-127252085005,SM-N976N,samsung
284,004b8055-35cc-4053-b837-deb400071ec3,SM-A536N,samsung
285,004bf4ec-0bd3-441d-935c-a47badd358e4,SM-F721N,samsung
286,004BF728-5340-4BCA-81E5-6AFABCFEEEC6,"iPhone12,8",Apple
287,004c4df8-22c0-4f95-b42a-72de10f76b46,SM-A826S,samsung
288,004C93CE-235B-465F-90ED-9E16C9512747,"iPhone13,2",Apple
289,004CB16C-0796-4B33-9D22-65B7587C528D,"iPhone13,3",Apple
290,004CD18C-FBE6-44E9-952C-0F3EB27D8A10,"iPhone14,2",Apple
291,004CDB8B-B6AF-4949-85A8-EFCE7E85CCAF,"iPhone14,5",Apple
292,004d27f3-76d2-44f2-b3d6-fa687802e30b,SM-N960N,samsung
293,004D7323-02FF-4431-954D-CF5AC521AB9F,"iPhone14,5",Apple
294,004DBC7B-EF84-4D8F-A0A4-5ADCF2B574FC,"iPhone14,5",Apple
295,004DC50A-CE5A-45F6-A6F9-EBAE04D0C4E8,"iPhone14,5",Apple
296,004DEE80-3D1F-4088-B4E7-37AE52C54E63,"iPhone14,7",Apple
297,004e2f91-db6a-4ceb-8157-59be5fd6cce0,SM-A325N,samsung
298,004EB699-62FA-4291-8BEE-EF1A1B0AC048,"iPhone13,1",Apple
299,004f4d78-6978-43df-a011-b42528a32a2b,SM-S911N,samsung
300,004FD0B9-5F61-47DF-A8F1-5E832B82D35C,"iPhone14,4",Apple
301,004fd752-d314-4940-bd98-022f69db2d20,SM-S901N,samsung
302,004FE51B-AD2B-49C3-A8B5-0B2136D31C4D,"iPhone14,2",Apple
303,00503C7F-349E-40F9-A61E-D67D84F3E6BC,"iPhone13,2",Apple
304,005080F1-98FF-4C2E-BA78-474DADB2DC39,"iPhone13,2",Apple
305,00509A03-E0B0-4EF8-A746-83A90AA7FE51,"iPhone14,5",Apple
306,0050E23E-C695-488B-82B3-C04B05968270,"iPhone14,4",Apple
307,005104FB-4C8D-42E2-9FF5-D20966E8EBBC,"iPhone14,2",Apple
308,005145E9-25CF-48DE-A014-7495969C8EAD,"iPhone14,2",Apple
309,00515078-BEE0-4BFC-9D42-128DB511CB3E,"iPhone14,7",Apple
310,0051C075-DB91-4E18-86A2-B11AB27E9EC1,"iPhone15,2",Apple
311,0051e1ba-16b7-4044-abe4-7a38af26f3c7,SM-N960N,samsung
312,0051F15E-650B-48DA-AA84-C482452FE201,"iPhone12,8",Apple
313,005236C6-81CF-4385-88F5-01DFE36CEC00,"iPhone14,2",Apple
314,0052628d-52c8-47d3-bf10-9b67ccb06a46,SM-G975N,samsung
315,00526CF3-E36B-4D67-B82B-3940DB700D79,"iPhone13,1",Apple
316,0053159d-e14d-46be-9552-c2f4a44bbfe3,SM-S901N,samsung
317,00536920-e30e-4a7c-9fc3-59d88b75e922,SM-A235N,samsung
318,00538196-0f22-4965-9578-02660172543a,SM-F711N,samsung
319,00539c62-cdc1-4cdc-9daf-fb15b94f0c01,LM-X420N,LGE
320,00543398-7BD6-4634-A141-2079253CFB62,"iPhone14,2",Apple
321,00545FE7-0DDF-4835-9F53-62CABF631D6F,"iPhone15,2",Apple
322,0055054E-8178-4078-B53B-D0FC6BFF7B03,"iPhone14,5",Apple
323,005536D4-12E8-42EB-841B-F2AC9119EF0B,"iPhone14,8",Apple
324,005537dd-2723-491b-a05f-e8c04417553f,SM-A235N,samsung
325,00559b55-55ba-4529-a160-f781625122c3,SM-A426N,samsung
326,00559B76-A0B6-4A4D-825A-3B1CEE63DBF1,"iPhone9,3",Apple
327,005649DE-2CE8-4CF3-BB65-5107080367F6,"iPhone14,2",Apple
328,00566379-7FB8-4A03-8B2B-3BB0B6D17170,"iPhone15,2",Apple
329,0056a917-aa90-4e68-a2f8-ca9e3edf5c00,SM-A405S,samsung
330,0056B55B-CC2F-4DB1-99AE-D19809ED4227,"iPhone14,4",Apple
331,0057166B-C848-44E8-8EC2-56C1ED1AA8DE,"iPhone12,1",Apple
332,00571A58-7EFC-42B8-8CA1-D9BCE3E798FF,"iPhone12,3",Apple
333,00572721-1F64-4055-88F9-2FCECD28A374,"iPhone14,5",Apple
334,00573359-E1B3-49EF-85CF-A906E35117C4,"iPhone14,5",Apple
335,00574d30-33a9-4632-a4bc-116c5f4001f8,SM-N950N,samsung
336,0057EB29-19DB-4C7C-9C9A-8AA843166647,"iPhone13,2",Apple
337,00582C7B-2626-4DA8-90ED-326D2582FC1F,"iPhone12,1",Apple
338,0058EAEC-7F42-469D-A56C-95E730E7B67A,"iPhone14,5",Apple
339,005951a3-5a32-4d2f-aa32-9dd3d0a28280,SM-N950N,samsung
340,0059A16B-2C22-4406-B358-45BAAE15BD8D,"iPhone14,2",Apple
341,0059ff7e-6d82-4dce-a50f-0833092b4723,SM-F711N,samsung
342,005A15B0-71B5-408C-9125-104E900D674F,"iPhone14,4",Apple
343,005A29DB-BD5C-41FC-A042-975B67875404,"iPhone14,7",Apple
344,005A7C89-02CF-4F80-9837-472DA23E26A4,"iPhone14,4",Apple
345,005AEB5B-0FF7-4F57-BFDC-1B0A261EC674,"iPhone12,8",Apple
346,005b6195-36ab-4f40-ae19-f134c6be5b9c,SM-N960N,samsung
347,005BC94C-DF1A-4CF2-90A3-85280EFBBCF5,"iPhone15,2",Apple
348,005C3932-87C6-43BE-9108-745999C9F384,"iPhone12,8",Apple
349,005C4D5D-BF73-428A-96D0-160B200497E3,"iPad13,8",Apple
350,005C9ECD-06D1-4A55-AD3E-136C40BB23D6,"iPhone14,5",Apple
351,005CB925-DABB-49D8-B603-DE8ED2B77F1B,"iPhone14,5",Apple
352,005cc92a-dd0d-4610-9866-7fe8e904d2ec,SM-A226L,samsung
353,005CE874-E224-4408-815E-F301BFEB4F15,"iPhone12,8",Apple
354,005d2541-a825-4fd2-ab30-7aff90e86c03,SM-A528N,samsung
355,005d339a-570d-4a0e-bf01-fefaec83ab28,SM-G781N,samsung
356,005DA68F-ABD1-496D-9D73-9913EB85F50F,"iPhone12,1",Apple
357,005dc36b-b976-4be9-a14b-cda2191a1900,SM-S901N,samsung
358,005DC71D-50FB-4181-B0AB-FC9D92AA71F4,"iPhone13,2",Apple
359,005e69bd-8bd6-4c5c-ae13-f6b9468ed98c,SM-M236L,samsung
360,005EB857-2C7A-46A1-9249-5A95D033B363,"iPhone15,2",Apple
361,005f1d16-2ed5-452f-89fd-555a03738c14,SM-A716S,samsung
362,005f54f0-ffc1-4449-ae21-57c9f49cdafa,SM-M536S,samsung
363,005fdf0f-8769-49c5-83ae-1c5c7c712afc,SM-G996N,samsung
364,00602234-8805-4026-B727-D30205C7B3F0,"iPhone14,7",Apple
365,00608202-52A3-4F6E-B4C3-FD9C00117F00,"iPhone13,1",Apple
366,0060D7E9-DCFC-44CC-8BD1-77919DD84A1D,"iPhone14,7",Apple
367,00618267-8D67-45BA-903A-DFDECA6F7A87,"iPhone13,3",Apple
368,0061a525-1108-41cb-b597-d5eb8c702591,SM-G996N,samsung
369,0061DA0A-2A62-473E-99E3-549CBE5DE7EE,"iPhone14,7",Apple
370,0061DEB1-F99E-492E-BAE6-BEB96AE003FD,"iPhone14,5",Apple
371,0063440B-8347-4624-A71F-DCC8BDDC91A9,"iPhone13,2",Apple
372,006382c7-d840-4081-a9b4-25c9a8ec6589,SM-F711N,samsung
373,0063A601-10F2-4F74-B2D9-F8E36FAF430C,"iPhone15,2",Apple
374,0063E250-2DC2-4F3D-B772-26B3D0A1AE4E,"iPhone14,4",Apple
375,00643f1d-da56-4939-8c7a-36d20b66323a,SM-A235N,samsung
376,00646222-866b-48a0-b48b-9ce5b680ffd6,SM-G975N,samsung
377,00649989-A631-43B3-8013-67288F0FA976,"iPhone13,4",Apple
378,00649CC5-929E-42DA-87A6-5312CB0E98B3,"iPhone14,5",Apple
379,00658087-25E4-4810-9045-128F19AC84B6,"iPhone14,5",Apple
380,00659739-89F5-4A5A-9062-46B5AFE2234B,"iPhone12,3",Apple
381,0065c56e-a7ed-4095-846e-52babf2c6fb7,SM-N981N,samsung
382,00665c6a-6881-43a5-89a2-8396d0dbc1d8,SM-S901N,samsung
383,00666fb6-7dd2-4eb7-a79b-13b747a1c1eb,SM-F711N,samsung
384,0066AEEB-36C1-4EA7-9B6C-B1C692F73209,"iPhone13,1",Apple
385,0066e56b-aaae-46cc-9b3d-df328a2549ff,SM-N976N,samsung
386,0066EF45-CAE2-44CA-8553-DE9A3DFF4820,"iPhone13,2",Apple
387,0067D359-9BCD-434B-8DD4-B0FD9EFBB13C,"iPhone12,3",Apple
388,0067DBFF-C5C7-4F4B-8FB6-9819851AE1F2,"iPhone14,5",Apple
389,0068C165-D768-46E0-9164-AF80BA8472A7,"iPhone12,8",Apple
390,0068D6FC-E907-40A7-939F-248B9C3CD26D,"iPhone13,3",Apple
391,0068EFAB-05D8-4D8A-B4C1-1CE4853B0BED,"iPhone14,7",Apple
392,00697a62-2d7e-4b97-81cd-0c1514a3c361,LM-V510N,LGE
393,006a8f0c-e321-427f-afb3-114cb919136a,SM-G996N,samsung
394,006AE46C-2667-4E72-A3A2-EF173B5D0829,"iPhone14,5",Apple
395,006BB2A8-CC9B-49D6-8BF4-85521164305F,"iPhone14,7",Apple
396,006BD5DF-1759-4F1F-8493-D080CF038AF9,"iPhone15,2",Apple
397,006C1487-0F15-4A82-8895-0FDCAFBBC830,"iPhone14,5",Apple
398,006C6D8C-5C8E-4452-A74C-F18885A187F7,"iPhone12,8",Apple
399,006D4B78-6B9B-4ABB-8102-C527712A8FA4,"iPhone12,1",Apple
400,006d7bfe-b423-4ded-b75b-d548e91ccce0,SM-A226L,samsung
401,006dabd2-23b9-4e3a-b565-3e59eea62934,SM-A325N,samsung
402,006DACE7-874C-4AC6-94D3-4DC80064FBC2,"iPhone14,2",Apple
403,006df6f7-c846-454e-b950-e7450fb36394,SM-T733,samsung
404,006e0295-7f30-45f5-a01d-1300e660e948,SM-A315N,samsung
405,006E37F5-F844-404C-8B57-EFE06ABE1106,"iPhone14,7",Apple
406,006E52FA-6748-4D10-B4DF-F2400C064B02,"iPhone14,5",Apple
407,006EC233-3050-441A-ADAB-D1E94EEBE769,"iPhone13,1",Apple
408,006ed57c-cacb-4f6a-a08a-59e793f0fbc8,SM-S901N,samsung
409,006ef2b9-8525-4995-aa6c-d90f052de2cc,SM-G991N,samsung
410,006f25d2-1c65-4ab5-83e0-87437ff02034,SM-S911N,samsung
411,006F36BB-1CBC-4D1B-B06D-FE5267B7A0B7,"iPhone12,3",Apple
412,006f4281-4158-4587-bcc6-b7e9d8e47f2f,SM-G977N,samsung
413,006F9B71-954C-42C3-9C9A-2DB1A9D9FD14,"iPhone15,3",Apple
414,006FA246-800E-4B86-8468-7CFC2076546A,"iPad13,16",Apple
415,006FC23B-5AB7-4CBC-8B6B-EA58699F24F1,"iPhone14,5",Apple
416,006FCFD9-0CDB-4C5C-8623-F04043793734,"iPhone15,2",Apple
417,006fe5b9-891a-4190-9fa2-5a4eb8af6774,SM-G955N,samsung
418,00701A31-513C-417B-ABF6-74D5EBD3996A,"iPhone14,5",Apple
419,00702384-D599-42FB-8853-E7509570F98D,"iPhone14,6",Apple
420,00702eed-93ab-4f15-8b0b-70c6c96f41f8,SM-S906N,samsung
421,00708B66-3FC2-4091-9C87-0C808DFBEADD,"iPhone14,5",Apple
422,0070FFFC-DB37-4A8B-81D3-00E1CC2EA0C2,"iPhone10,4",Apple
423,007105A5-7DDD-4D0B-A023-E59B59DBA142,"iPhone13,2",Apple
424,0071e879-6ac2-437c-a793-330e18676b3c,SM-G781N,samsung
425,00725F23-4DF3-4787-ADCF-FCAC650A6CE7,"iPhone14,4",Apple
426,00728937-B294-49FB-B985-A4972D45D85F,"iPhone13,2",Apple
427,00729f86-3367-4063-867d-965acd05ca2b,SM-G991N,samsung
428,007324f1-26e2-40a8-b6e5-88c6fbf6d38b,SM-A326K,samsung
429,0073bd0e-c4ec-446b-b291-6786a92b9e6f,SM-S901N,samsung
430,00743FE0-CD52-4AEA-9867-77778DB1BB84,"iPhone14,5",Apple
431,0074563A-1291-45A8-AF40-935A5C5CD10E,"iPhone14,5",Apple
432,00761e42-dde6-4fed-bc77-73d64174eb6b,SM-F721N,samsung
433,00762818-AE7D-4EB5-8A23-21AE32D09A9A,"iPhone13,1",Apple
434,0076FB11-10F4-4211-8D94-7DA4BBF687EB,"iPhone13,2",Apple
435,00776D90-DA5A-41CF-9AC5-1D90982074DA,"iPhone12,8",Apple
436,0077BADC-E568-40B2-9A63-0A66F3601CD1,"iPhone14,2",Apple
437,0077BDEA-6C73-4F0E-8C4A-16A9A08C2030,"iPhone13,1",Apple
438,0077EC39-08FD-4972-BC80-E0FE0BBA96C3,"iPhone12,1",Apple
439,00782d93-5f3f-4122-8753-5fb5e57909a0,SM-S901N,samsung
440,00784F0E-0B63-477D-942A-D8C19C89901C,"iPhone15,2",Apple
441,007871da-a7f4-48f5-8d54-6777a9b62157,SM-G781N,samsung
442,007877DC-2D0D-46C8-8F94-31CA49BBE603,"iPhone15,2",Apple
443,0078E287-7700-4917-8CEC-AD062680AD49,"iPhone13,3",Apple
444,0078F685-5520-41DB-9D80-10564E4AB869,"iPhone12,1",Apple
445,0079387d-3bdf-4e66-aedc-9a444e5cdab5,SM-S901N,samsung
446,00795438-B41F-42C5-83D4-0204EA5DC76F,"iPhone15,2",Apple
447,007a4a5b-2071-4fca-b820-823872c1235b,SM-A136S,samsung
448,007abb05-8f11-42dc-93fa-03e58c76c582,SM-G991N,samsung
449,007ABB25-C52C-40CC-91D2-741BA1EDEE0F,"iPhone15,2",Apple
450,007af8ae-706f-48cb-bd17-b6fd2c92698b,SM-S911N,samsung
451,007B02C8-D6EC-4AC0-8F0C-EAA391488F99,"iPhone14,5",Apple
452,007B436A-07BC-49AB-B435-5B26AF6CC5B3,"iPhone13,3",Apple
453,007B80BC-8466-4646-93D0-2AB7BED2BCFF,"iPhone14,2",Apple
454,007B8394-A8F6-44CA-BE50-06146587A40A,"iPhone14,5",Apple
455,007C205C-3546-4F20-A0D6-1A235FC413A5,"iPhone13,2",Apple
456,007CFE23-2D5B-420B-8D69-52A3D0528587,"iPhone10,4",Apple
457,007d2c11-200d-4c8d-824d-fe951f28c104,SM-X700,samsung
458,007DAC9F-FEEA-40D2-A6B8-BC79D1027057,"iPhone14,7",Apple
459,007DE152-FF27-4B6D-BCD2-075ECF1898DE,"iPhone14,4",Apple
460,007e6146-8915-4ec0-8303-dad1eac860e0,SM-S901N,samsung
461,007e6159-b315-4a3a-9a43-c4a7c6ee74c0,SM-A336N,samsung
462,007ed3e0-96cb-4f72-bef8-ad73052a3615,SM-G996N,samsung
463,007EFD95-BBE7-4889-811D-DDC87116A3E4,"iPhone15,2",Apple
464,007FAA6F-89F4-4E65-9E23-304CEE3FB910,"iPhone13,2",Apple
465,007FCA34-CA0B-4802-A94A-2215D7E72D8C,"iPhone13,2",Apple
466,007FE9A9-7936-4B1A-9AD4-E5EDDCB8A075,"iPhone13,4",Apple
467,007ff449-af19-42f7-a504-1532aa05bc07,SM-S908N,samsung
468,008076EC-7C25-44C2-9B20-EFD282CD0534,"iPhone15,2",Apple
469,00809249-5231-483C-9069-5D25293B3D4A,"iPhone13,1",Apple
470,0080a8c4-52f7-4b92-94a7-96615be7d103,SM-S906N,samsung
471,0080e00c-3d42-4062-adf8-2154843e60e4,SM-N981N,samsung
472,0081568f-bdc7-4ec0-a858-3b66916aeba8,SM-S901N,samsung
473,0081FA91-C49F-47E2-BA64-3179BA963E45,"iPhone14,6",Apple
474,00829246-C891-404F-983B-10FC68B05D46,"iPhone14,3",Apple
475,008313F7-D4ED-4BB2-93A0-3D802C975504,"iPhone12,1",Apple
476,008328fc-67f2-4fb6-a614-e4ad8695d1db,SM-G996N,samsung
477,00835ED4-7303-447D-811F-13DD374B158B,"iPhone15,2",Apple
478,008378B6-9373-4975-9AAF-8DE4B44FFD7A,"iPhone13,1",Apple
479,00838B74-05F4-467A-B473-DE695FACCA30,"iPhone14,5",Apple
480,0084C965-5F83-4026-8834-45BF554EB385,"iPhone15,2",Apple
481,0085b76c-641f-49e9-9569-b38ee22ba167,SM-G981N,samsung
482,0085CA64-339A-4486-AF4E-058555467C9F,"iPhone14,2",Apple
483,00863dd2-7048-43ba-b686-0abff7ce7f50,SM-G986N,samsung
484,00866162-2C65-47CB-B5A1-1220D01B0FEB,"iPhone14,2",Apple
485,00867dce-6c46-49c2-829b-09f3b91ea599,SM-A325N,samsung
486,0086F17D-326E-46F9-91D2-C0837AA3B118,"iPhone15,2",Apple
487,008702A1-7245-40B2-AE9B-8B2908E67777,"iPhone14,4",Apple
488,00874607-4737-4222-9a58-314934303545,SM-F936N,samsung
489,00879016-7344-4327-a8a9-9c42c4a71e0e,SM-A908N,samsung
490,008790F9-3A62-44C4-9DC4-D0ED3C131CC9,"iPhone13,2",Apple
491,00881989-01A0-4F2A-8024-FD0B2074F441,"iPhone12,8",Apple
492,008831BA-C211-44D8-97A7-4A783E1BD637,"iPhone13,3",Apple
493,00884f1c-7ddb-4a31-ad70-5f9e1c0cee25,SM-F711N,samsung
494,00888D9B-C2B9-49CD-B0DF-7CA7F43E8B81,"iPhone14,5",Apple
495,00896876-3427-4B65-85E9-899B4F267809,"iPhone10,4",Apple
496,00898bf9-99bd-46da-8146-c8fc21c5d5d4,SM-N976N,samsung
497,00899F1A-3AF5-4913-91EF-7D4A3F2C0557,"iPhone14,5",Apple
498,0089DCD1-A7D2-44BA-AAC2-CD3226804AB3,"iPhone15,3",Apple
499,0089FB9A-A074-47BB-BB4C-6DF5D864D622,"iPhone15,3",Apple
500,008a1e15-f08e-4a03-80af-631982cb5f79,SM-F711N,samsung
501,008A2BCC-872E-4738-81E4-56A397F5DA58,"iPhone14,5",Apple
502,008A5134-45DB-48B8-85C3-07E41DFFB477,"iPhone13,2",Apple
503,008A9E1F-F525-43BD-8645-13C6CA714814,"iPhone9,3",Apple
504,008AB4B4-7804-4828-A551-DCFFEFB85DBF,"iPhone12,3",Apple
505,008AE082-0DE9-4A23-8731-3EDB99AE6123,"iPhone14,5",Apple
506,008afcd8-f2e4-4742-b8d3-4a2895fb0e69,SM-S906N,samsung
507,008B6C3F-8351-4367-92F3-C063292004F0,"iPhone13,1",Apple
508,008B9F22-DB8C-41CC-B9FB-3009191560C0,"iPhone14,5",Apple
509,008C440B-E06A-4FAF-981E-79F005435A9C,"iPhone13,1",Apple
510,008C4850-F800-4B68-868B-B1333FE8086F,"iPhone10,4",Apple
511,008C5DAC-1742-49B7-B0B8-11F2470DD6D3,"iPhone14,2",Apple
512,008C8708-330A-45AE-99B4-915881ECC52F,"iPad11,6",Apple
513,008CAA89-4CAE-447C-8289-71877E1EB530,"iPhone10,6",Apple
514,008D281C-C7DF-4FB6-9618-E68549E06C9F,"iPhone12,8",Apple
515,008D3979-93B8-4BBF-A314-209A1C08DF71,"iPhone14,7",Apple
516,008D5602-9AB5-4035-ABBA-EEA318F15FCF,"iPhone13,2",Apple
517,008d6efb-b00e-49b0-aa18-97bd8c6156a8,SM-G996N,samsung
518,008D9AFE-7E07-47A6-98E9-545BBC07C945,"iPhone13,3",Apple
519,008DAA55-8DF3-4405-9E11-D4A95E76825C,"iPhone14,5",Apple
520,008DFA25-1034-4588-A7B2-0346CA3FDC0D,"iPhone13,2",Apple
521,008E039D-EF02-4DF9-99E0-309BAFEC324A,"iPhone12,3",Apple
522,008e583b-c7c1-491c-b46a-e9afbf4a2e32,SM-M236L,samsung
523,008E6684-42E4-4958-9CCA-EEF97935B0F1,"iPhone9,3",Apple
524,008e7251-c519-4b96-97b6-fea7bca4546a,SM-M236L,samsung
525,008EC474-1875-40E3-84E8-217B00790A8B,"iPhone13,2",Apple
526,008ee9c6-4338-44e3-843b-ca3fd67340e4,SM-A326K,samsung
527,008f90c7-9631-4504-8409-72ee94f53153,SM-G996N,samsung
528,008FF2AF-BA78-4DE8-AEB3-B262324002D3,"iPhone13,2",Apple
529,008FFF9E-C2D3-4D17-8640-B019B494ADA6,"iPhone13,2",Apple
530,00907E1D-697D-4C43-B485-DE12579A45B1,"iPhone13,2",Apple
531,0090bc26-f26a-40a8-84bb-ed11c258c883,SM-S901N,samsung
532,0090F73B-64C7-42B5-8B3D-941E86D60393,"iPhone14,7",Apple
533,00914C4A-771D-454C-88FB-C95CBC4E6E61,"iPhone14,2",Apple
534,00917045-B8B4-487E-8598-CEA8476B52BB,"iPhone14,2",Apple
535,009203dc-19dc-4730-b022-869530e4f3ba,SM-G525N,samsung
536,0092064a-ee87-488a-ae5a-b6de0db7acdd,SM-A826S,samsung
537,0092556A-FD4C-4BA0-A65C-94399DE422F6,"iPhone13,2",Apple
538,00929975-12D9-4FB3-B0BF-EBEDABAF5722,"iPhone14,7",Apple
539,0092F2BC-973B-4D41-BC76-849A0B1F8E24,"iPhone12,1",Apple
540,009304FA-EF93-4FCA-9407-39D35966A397,"iPhone14,5",Apple
541,00933A8F-8CA0-43CD-8708-0BF292D1FF59,"iPhone13,2",Apple
542,00936d82-ae77-4262-bd30-e6ebaadc21b0,SM-F721N,samsung
543,0093A416-F117-404F-9C68-A85AB66E217C,"iPhone12,8",Apple
544,00944716-e50b-4fcf-9ec6-79512600ac18,SM-G991N,samsung
545,0094E75B-E293-4C21-A4A6-D70D275A46D1,"iPhone14,7",Apple
546,00950990-7c9a-4d93-99f0-af5af99ca464,SM-S908N,samsung
547,00956a1d-91c3-4850-ae5c-bdfa8d0e3e27,SM-A908N,samsung
548,00958047-AFD5-473B-A5A2-1E714C8E05B3,"iPhone14,5",Apple
549,00962FB9-A11B-46F8-8DAE-B5CC6DE104AB,"iPhone10,6",Apple
550,0096347E-36AC-461C-BC81-0926FF9D386A,"iPhone14,5",Apple
551,00964264-0302-49C0-AF98-D4181F92D9CD,"iPhone14,5",Apple
552,0096E6C9-D397-49B2-B8A2-34EF01170E3F,"iPhone14,5",Apple
553,009714C8-D3FE-4D8A-AA04-6D17F502C1AC,"iPhone13,3",Apple
554,00977B20-60F4-4C21-A781-41A286ABEE1A,"iPhone15,2",Apple
555,0097C74A-28FB-4D38-B32F-4081AF89AF34,"iPhone14,4",Apple
556,0098489F-10EB-430A-B821-EBFE2EFDE19A,"iPhone14,4",Apple
557,0098B8CA-7DD3-498D-BC6E-51807C647D4F,"iPhone11,8",Apple
558,0098F72C-7019-42FC-8000-C8713023E7A8,"iPhone11,8",Apple
559,00990DC2-6F4C-4D02-963E-52CD85614CA9,"iPhone14,5",Apple
560,009920C2-0B06-4E98-87C0-9E1CFB8AB143,"iPhone11,2",Apple
561,00993597-a2be-4b6a-b7b6-81e63d2b4916,SM-A125N,samsung
562,0099b976-76f2-49bc-a320-3c4fc5821ac6,SM-A226L,samsung
563,0099cedd-bf24-433f-b496-cf022e1f208b,SM-A528N,samsung
564,009A26A3-72FC-47A0-AF05-F119CB4F54D4,"iPhone14,6",Apple
565,009A6816-58B6-4FF8-908C-F24225FB65C3,"iPhone14,4",Apple
566,009AB99D-6CBA-4A60-AC53-C5F33953A6E1,"iPhone13,3",Apple
567,009b59bf-5425-4b35-902b-9106466625d8,SM-G991N,samsung
568,009b99de-331b-467f-a24d-e75492bed31e,SM-G986N,samsung
569,009C6B0A-4F42-423C-9FC6-BF9D89C1AA72,"iPhone14,5",Apple
570,009cd930-8f41-4213-a7a9-4df7f6e5bbc2,SM-A908N,samsung
571,009D2A93-4D35-48FB-8B0F-EDE0DFCB92AB,"iPhone14,5",Apple
572,009D6A24-81D4-4B4D-9508-5238FBD488FB,"iPhone12,1",Apple
573,009D9673-F0D5-4D14-A1B9-06518144BBDF,"iPhone14,2",Apple
574,009DA3CF-F64F-4473-8628-BA4C2E3632C6,"iPhone10,6",Apple
575,009E6444-D258-4B44-A709-19167A3D4C16,"iPhone14,5",Apple
576,009e7855-21b4-49f1-916f-d7239f437263,SM-F711N,samsung
577,009F2635-8089-4A2A-A512-4A6E60C49F5D,"iPhone14,5",Apple
578,009F352A-7E61-44F4-B841-593AD629D532,"iPhone14,7",Apple
579,009F4CDC-241A-4CE2-9ACF-D0D8B8F2CBC4,"iPhone14,4",Apple
580,009f5a85-cb25-4945-b34c-752bc6449c27,SM-G996N,samsung
581,009f5bf8-4a0c-4a5e-a55f-5340326595dd,SM-A516N,samsung
582,009f77a8-afc2-4169-9bf5-778b3f3eace7,SM-A235N,samsung
583,009F818D-2B1F-4E5E-8D30-F7FF192742C9,"iPhone14,5",Apple
584,009FD200-AD7B-4ED1-B5D0-921C65EA0412,"iPhone13,3",Apple
585,009fe067-b7bf-4d44-ad09-90fc5453307b,"Redmi Note 9S",Xiaomi
586,00a01fcd-9ca1-4b6f-8d32-fc6b9864b938,SM-A315N,samsung
587,00A03B62-108C-418D-9E8C-D6725C1BA9EC,"iPhone12,8",Apple
588,00A08C4E-D669-483B-9EE5-BBA65F0433EA,"iPhone12,3",Apple
589,00a09790-f5c7-450f-8af1-f375d6d99e53,SM-S901N,samsung
590,00A09B2E-926F-45F1-99F2-B2F5B16FBD69,"iPhone15,2",Apple
591,00A0ADAB-1017-475A-BBDC-0651686A7ABD,"iPhone14,4",Apple
592,00A11B57-15CC-457D-99ED-802B96A0493F,"iPhone14,4",Apple
593,00A14B5D-8A0E-4158-A6AB-436CC3E7D831,"iPhone14,5",Apple
594,00a16110-0bfa-47b4-925e-61f2481fb066,SM-A505N,samsung
595,00A18275-DB74-4661-9208-1BC55587A2AE,"iPhone12,3",Apple
596,00A22647-2E88-4C74-9A0B-858C11F127E4,"iPhone14,2",Apple
597,00A24DC6-5927-46CA-973C-B7AC52716B32,"iPhone14,5",Apple
598,00A2E2D5-E85F-458F-B8F3-3215D23470CD,"iPhone15,2",Apple
599,00A30BEA-91C8-489B-B6BB-6C11B7830119,"iPhone14,5",Apple
600,00a31cf4-5393-40bd-9ce9-2033bb501be4,SM-G998N,samsung
601,00a335c8-002a-4b37-99ea-252eb5bfbc1a,SM-G955N,samsung
602,00A3BAC5-F98C-4BEB-B92E-A5ABD98287D1,"iPhone14,4",Apple
603,00A4266B-038F-4E46-AF4E-BFB9224F52D5,"iPhone14,4",Apple
604,00a4d2d6-3040-407b-b0f5-a5b70cafe2a6,SM-G991N,samsung
605,00A4EC46-891D-44E3-B26E-C4A3CA2A635C,"iPhone14,6",Apple
606,00A4F832-64AA-4E9F-9444-2B7016C4DFF8,"iPhone13,3",Apple
607,00A509CB-62AA-43D4-870F-FB0938EDE094,"iPhone12,3",Apple
608,00A52C18-71B9-4DB2-A9F4-A84468BD6757,"iPhone14,7",Apple
609,00A55FC5-A493-4E2D-B872-FA49C24BDAFD,"iPhone13,1",Apple
610,00A5D6B0-0B5D-4C87-8188-808509270790,"iPhone14,4",Apple
611,00A5E7FB-121E-4BFE-9C7F-8A4A8F3E8349,"iPhone14,7",Apple
612,00a65d04-a147-476a-a450-b4451d83a71b,SM-S908N,samsung
613,00A67D7C-693B-4F9F-A525-BA8874F19969,"iPhone14,5",Apple
614,00a70312-426a-47d7-94b1-9592c7f14182,SM-A826S,samsung
615,00A70C06-40B0-48F4-97AC-B59095EE15BE,"iPhone15,2",Apple
616,00A7169C-3AD3-45B9-9D68-0C5DCC17F10B,"iPhone13,1",Apple
617,00A717EC-A2B7-48DA-8AFE-3F02B9D76667,"iPhone13,2",Apple
618,00A84071-298A-49E3-B143-FA5B31465D63,"iPhone12,8",Apple
619,00a906ae-2840-4e00-b74f-2f27d2674cd9,SM-A908N,samsung
620,00A938B4-E7FC-4DCA-BD44-8C72CAE8EE96,"iPhone13,1",Apple
621,00A94634-93D8-4E33-BFCB-BD7990C8D696,"iPhone15,2",Apple
622,00AA427C-8B9D-483C-82A1-0C3CC30783AF,"iPhone14,5",Apple
623,00aa48a7-8e17-4e5f-a107-f8c5cc38c6e5,LM-G910N,LGE
624,00AA595C-DBC3-4B6D-A794-E8C2B91DEC82,"iPhone14,5",Apple
625,00ac4c96-880a-44d6-804f-8e0e143c8e33,SM-F711N,samsung
626,00ac85ee-2ebd-466a-a9b0-03751d8a3900,SM-A336N,samsung
627,00ACD3C9-03C8-421F-8214-DED632030EDD,"iPhone15,2",Apple
628,00ACE4D2-D63C-42F7-9BC1-230FCF2057CD,"iPhone12,3",Apple
629,00ACEC0F-C871-403D-8588-F6B1CB703EB4,"iPhone14,5",Apple
630,00AD4B8F-04C3-45E8-B8A1-D25ED441CE63,"iPhone14,4",Apple
631,00ADF75A-8B00-47C3-AFCE-6A26EBE947F7,"iPhone12,1",Apple
632,00AE1D19-37CB-49E1-9F59-67378BFE308A,"iPhone13,1",Apple
633,00AE5CC1-5FA6-413E-B355-1DED3E573B3C,"iPhone14,2",Apple
634,00AE5E18-A356-4E10-AB6D-20FD3303E7C5,"iPhone12,8",Apple
635,00AE6E74-E321-4E1D-8607-1FFA5FB5F498,"iPhone13,1",Apple
636,00ae8af3-77fd-47b9-9ebf-57eed4163615,SM-M536S,samsung
637,00AEFB87-93C9-430D-9886-BFA592C8B442,"iPhone14,4",Apple
638,00af5b19-9cf2-4531-b5f0-c1c5a50c425b,SM-A426N,samsung
639,00B0341C-38F4-4218-87FE-893B2C44E491,"iPhone14,7",Apple
640,00B041FA-B1C7-491D-84E3-9722692FBC78,"iPhone14,2",Apple
641,00B04C32-6916-4463-B08E-4EEB117C7002,"iPhone11,2",Apple
642,00B09600-9A45-4544-BC07-78772BFDCE62,"iPhone13,2",Apple
643,00b10ea2-7a26-49c9-b3ea-bc734c705d69,SM-S901N,samsung
644,00B12E43-C68A-46A3-B55A-5D7BFF1CBB57,"iPad13,1",Apple
645,00B1B08A-B0A6-493B-8C08-9072BECD4C44,"iPhone14,5",Apple
646,00B1C6F4-8EA5-49D4-B3BE-AB9F7FAA111F,"iPhone14,5",Apple
647,00b21fb4-8c45-40ed-ad8d-d3cd64231c6d,SM-S906N,samsung
648,00B22658-14F9-48B7-A86F-52B871E53FE2,"iPhone12,8",Apple
649,00b2d488-735d-4810-8c66-614e113ce53a,SM-G986N,samsung
650,00B2E761-6D82-4965-88FB-1E10F66763AA,"iPhone12,8",Apple
651,00B2F26B-E8CB-4F79-A798-A29C3D3B7A51,"iPhone14,4",Apple
652,00B333B4-34BF-447C-BB18-8EF528D8F8D7,"iPhone13,2",Apple
653,00B35F9E-ADA2-426D-A35B-BE6564A7E881,"iPhone12,1",Apple
654,00B38D68-77B9-4CDE-9D4C-B34B9930BB7D,"iPhone14,4",Apple
655,00B3F2CE-2050-459A-8036-896BAA32453B,"iPhone14,5",Apple
656,00b3f5ae-ee62-4c13-ab8b-25c85da75651,SM-A235N,samsung
657,00B42E19-5ABC-4009-AA63-173DA8F8194F,"iPhone13,3",Apple
658,00b4b707-9f1e-4a8f-aa41-cfea0da80051,SM-G996N,samsung
659,00B4CA26-971A-4263-B8EE-D72F45439A3D,"iPhone14,2",Apple
660,00b51130-cd19-47d9-9ead-6bed83230f45,SM-A528N,samsung
661,00B52922-CCAA-491E-B683-E102A8155C1E,"iPhone15,3",Apple
662,00B533E7-A6F2-49FC-93AC-E12BC4F2AB72,"iPhone14,2",Apple
663,00b56f32-9378-480d-8f15-fceb8b296231,SM-M536S,samsung
664,00B57257-4DDD-4FB3-81BD-6B3FA065E75B,"iPhone9,3",Apple
665,00B5850A-FDE6-4B9A-9277-3353F2DB3306,"iPhone15,2",Apple
666,00B5B1F4-996D-43F7-BB2A-3445A99EB1D3,"iPhone14,4",Apple
667,00B6250D-B175-4976-BB39-452951917B43,"iPhone9,3",Apple
668,00b63957-a1db-48d1-be61-9f0541733a26,SM-N981N,samsung
669,00B64F66-E937-4F81-A499-6015A2EA92B7,"iPhone14,4",Apple
670,00B75889-40E1-4892-BFB9-C4C5AEE05BC8,"iPhone13,1",Apple
671,00B76232-A2F4-4B8B-A2A6-96F17275A31D,"iPhone13,1",Apple
672,00b7da34-47c6-4b1b-8342-ea209d41e408,SM-M536S,samsung
673,00b7dc5b-e511-4f23-b59f-671da1edb057,SM-A325N,samsung
674,00B82904-AF1F-430A-A1CC-AFDC2915EEB9,"iPhone13,1",Apple
675,00B844EF-237D-4D98-8581-6DBD130CF87C,"iPhone13,1",Apple
676,00B8CC1B-1BF6-4B01-BC73-4C1CA5D5C797,"iPhone14,6",Apple
677,00B8CF2D-D678-4698-80B7-0FD4901FAB21,"iPhone14,5",Apple
678,00B8E5B8-604A-4548-B547-E2A5C47D813E,"iPhone15,2",Apple
679,00B8FAF1-7E48-40CE-BC32-2C391FBB0DE9,"iPhone14,7",Apple
680,00B8FB5F-62E4-4665-B798-D17CA5984247,"iPhone13,2",Apple
681,00b926db-ffb5-41ea-b2ea-8761fbcda379,SM-M536S,samsung
682,00B93CB2-0663-4017-B42F-77F5B5765D24,"iPhone13,2",Apple
683,00B9563B-8567-41DB-A2A9-CB778E4BDEA6,"iPhone14,4",Apple
684,00b97900-7bad-431c-b246-ebeabb528f00,SM-N960N,samsung
685,00B981EA-8279-4913-8C96-E930ADA5F63E,"iPhone9,3",Apple
686,00b9a5ed-4f18-472a-b779-00ef3876a6c1,SM-G887N,samsung
687,00BA274A-2090-4642-A582-B0EE42E7FA0E,"iPhone14,7",Apple
688,00ba3709-11bc-40ae-9ff9-4d1799b196ff,LGM-V300L,LGE
689,00BA3D7F-81F7-4956-84F1-E4686D228E6D,"iPhone12,1",Apple
690,00BA85C0-634E-4C5E-BCB7-2D79420CCA09,"iPhone14,5",Apple
691,00BADFB1-00E5-44BE-A4CC-06CC7B78C76A,"iPhone10,4",Apple
692,00bafa4e-9114-4b69-848c-49492a4400b2,SM-A235N,samsung
693,00BBA031-D626-48CA-97E5-36C4FD8E9331,"iPhone14,5",Apple
694,00BC58DC-E235-4201-8CA4-6DB8C06AE8BC,"iPhone13,2",Apple
695,00BCCA54-6B44-49DC-8E75-49AA128D62E8,"iPhone13,2",Apple
696,00bce7fc-41ea-43f2-8a85-528cfe19f356,SM-S906N,samsung
697,00bd0eff-97b0-4a4c-858e-de002d6270ab,SM-A426N,samsung
698,00BD2A98-68B7-4DE9-833B-9C4336AF776A,"iPhone13,3",Apple
699,00BDDCE6-0D91-42CC-87DC-AD91673AF952,"iPhone14,4",Apple
700,00be10f3-7311-412d-9c81-1fe2a94bb244,SM-A315N,samsung
701,00be3156-6815-4ff7-aa35-8270d172020e,SM-M536S,samsung
702,00be83bf-9ae8-4c9e-bac0-09957953a35c,SM-A226L,samsung
703,00bec1f9-10cf-4a46-9d93-836c817c0cb8,SM-N986N,samsung
704,00BF27F3-481D-4D36-8316-073096A51584,"iPhone14,5",Apple
705,00bf3a4e-4ef9-4a6a-8558-cc5f68d4041d,SM-A546S,samsung
706,00bf3a4e-4ef9-4a6a-8558-cc5f68d4041d,SM-A716S,samsung
707,00BF6CA8-477E-43EA-99DB-60DEF9F2B330,"iPhone13,2",Apple
708,00BFB4D9-F292-45FE-A508-2FD92961CCBA,"iPhone14,6",Apple
709,00BFEEF9-DAFF-48C0-95BF-88282D0CDA23,"iPhone14,4",Apple
710,00c0ec0f-fd51-484b-9c7b-034069c69414,SM-N960N,samsung
711,00C11A20-3386-41E5-815F-D3423133EF31,"iPhone12,8",Apple
712,00c187c4-1c21-4f52-bfa1-43630db33119,SM-T970,samsung
713,00C188DD-E874-46C5-BB75-331F52AB1E77,"iPhone14,5",Apple
714,00C1A00F-F0CF-4331-A1F5-F66E0B66638D,"iPhone13,2",Apple
715,00C1B203-80C3-4CAD-BEF0-CC8D9DFA8EB5,"iPhone14,7",Apple
716,00C27CD3-DB33-4B33-A9A9-FEC5388BC28B,"iPhone14,4",Apple
717,00c2c5f9-31c7-4b9a-aa9e-77fd38ce2529,SM-N960N,samsung
718,00C31451-8D80-4F7D-9507-6A9FD79532A1,"iPhone14,7",Apple
719,00C3224F-480C-4CFB-B694-0F3B670EAD60,"iPhone14,7",Apple
720,00c38694-22b4-4ebe-8ac4-23028987d45f,SM-A325N,samsung
721,00C3E680-31BB-40B3-8C25-7E1F5ECC670F,"iPhone14,4",Apple
722,00C4433C-0FB9-4488-A74E-2BC8721EC383,"iPhone14,7",Apple
723,00C4B615-AB15-4FAD-975B-E83FD45DA34B,"iPhone12,3",Apple
724,00C4C1A0-1991-4651-84AA-6AD9461387DB,"iPhone14,3",Apple
725,00C50672-1F90-4255-A641-E2F37A605C8C,"iPhone14,4",Apple
726,00C51324-3031-4630-9449-4BDA46675143,"iPhone13,2",Apple
727,00c52643-2a55-4ff6-8508-497e58887777,SM-S911N,samsung
728,00C54F9E-7757-4A45-BCFF-4703391C266A,"iPhone13,1",Apple
729,00C5862B-55AA-4030-BF3A-38E4B5F526B7,"iPhone13,2",Apple
730,00C5897E-BA52-4A40-A681-FF99A7260ADB,"iPhone14,7",Apple
731,00c58bef-1de1-457c-8a16-f930b34a8ed9,SM-G996N,samsung
732,00C592C3-5018-447D-8F15-B6F6B0F518ED,"iPhone14,5",Apple
733,00c5b306-6778-4248-af02-63b6e6e22a67,SM-F711N,samsung
734,00C5BD4D-9BBB-46E1-B512-2B92CD24C4B7,"iPhone13,1",Apple
735,00C63149-9ED2-4418-99FA-160841884FBF,"iPhone12,1",Apple
736,00c706e4-da00-4440-9d31-b01bc19a8618,SM-N950N,samsung
737,00C727F4-5850-4E03-88D2-FB03D3396765,"iPhone14,7",Apple
738,00C74320-B3A2-4D09-B320-AE674A6D4A20,"iPhone13,3",Apple
739,00C75826-7545-4208-AF2D-F421135527D4,"iPhone13,1",Apple
740,00c80da4-8dac-473c-8eb5-07722e742217,SM-M336K,samsung
741,00C84863-A854-4D92-9291-5D72203EF27B,"iPhone10,6",Apple
742,00C85D1E-1DCD-426F-8A1E-280B64A22AC7,"iPhone13,1",Apple
743,00C86B6D-8751-4F7A-AC20-CC17C7F56365,"iPhone14,5",Apple
744,00C91FF7-BC91-4183-997B-49AE1842A3D7,"iPhone13,2",Apple
745,00C933C9-45FD-486B-B1D5-5A214D6CBB1A,"iPhone13,2",Apple
746,00C9380F-9BB3-43B8-B84F-2703227F27B9,"iPhone15,2",Apple
747,00c97807-aaa6-4327-b8b5-034b21a9e0c8,SM-A226L,samsung
748,00C9A268-2755-4098-A9B3-3AF342AD02AA,"iPhone12,1",Apple
749,00C9FEF3-6BD8-414D-8B92-0DCF03050260,"iPhone13,3",Apple
750,00CB9217-0A72-43D4-B0D5-28C546FF7E3B,"iPhone15,2",Apple
751,00CBA3AA-1EFB-4AB9-BFC7-666D67BDAF06,"iPhone15,2",Apple
752,00CBCB15-0898-4F02-AEE7-36C5D6D35EBD,"iPhone13,3",Apple
753,00CBFDA2-5856-4A92-A409-9945AC326C28,"iPhone14,2",Apple
754,00cc137a-9ba4-4b6d-8426-bd9eac02dd88,SM-A226L,samsung
755,00CC3DA7-390B-4C84-85F5-08AD2E00206D,"iPhone14,7",Apple
756,00cc946a-7402-4b25-84d4-3eb6767beb34,SM-G965N,samsung
757,00CCFC6F-8982-4FE4-92DC-104F9AE459EA,"iPhone15,2",Apple
758,00CD1083-5F4A-4E9F-998A-FF02089F1C11,"iPhone12,1",Apple
759,00CD82D4-63D3-479A-B8FE-B0039EC432A2,"iPhone14,5",Apple
760,00CD88D7-02E8-435F-B138-9A6B7DAC8733,"iPhone15,2",Apple
761,00cdb7e2-06cd-469a-9f1e-36c504a88523,SM-G991N,samsung
762,00CDF0AF-1EBA-4323-9F9D-38408BFA85B6,"iPhone12,8",Apple
763,00CE9353-9D7F-4C6D-A29C-23A234C4C574,"iPhone14,4",Apple
764,00cea1a5-cf2f-4573-8e2d-1a8cb1368220,SM-S901N,samsung
765,00CF2978-A41C-41AF-9DB4-BFC98E0771CD,"iPhone13,1",Apple
766,00CF2FE1-CC12-4D6B-A091-431B84E6D251,"iPhone12,1",Apple
767,00CF5D8F-E833-4FDE-A676-6EB801CB1D39,"iPhone14,7",Apple
768,00cf96c5-8f4e-4b8f-b8fa-b1e03b82cbfb,SM-F711N,samsung
769,00CFCC90-5010-4CEF-A88B-1964500BCE6A,"iPhone14,5",Apple
770,00cfcd4e-aaeb-4307-9276-1bd687f92e01,SM-N971N,samsung
771,00CFD2FD-CEF4-446C-B48A-28FA312ED459,"iPhone14,4",Apple
772,00D054BC-34E3-43FE-9881-085F92508500,"iPhone12,8",Apple
773,00D05B3E-D249-4ED4-97FC-E7B8D214DC84,"iPhone14,2",Apple
774,00D08196-3F83-447C-877E-40945F203D78,"iPhone14,5",Apple
775,00D09DDF-0194-4D69-B53E-6369EF27E2DA,"iPhone14,2",Apple
776,00D0E7C2-2059-480F-804B-E377D3CC1273,"iPhone14,6",Apple
777,00D120C9-A930-4C03-B6EE-39F3CA2C6D90,"iPhone14,6",Apple
778,00d138ce-724b-4b82-8b07-a0c3901fe733,SM-G991N,samsung
779,00d14746-8322-4a3c-b5f6-bfdb90077383,SM-A536N,samsung
780,00D157A2-3050-4F8D-BFA0-0FDE43759B58,"iPhone14,7",Apple
781,00D188B9-F9A9-451F-81E0-FEEB2FDA657E,"iPhone13,4",Apple
782,00D1A9B2-9E6E-41DC-9F7C-126FBFA4A087,"iPhone15,3",Apple
783,00D1FCFE-A9EC-409D-8870-E4A9AE1E22AB,"iPhone13,4",Apple
784,00D1FF1D-9E66-412D-BA46-9B1BA3F36934,"iPhone14,2",Apple
785,00D240F6-9C0E-41B2-934D-870C2B14DC15,"iPhone13,1",Apple
786,00D2A27C-1E18-415A-8AE4-8798C78C1E54,"iPhone14,4",Apple
787,00d3074e-fb57-4fd5-9bd1-e5c4e4dafa30,SM-A505N,samsung
788,00D3229C-8EB4-46E9-BC39-0D38654901E0,"iPhone12,1",Apple
789,00D36A63-4A11-4AA4-ABA7-BC4538DD7BFD,"iPhone14,5",Apple
790,00d3c101-346c-442f-919e-cced1bdb1620,SM-A315N,samsung
791,00D41408-5A02-4865-AF19-C8BD93F0785C,"iPhone13,1",Apple
792,00d43a1f-b6bd-4f77-aac8-c8d6569ae491,SM-A516N,samsung
793,00D4BE73-5DF0-4BF4-8150-CB58842CD1B3,"iPhone12,1",Apple
794,00D4E29C-69C2-49FC-8084-F061F810B2C2,"iPhone14,5",Apple
795,00D538B5-01C4-4A71-A95A-8C6865432B09,"iPhone14,5",Apple
796,00D547D9-8BF0-453D-AA4A-4629FB210793,"iPhone13,3",Apple
797,00D6B18F-C105-4B0B-9B7A-8B28EF995760,"iPhone13,2",Apple
798,00d6d948-1ba7-4bad-a1c7-21f0160da31c,SM-G950N,samsung
799,00D6EDAC-1A0F-4872-9F6F-E1E55F2131F6,"iPhone12,8",Apple
800,00D6F1AA-4C14-47EA-B5BE-EE99498F3797,"iPhone12,1",Apple
801,00d79632-2e3c-4f96-94da-96c786d2c8f9,SM-A325N,samsung
802,00D7E110-5A64-45BC-8F50-FF91FA9E0368,"iPhone14,7",Apple
803,00D7E148-BD1F-40E7-8501-17591027723C,"iPhone12,1",Apple
804,00d803f7-04ac-4c63-94ff-41ee5792a595,SM-A546S,samsung
805,00D84B80-E11B-4451-9F28-DF896B808D40,"iPhone11,8",Apple
806,00D860E7-0E5C-452C-B504-457CE8EA768A,"iPhone13,2",Apple
807,00D864BA-11C3-4B5B-9BCC-16839AFCB83B,"iPhone14,2",Apple
808,00D90A4D-E6F9-453C-B787-4A56D147D4ED,"iPhone13,1",Apple
809,00d92a27-2781-4e36-9b3b-b7f3888833e8,SM-F721N,samsung
810,00d93fa3-dd4a-452c-b316-d8d17228f949,SM-A516N,samsung
811,00D95137-F627-428C-9C30-99894D9C9770,"iPhone14,7",Apple
812,00D981AF-8171-481B-A3C6-3A2C04B2A61A,"iPhone15,2",Apple
813,00d99e34-d569-4352-9336-06b527ca141f,SM-N960N,samsung
814,00D9A1E9-9415-4BFD-83C2-4DF1EDF1380A,"iPhone13,1",Apple
815,00D9BE59-7378-4A93-92F2-D34217B7A1EA,"iPhone14,4",Apple
816,00D9BFE6-6084-461F-B515-2EE531FF9319,"iPhone13,3",Apple
817,00da02ea-9146-4585-945e-b6568beff6cd,SM-G781N,samsung
818,00DA0FC0-5D21-4C72-9EEE-ACA0506D1C85,"iPhone13,1",Apple
819,00da6887-a17d-48fe-b4ca-ad41327ba24c,SM-N986N,samsung
820,00DA6B1D-7D97-470E-BF08-5877A77127B9,"iPhone13,1",Apple
821,00DA6C45-0C2A-4A54-891E-7421C3E2CC11,"iPhone13,4",Apple
822,00DA71D7-AF59-44F2-9683-2644F2D71D20,"iPhone13,1",Apple
823,00dac19f-0e86-4c43-9cae-e3b8078ca274,SM-A326K,samsung
824,00dafa54-d7c2-4764-bc93-5a465cc3a549,SM-G970N,samsung
825,00db7e76-1e4d-436b-9188-efb48f4992e8,SM-N960N,samsung
826,00DB9AC6-D754-464B-83D9-F5414E7FD551,"iPhone14,2",Apple
827,00DB9F29-2E15-4931-B907-509645F856AF,"iPhone13,4",Apple
828,00db9f3b-b6df-4568-b15c-31f360a5c2c9,SM-A315N,samsung
829,00dc4e71-8b96-4211-9885-898bf1c3e2f1,SM-N971N,samsung
830,00DCF100-D29F-409A-AFED-8E668899ED59,"iPhone15,2",Apple
831,00dd1452-3e95-41be-997e-f50223765e6f,SM-F711N,samsung
832,00dd32f3-aff3-4fea-a675-869a4839bc73,SM-G887N,samsung
833,00dd4508-846f-4218-917e-da308fcb9da0,SM-G991N,samsung
834,00DE0DA1-B94A-490D-BBBD-DE13B51DE0EA,"iPhone14,5",Apple
835,00de1c25-48b1-469f-a172-2633ce6d6f91,SM-A315N,samsung
836,00DE2302-AB74-4582-B3CC-2C2CCC6AFED2,"iPhone14,2",Apple
837,00de3fb9-1f32-4b2e-b4dd-88fbcccb827e,SM-F721N,samsung
838,00dec7de-ae60-4fdb-a24c-300efb8c141b,SM-S906N,samsung
839,00DECAE6-E736-4702-85B3-7CD370CA7083,"iPhone14,2",Apple
840,00DEDD3F-A389-438F-B955-55C662FF1E13,"iPhone12,8",Apple
841,00DF1382-61F5-46C8-BD6D-676D7DE88F49,"iPhone14,4",Apple
842,00DF8ADB-0C4F-4A1A-A307-DC16379D12F0,"iPhone14,4",Apple
843,00DFA8DC-F15C-4D98-8014-443AEFB272C6,"iPhone10,5",Apple
844,00DFCF6E-4CE3-484D-B1CB-0032A9414547,"iPhone12,8",Apple
845,00dff061-218c-4809-a32f-08d89738068e,SM-G991N,samsung
846,00E0187A-08CB-4163-9911-2B9CD3AC30A5,"iPhone14,5",Apple
847,00E05084-8506-4D62-9F37-05BDCC2AFE98,"iPhone14,7",Apple
848,00e0dbca-431a-4951-82cd-7871a9c33f47,SM-G986N,samsung
849,00e0faa5-187d-4d41-ab63-37f023b9d4ce,SM-A536N,samsung
850,00e1ae16-bb8d-486a-bf1c-bc4707380255,SM-A528N,samsung
851,00E22B3C-08AA-4E5E-B7FB-6F80E5A4FDE5,"iPhone14,4",Apple
852,00E25A65-8D53-483B-BACD-F4846673903A,"iPhone13,1",Apple
853,00e373f9-1d58-4c28-84f0-65b9a3934017,SM-N981N,samsung
854,00e37a5b-ed1d-484f-9366-da2a5bc853d5,SM-A226L,samsung
855,00E3869E-1BA4-46BA-87C3-845B6A2702CC,"iPhone13,3",Apple
856,00E3E032-C6AB-493B-A433-F4BFD6A965C0,"iPhone14,4",Apple
857,00E40C21-A330-4BF2-8A0E-10B0DF59B978,"iPhone14,5",Apple
858,00e4191d-4cad-4720-a8fb-9d90475630ad,SM-S901N,samsung
859,00e43564-3f10-4fc0-8714-a13b736a7e81,SM-G991N,samsung
860,00e436cb-5dde-4abe-972d-be98322fc52e,SM-G981N,samsung
861,00e446d3-1a35-4fb7-8c4f-aa541d0d1da8,SM-A226L,samsung
862,00E452B7-A77B-4736-8CB1-84BB01B0E9E1,"iPhone15,3",Apple
863,00E481DB-9CFF-4B24-AA46-503869FF114C,"iPhone12,5",Apple
864,00e4c9de-5d77-436b-9eb6-2bc5e46cbb34,SM-N950N,samsung
865,00E4DE83-377C-4DB6-AF8C-3D80B99A8F4C,"iPhone11,2",Apple
866,00E50CA2-C3E4-4A96-AE3F-1519439C87B0,"iPad13,16",Apple
867,00E51833-46F1-4EB8-95B1-4E08D6F709C1,"iPhone14,5",Apple
868,00e53dea-02c8-451e-b599-a7823189fff0,SM-A528N,samsung
869,00e555a5-6578-43fb-9104-8508ccc98d32,SM-N971N,samsung
870,00E5BE3A-5203-40F4-A664-C649BCE8CB78,"iPhone11,8",Apple
871,00E602C2-34CA-45EF-81B8-C9EF0B5567A0,"iPhone14,7",Apple
872,00E6629E-BC88-4AE4-8319-75222416C4AA,"iPhone15,2",Apple
873,00E66541-2656-4BD9-829D-48E7588DA39C,"iPhone14,4",Apple
874,00E71D42-85BB-4E2B-B3F5-102D734FE7D3,"iPhone15,2",Apple
875,00e78966-f6a2-455d-bb5d-e6fc9f6c6024,SM-A826S,samsung
876,00e7b94b-c4b9-43da-814e-34b2a187ebcd,SM-G973N,samsung
877,00E7C0DC-D571-4C9E-9972-D8EB105F1A8B,"iPad13,8",Apple
878,00e7f1c0-a332-4ed7-a98a-70b13fa38991,SM-G988N,samsung
879,00e8488d-b11b-4419-b478-114bcaf5378d,SM-G970N,samsung
880,00E85B82-7006-43B0-BFA9-5AA47C74D1BF,"iPhone13,2",Apple
881,00e8734f-16bf-4b90-9335-0e73dcb94cf3,SM-A536N,samsung
882,00e8e3ef-e332-4f95-944b-58f3932dec7e,SM-F711N,samsung
883,00E916A6-3535-40BD-979F-E43B556FBF69,"iPhone15,3",Apple
884,00e91b13-b8b8-4fe4-805f-53d3ca0e1529,SM-G977N,samsung
885,00E9614E-45C0-42F9-BEED-B8BC44D1BA8C,"iPhone14,7",Apple
886,00E97181-89CA-4545-A44D-58850396349A,"iPhone13,1",Apple
887,00e98423-0c45-4d9e-bbd8-65ade8cca64d,SM-F711N,samsung
888,00ea45d9-ccf2-4c16-b6f8-799ac0ed91d2,SM-A235N,samsung
889,00EA8D9A-FFFF-42D5-9910-95DBF93C7532,"iPhone13,1",Apple
890,00EAA459-30BF-45F4-893A-E6DAAFF7E41E,"iPhone14,5",Apple
891,00eae115-822b-4ffd-82a3-e3c1328143e2,SM-A716S,samsung
892,00EB2C08-9F8D-4C4E-AE00-9FBA76349F32,"iPhone14,7",Apple
893,00EB3F64-2DA8-4040-B74B-01428A6A7AFF,"iPhone13,1",Apple
894,00EB579D-B20F-496E-A942-A843FB000734,"iPhone13,1",Apple
895,00EB75A0-70D4-4632-BAA6-45F51A459371,"iPhone14,5",Apple
896,00eb8c70-799e-4d2a-891c-5e458553a40b,SM-N950N,samsung
897,00ebfb11-0b49-49ae-b968-b4d8c011736d,SM-M536S,samsung
898,00EC010E-7E0F-4505-AD48-ABEEE0781FB1,"iPhone14,5",Apple
899,00ec39e5-2bce-4052-9665-5d8ffbf575d6,SM-F721N,samsung
900,00EC3C97-C457-4BC3-B78B-197FA23D8BCC,"iPhone14,7",Apple
901,00EC3DF0-A641-46D6-B901-2C4A9DF57E10,"iPhone12,8",Apple
902,00ec766c-3432-4fe6-98f7-f72cfa7d94ad,LM-G900N,LGE
903,00ED2D34-76EF-4C4E-B4B7-5CB74A77AC97,"iPhone14,4",Apple
904,00ED67B1-B98C-4928-A6B9-10E26B521AFD,"iPhone12,1",Apple
905,00EDD7BC-DA21-4DEE-880B-746188C62B7D,"iPhone14,2",Apple
906,00EDDCCE-5985-480A-9FDA-C2E0B7A4DAE6,"iPhone14,7",Apple
907,00edf755-6ce7-49bb-bbf0-78eb22e73057,SM-M536S,samsung
908,00EE71F0-D292-464C-B951-EF645C91450A,"iPhone14,5",Apple
909,00ee87ea-86ed-4a96-8d17-f9a0e20b9e1b,SM-G781N,samsung
910,00ee8f53-c556-4fce-bd49-51e733c2170f,SM-G991N,samsung
911,00EE930D-E42D-40DC-9DDE-DC08C619F780,"iPhone14,5",Apple
912,00EE9D54-709F-4312-B687-CC136DF5B166,"iPhone12,1",Apple
913,00EEECCB-BF6F-4733-A264-ACA95B7929BA,"iPhone13,1",Apple
914,00EF2897-D965-4638-A916-37DC07FFBAD0,"iPhone14,7",Apple
915,00EF8780-9767-49EA-8751-5A12B2740A35,"iPhone12,8",Apple
916,00efcaaa-3eef-4d47-8b20-feb90b651e30,SM-A528N,samsung
917,00efe2a2-57bf-47e8-a771-42451dd9f375,SM-G991N,samsung
918,00F0A382-547B-4353-8C2B-8ED4E39B4BBD,"iPhone14,5",Apple
919,00F0F017-65E7-4630-9BA2-91FC6139B448,"iPhone13,3",Apple
920,00f157a1-c727-419b-bbdd-d3ad6b8b9d60,SM-S916N,samsung
921,00f1ab18-a014-405a-b17e-36d2bce34fb1,SM-X900,samsung
922,00f1afd7-e365-479e-b88b-638077599024,SM-G991N,samsung
923,00F1DF50-6CB7-4A7C-8E52-DE14C237A208,"iPhone9,3",Apple
924,00f1fcde-b6e7-43f0-b180-99daebb97d26,SM-M336K,samsung
925,00f25e13-5001-41dc-bd09-bb78ed0c85fa,SM-G781N,samsung
926,00F2BA0B-5E76-4B4B-A8DD-2D9B8BF897D8,"iPhone13,3",Apple
927,00f2dceb-ea3d-4a9b-b3c0-7cb2c025c1d0,SM-S901N,samsung
928,00f2ea8f-d7db-40f4-b33d-f0b0698607cb,SM-F711N,samsung
929,00F2EE3F-F297-46E5-BF8D-E9E164DD76C9,"iPhone12,8",Apple
930,00F3099F-44B4-4FC3-BBB5-FA520E385421,"iPhone14,5",Apple
931,00F30C35-F466-4614-98E0-04EC120C73F6,"iPhone12,8",Apple
932,00F3BA6A-381B-4129-99C3-C9969B403533,"iPhone14,2",Apple
933,00F3E899-82FE-418B-ACB4-9FB35C1C4E2D,"iPhone15,2",Apple
934,00F4056F-C7D5-4251-9D38-ECFBDC121DF3,"iPhone14,8",Apple
935,00F43E22-1BF4-4748-B380-BE826F5ABC24,"iPhone14,2",Apple
936,00f4b46b-fad1-4818-8855-b764bfaeab54,SM-G991N,samsung
937,00F50E87-4226-44D4-A20F-8D126274EAF8,"iPhone14,4",Apple
938,00F51AFF-7F10-4E45-A6DC-5B86D8E460A0,"iPhone14,4",Apple
939,00f58fd6-ebf9-445d-84c7-6428b801980e,SM-G991N,samsung
940,00F5A4B9-A256-4F5F-9B6E-7427C8515526,"iPhone14,5",Apple
941,00F5BCC1-3F93-4521-9D87-6622A9016CEA,"iPhone14,7",Apple
942,00F5BCF3-7984-48F9-B6CE-740802498A4B,"iPhone14,5",Apple
943,00f60cd9-5d58-4735-af44-394d73cda68f,SM-G991N,samsung
944,00f6f723-8020-462e-b377-4f0573828476,SM-S901N,samsung
945,00F7287B-758E-4105-BE57-964F82EA3386,"iPhone13,1",Apple
946,00F76AFC-BFD5-468D-A982-501B41873BDA,"iPhone12,1",Apple
947,00F7FF43-79C4-448B-B9FB-0923EFC57D89,"iPhone14,5",Apple
948,00F833A6-F144-42BC-9DB8-D939A2F1173E,"iPhone14,4",Apple
949,00F8611E-3F46-4ECB-90D4-EBAD147FF520,"iPhone14,4",Apple
950,00F8E32A-D725-401B-86FE-115E2B76FFF1,"iPhone14,3",Apple
951,00F93950-DA39-4EBD-BC2D-04EFE97CA809,"iPhone13,2",Apple
952,00F95EA1-FAC8-4A80-8209-BA4F20CBDBFC,"iPhone13,2",Apple
953,00FA3BB3-823F-41E8-BC5F-132223FD3683,"iPhone13,1",Apple
954,00FA75BE-CFF3-406C-8FE4-68EF0FC69D41,"iPhone14,5",Apple
955,00FA79E6-98D8-48B4-8E66-DD767F880E95,"iPhone13,1",Apple
956,00FA9C88-5A4F-42AA-A2B1-402CFB8D6025,"iPhone14,2",Apple
957,00FAC2CD-6E02-409F-BD77-C36F383534F4,"iPhone13,1",Apple
958,00FAC302-DF87-499E-A6E1-E5AB9BAD4C00,"iPhone11,2",Apple
959,00fb9297-17a7-49e0-b2a5-f5b34d9e2b74,SM-G996N,samsung
960,00FB9978-A45C-44E2-B422-538CEBC91433,"iPhone14,5",Apple
961,00fbdb5e-0c17-4b81-9529-4a8efccbc27a,SM-G991N,samsung
962,00fc2a22-435a-4d5c-9ad3-aa40e9af5830,SM-N981N,samsung
963,00FC6B34-C67D-434B-84FF-DAA1E3B600FE,"iPhone13,1",Apple
964,00FCFC23-35C4-4DFA-9949-C8387314B353,"iPhone11,2",Apple
965,00fd1245-81e1-47c1-ae71-31e1c8cc611a,SM-A826S,samsung
966,00fd2f6a-7bb2-490d-b9a2-e499939bb748,LM-G710N,LGE
967,00FDC144-4690-483A-BA0E-1C4A678D8FD6,"iPhone13,1",Apple
968,00FDF17F-A962-45CE-99D2-6D7E29AD0388,"iPhone13,1",Apple
969,00FF561F-479F-4FDB-8C67-FEF2BD74AE98,"iPhone12,1",Apple
970,00ff9135-2282-471c-a308-b22543aee287,SM-M536S,samsung
971,00FF9F99-6ECF-47FE-8B7B-C4E3D7CCD00F,"iPad8,7",Apple
972,00FFFF83-B2B3-4471-B057-D67E30D01A67,"iPhone14,2",Apple
973,010003E4-45E3-42FF-9B92-967E9E8E2219,"iPhone14,5",Apple
974,01001E2C-BB18-43C5-9B84-5049571F252D,"iPhone12,8",Apple
975,01002605-8346-4B5E-A744-A7D0A2515B05,"iPhone13,3",Apple
976,01005A64-A147-41DB-A373-2F228BC08E8E,"iPhone12,8",Apple
977,010076DB-4BBC-4014-9752-B450B94D7D67,"iPhone14,5",Apple
978,01007701-2435-4933-80AD-2DF9AA2169F1,"iPhone13,1",Apple
979,01007878-a3c0-4a52-b279-877797a9ca94,SM-S901N,samsung
980,0100FD05-DFB5-404F-9F31-142404F28245,"iPhone14,5",Apple
981,010121c3-df60-4000-a1bf-a5b3416afbbe,SM-N981N,samsung
982,01013A8A-4F23-40A4-966C-44EAA65715DA,"iPhone12,8",Apple
983,010158c7-1bb4-452a-aa24-9af9b326fa23,SM-S916N,samsung
984,01016D39-00DA-4D13-91D1-11C22B91C1F0,"iPhone15,2",Apple
985,010170a0-c945-4357-9f15-7ad48ea538c7,SM-A528N,samsung
986,01018044-f8e7-40f5-a682-bdf055b91a94,SM-E426S,samsung
987,0101cd82-abe6-4fd1-b0c0-a55825dec3a1,SM-M536S,samsung
988,0101D1D0-05CA-4FCD-AFDA-4896CA5BA104,"iPad13,1",Apple
989,0101e8bf-17eb-4b8a-a620-4698043e4eb8,LM-G900N,LGE
990,0102798D-B203-49E5-A8EC-747E39A13388,"iPhone11,2",Apple
991,010286C4-A7B5-4363-B224-1086497918BA,"iPhone14,4",Apple
992,0102A552-CD9F-407F-960B-A1D5CF46124D,"iPhone14,7",Apple
993,0102EC0F-D589-47BA-B555-38AFB1647134,"iPhone14,5",Apple
994,0102ffb5-1d4a-495f-9628-507f8965157e,SM-A336N,samsung
995,01030ec6-5c07-422a-af2e-048176235d92,SM-A826S,samsung
996,01031838-EBF0-4509-97EB-BA575E586CFD,"iPhone12,5",Apple
997,01039900-1de1-49dc-9317-0f81964062ae,SM-A235N,samsung
998,0104079d-82b8-49ea-ad2b-24b95d767088,SM-A235N,samsung
999,01042f27-58b5-4117-adbd-31ded1144cd0,SM-G977N,samsung
1000,01050DF5-C5F8-4641-A9A2-C1743134BDCA,"iPhone13,1",Apple
