id,reason,created_at,question_id,user_id
1,"이 질문은 재미없어요","2023-04-19 06:20:35",250,837556
2,"이 질문은 재미없어요","2023-04-19 06:58:09",113,837672
3,"불쾌한 내용이 포함되어 있음","2023-04-19 06:58:17",113,837672
4,"어떻게 이런 생각을? 이 질문 최고!","2023-04-19 08:12:42",119,837922
5,"어떻게 이런 생각을? 이 질문 최고!","2023-04-19 08:12:50",119,837922
6,"어떻게 이런 생각을? 이 질문 최고!","2023-04-19 08:12:54",119,837922
7,"어떻게 이런 생각을? 이 질문 최고!","2023-04-19 09:00:35",283,837737
8,"어떻게 이런 생각을? 이 질문 최고!","2023-04-19 09:35:34",194,837697
9,기타,"2023-04-19 10:36:41",112,838119
10,기타,"2023-04-19 12:37:02",218,837565
11,"이 질문은 재미없어요","2023-04-19 12:54:31",130,837597
12,기타,"2023-04-19 13:05:34",110,838033
13,기타,"2023-04-19 13:05:39",110,838033
14,"선정적이거나 자극적인 질문","2023-04-19 13:29:13",178,837954
15,기타,"2023-04-19 13:35:49",158,838301
16,"어떻게 이런 생각을? 이 질문 최고!","2023-04-19 13:40:23",158,838301
17,"어떻게 이런 생각을? 이 질문 최고!","2023-04-19 13:49:31",262,838041
18,"이 질문은 재미없어요","2023-04-19 14:03:47",249,837598
19,"어떻게 이런 생각을? 이 질문 최고!","2023-04-19 15:01:15",209,838343
20,"어떻게 이런 생각을? 이 질문 최고!","2023-04-19 15:04:41",101,837950
21,"어떻게 이런 생각을? 이 질문 최고!","2023-04-19 15:09:19",101,837950
22,"어떻게 이런 생각을? 이 질문 최고!","2023-04-19 16:12:56",159,837922
23,"어떻게 이런 생각을? 이 질문 최고!","2023-04-19 16:13:09",159,837922
24,"어떻게 이런 생각을? 이 질문 최고!","2023-04-19 17:02:13",271,838541
25,"어떻게 이런 생각을? 이 질문 최고!","2023-04-19 17:12:17",132,837744
26,"이 질문은 재미없어요","2023-04-19 22:41:11",270,837598
27,"어떻게 이런 생각을? 이 질문 최고!","2023-04-19 23:25:21",228,838528
28,"불쾌한 내용이 포함되어 있음","2023-04-20 00:48:54",111,838342
29,기타,"2023-04-20 02:29:10",302,838514
30,"어떻게 이런 생각을? 이 질문 최고!","2023-04-20 03:48:41",275,837603
31,"어떻게 이런 생각을? 이 질문 최고!","2023-04-20 04:28:45",234,838780
32,기타,"2023-04-20 05:16:08",207,838630
33,"어떻게 이런 생각을? 이 질문 최고!","2023-04-20 05:26:41",177,838496
34,"어떻게 이런 생각을? 이 질문 최고!","2023-04-20 06:27:26",276,838793
35,기타,"2023-04-20 06:37:24",309,837682
36,"이 질문은 재미없어요","2023-04-20 07:41:43",122,838612
37,"어떻게 이런 생각을? 이 질문 최고!","2023-04-20 07:41:45",122,838612
38,기타,"2023-04-20 09:06:05",259,837672
39,"어떻게 이런 생각을? 이 질문 최고!","2023-04-20 09:06:50",245,838516
40,"이 질문은 재미없어요","2023-04-20 09:16:22",111,837797
42,"어떻게 이런 생각을? 이 질문 최고!","2023-04-20 09:39:12",163,837703
43,"불쾌한 내용이 포함되어 있음","2023-04-20 10:47:43",111,838743
44,"어떻게 이런 생각을? 이 질문 최고!","2023-04-20 11:45:39",319,838470
45,"어떻게 이런 생각을? 이 질문 최고!","2023-04-20 12:00:45",197,838496
46,"어떻게 이런 생각을? 이 질문 최고!","2023-04-20 12:00:49",235,838496
47,"어떻게 이런 생각을? 이 질문 최고!","2023-04-20 12:31:11",163,838168
48,기타,"2023-04-20 12:41:11",135,837757
49,"어떻게 이런 생각을? 이 질문 최고!","2023-04-20 12:56:16",314,838290
50,"어떻게 이런 생각을? 이 질문 최고!","2023-04-20 13:29:12",103,837615
51,"불쾌한 내용이 포함되어 있음","2023-04-20 13:31:26",116,837925
52,"어떻게 이런 생각을? 이 질문 최고!","2023-04-20 13:36:26",120,839000
53,"어떻게 이런 생각을? 이 질문 최고!","2023-04-20 13:36:30",317,839000
54,"어떻게 이런 생각을? 이 질문 최고!","2023-04-20 13:36:31",317,839000
55,"이 질문은 재미없어요","2023-04-20 13:39:23",256,838853
56,"어떻게 이런 생각을? 이 질문 최고!","2023-04-20 13:44:08",126,837694
57,"어떻게 이런 생각을? 이 질문 최고!","2023-04-20 13:44:14",141,837694
58,"어떻게 이런 생각을? 이 질문 최고!","2023-04-20 13:44:37",190,837694
59,"오타가 있음","2023-04-20 14:05:00",154,837764
60,"어떻게 이런 생각을? 이 질문 최고!","2023-04-20 14:07:04",237,837640
61,"어떻게 이런 생각을? 이 질문 최고!","2023-04-20 14:24:39",290,839152
62,"어떻게 이런 생각을? 이 질문 최고!","2023-04-20 14:25:10",290,839152
63,"어떻게 이런 생각을? 이 질문 최고!","2023-04-20 14:45:43",197,839016
64,"어떻게 이런 생각을? 이 질문 최고!","2023-04-20 15:13:18",129,838213
65,"어떻게 이런 생각을? 이 질문 최고!","2023-04-20 15:13:24",129,838213
66,기타,"2023-04-20 15:13:28",129,838213
67,"어떻게 이런 생각을? 이 질문 최고!","2023-04-20 15:27:14",197,839369
68,기타,"2023-04-20 15:31:58",281,838959
69,"불쾌한 내용이 포함되어 있음","2023-04-20 16:23:14",211,838178
70,"어떻게 이런 생각을? 이 질문 최고!","2023-04-20 16:27:50",311,839358
71,기타,"2023-04-20 16:41:14",319,838470
72,기타,"2023-04-20 16:43:52",147,839319
73,"어떻게 이런 생각을? 이 질문 최고!","2023-04-20 16:44:37",197,839319
74,"어떻게 이런 생각을? 이 질문 최고!","2023-04-20 17:18:46",181,839393
75,"오타가 있음","2023-04-20 22:09:46",295,837764
76,"어떻게 이런 생각을? 이 질문 최고!","2023-04-20 22:28:45",137,839369
77,"어떻게 이런 생각을? 이 질문 최고!","2023-04-20 22:29:53",107,839369
78,"어떻게 이런 생각을? 이 질문 최고!","2023-04-20 22:40:46",107,839369
80,"어떻게 이런 생각을? 이 질문 최고!","2023-04-20 23:35:32",266,839624
81,"불쾌한 내용이 포함되어 있음","2023-04-21 00:14:54",111,839245
82,기타,"2023-04-21 00:14:58",111,839245
83,"불쾌한 내용이 포함되어 있음","2023-04-21 00:16:18",274,839152
84,"어떻게 이런 생각을? 이 질문 최고!","2023-04-21 00:24:51",145,839369
85,"어떻게 이런 생각을? 이 질문 최고!","2023-04-21 00:24:55",226,839369
86,"어떻게 이런 생각을? 이 질문 최고!","2023-04-21 00:24:59",115,839369
87,기타,"2023-04-21 01:45:12",275,839393
88,"어떻게 이런 생각을? 이 질문 최고!","2023-04-21 02:02:00",181,838304
89,"오타가 있음","2023-04-21 02:33:27",243,837764
90,"어떻게 이런 생각을? 이 질문 최고!","2023-04-21 02:33:31",148,837764
91,"오타가 있음","2023-04-21 02:33:34",148,837764
92,"오타가 있음","2023-04-21 02:33:38",273,837764
93,"어떻게 이런 생각을? 이 질문 최고!","2023-04-21 02:45:15",101,839253
95,기타,"2023-04-21 03:16:20",174,839246
96,기타,"2023-04-21 03:18:48",141,839356
97,"어떻게 이런 생각을? 이 질문 최고!","2023-04-21 03:21:56",188,839451
98,"어떻게 이런 생각을? 이 질문 최고!","2023-04-21 05:09:20",156,838803
99,기타,"2023-04-21 05:58:23",154,839056
100,"어떻게 이런 생각을? 이 질문 최고!","2023-04-21 06:29:59",140,838932
101,"오타가 있음","2023-04-21 06:40:06",259,837764
102,"오타가 있음","2023-04-21 06:41:27",301,838803
104,"이 질문은 재미없어요","2023-04-21 08:00:38",225,839600
105,기타,"2023-04-21 08:06:12",290,839668
106,"어떻게 이런 생각을? 이 질문 최고!","2023-04-21 08:20:37",146,838939
107,"이 질문은 재미없어요","2023-04-21 09:04:32",227,839056
108,"이 질문은 재미없어요","2023-04-21 09:06:16",271,839056
109,"이 질문은 재미없어요","2023-04-21 09:06:32",227,839056
110,"이 질문은 재미없어요","2023-04-21 09:07:09",206,839056
111,"이 질문은 재미없어요","2023-04-21 09:10:47",246,839056
112,"이 질문은 재미없어요","2023-04-21 09:11:03",256,839056
113,"어떻게 이런 생각을? 이 질문 최고!","2023-04-21 09:45:47",265,837654
114,"이 질문은 재미없어요","2023-04-21 10:06:00",108,838995
115,"어떻게 이런 생각을? 이 질문 최고!","2023-04-21 10:15:32",265,838120
116,"이 질문은 재미없어요","2023-04-21 10:17:26",271,839056
117,기타,"2023-04-21 11:16:53",108,839276
118,"이 질문은 재미없어요","2023-04-21 11:34:41",296,839600
119,기타,"2023-04-21 12:05:34",225,839732
120,"어떻게 이런 생각을? 이 질문 최고!","2023-04-21 12:06:32",239,839369
121,"어떻게 이런 생각을? 이 질문 최고!","2023-04-21 12:29:49",162,839287
122,"어떻게 이런 생각을? 이 질문 최고!","2023-04-21 12:35:41",105,839319
123,"어떻게 이런 생각을? 이 질문 최고!","2023-04-21 12:38:19",166,839870
124,기타,"2023-04-21 13:05:08",107,839369
125,"어떻게 이런 생각을? 이 질문 최고!","2023-04-21 13:05:13",107,839369
128,"이 질문은 재미없어요","2023-04-21 13:21:19",254,839807
129,기타,"2023-04-21 13:34:25",143,839867
130,"어떻게 이런 생각을? 이 질문 최고!","2023-04-21 13:56:30",187,839640
131,기타,"2023-04-21 14:07:46",278,839378
132,"오타가 있음","2023-04-21 14:08:09",132,839251
133,"어떻게 이런 생각을? 이 질문 최고!","2023-04-21 14:08:19",132,839251
134,"오타가 있음","2023-04-21 14:15:48",121,837764
135,"오타가 있음","2023-04-21 14:16:48",209,837764
136,"오타가 있음","2023-04-21 14:17:33",193,837764
137,기타,"2023-04-21 15:15:23",189,840523
139,기타,"2023-04-21 15:18:59",199,838538
140,"어떻게 이런 생각을? 이 질문 최고!","2023-04-21 15:20:39",115,839099
141,"이 질문은 재미없어요","2023-04-21 15:26:13",142,838961
142,"이 질문은 재미없어요","2023-04-21 15:26:45",191,838961
143,"어떻게 이런 생각을? 이 질문 최고!","2023-04-21 15:50:24",268,838596
144,"어떻게 이런 생각을? 이 질문 최고!","2023-04-21 15:51:54",148,839916
145,"어떻게 이런 생각을? 이 질문 최고!","2023-04-21 15:56:22",129,840511
146,"이 질문은 재미없어요","2023-04-21 16:38:32",191,839600
147,"이 질문은 재미없어요","2023-04-21 16:39:11",147,839600
148,"이 질문은 재미없어요","2023-04-21 16:39:41",278,839600
149,"이 질문은 재미없어요","2023-04-21 16:41:36",118,839600
150,"이 질문은 재미없어요","2023-04-21 16:44:01",178,839600
151,"이 질문은 재미없어요","2023-04-21 16:44:22",256,839600
152,"어떻게 이런 생각을? 이 질문 최고!","2023-04-21 16:53:22",221,840696
153,"어떻게 이런 생각을? 이 질문 최고!","2023-04-21 16:53:31",319,840696
154,"이 질문은 재미없어요","2023-04-21 16:57:14",220,839106
155,"어떻게 이런 생각을? 이 질문 최고!","2023-04-21 16:57:18",220,839106
156,"어떻게 이런 생각을? 이 질문 최고!","2023-04-21 16:57:19",220,839106
157,"어떻게 이런 생각을? 이 질문 최고!","2023-04-21 16:57:21",220,839106
158,"어떻게 이런 생각을? 이 질문 최고!","2023-04-21 17:09:20",217,840426
159,"어떻게 이런 생각을? 이 질문 최고!","2023-04-21 17:10:52",239,839330
160,"어떻게 이런 생각을? 이 질문 최고!","2023-04-21 17:43:19",251,840119
161,기타,"2023-04-21 17:54:20",251,840119
162,"어떻게 이런 생각을? 이 질문 최고!","2023-04-22 00:12:30",196,840515
163,"어떻게 이런 생각을? 이 질문 최고!","2023-04-22 00:54:38",307,840790
164,"어떻게 이런 생각을? 이 질문 최고!","2023-04-22 01:20:35",245,840557
165,기타,"2023-04-22 01:40:33",228,840357
166,"어떻게 이런 생각을? 이 질문 최고!","2023-04-22 01:40:36",228,840357
168,기타,"2023-04-22 01:57:52",161,838305
169,"어떻게 이런 생각을? 이 질문 최고!","2023-04-22 02:28:17",215,838130
170,"오타가 있음","2023-04-22 02:54:42",279,837764
171,기타,"2023-04-22 03:00:35",237,839217
172,"불쾌한 내용이 포함되어 있음","2023-04-22 03:46:08",111,838146
173,"이 질문은 재미없어요","2023-04-22 03:46:11",111,838146
174,"어떻게 이런 생각을? 이 질문 최고!","2023-04-22 03:59:07",233,838121
175,"어떻게 이런 생각을? 이 질문 최고!","2023-04-22 04:08:09",309,839993
177,"어떻게 이런 생각을? 이 질문 최고!","2023-04-22 04:39:42",109,840731
178,"어떻게 이런 생각을? 이 질문 최고!","2023-04-22 04:41:38",126,839369
179,"이 질문은 재미없어요","2023-04-22 04:44:45",144,839056
180,"어떻게 이런 생각을? 이 질문 최고!","2023-04-22 05:05:40",313,839248
181,기타,"2023-04-22 05:13:40",268,839640
182,"이 질문은 재미없어요","2023-04-22 05:15:11",306,839600
183,"어떻게 이런 생각을? 이 질문 최고!","2023-04-22 05:35:25",262,838582
184,기타,"2023-04-22 05:36:07",187,839386
185,"어떻게 이런 생각을? 이 질문 최고!","2023-04-22 05:58:58",175,840928
186,"어떻게 이런 생각을? 이 질문 최고!","2023-04-22 06:01:20",125,840181
187,"어떻게 이런 생각을? 이 질문 최고!","2023-04-22 06:36:02",153,839640
188,"어떻게 이런 생각을? 이 질문 최고!","2023-04-22 06:36:05",153,839640
189,"어떻게 이런 생각을? 이 질문 최고!","2023-04-22 07:10:42",192,839858
190,"이 질문은 재미없어요","2023-04-22 07:13:53",144,841200
191,"이 질문은 재미없어요","2023-04-22 07:24:23",144,839056
192,"어떻게 이런 생각을? 이 질문 최고!","2023-04-22 07:26:18",304,840517
193,"어떻게 이런 생각을? 이 질문 최고!","2023-04-22 07:30:56",235,841181
194,"어떻게 이런 생각을? 이 질문 최고!","2023-04-22 07:31:52",248,837756
195,"어떻게 이런 생각을? 이 질문 최고!","2023-04-22 07:32:00",248,837756
196,기타,"2023-04-22 07:38:34",162,838582
197,"어떻게 이런 생각을? 이 질문 최고!","2023-04-22 07:47:16",221,839642
198,"어떻게 이런 생각을? 이 질문 최고!","2023-04-22 08:10:38",280,841146
199,"이 질문은 재미없어요","2023-04-22 08:44:47",152,841081
200,"어떻게 이런 생각을? 이 질문 최고!","2023-04-22 09:04:39",186,840330
201,"어떻게 이런 생각을? 이 질문 최고!","2023-04-22 09:14:23",323,839999
202,"오타가 있음","2023-04-22 09:16:09",214,840842
203,"어떻게 이런 생각을? 이 질문 최고!","2023-04-22 09:36:23",212,839644
204,"어떻게 이런 생각을? 이 질문 최고!","2023-04-22 10:19:51",296,841174
205,기타,"2023-04-22 10:37:17",141,840515
206,"어떻게 이런 생각을? 이 질문 최고!","2023-04-22 10:50:24",168,838582
207,기타,"2023-04-22 11:05:08",124,840657
208,기타,"2023-04-22 11:08:10",221,840657
209,"어떻게 이런 생각을? 이 질문 최고!","2023-04-22 11:08:20",293,841081
213,"어떻게 이런 생각을? 이 질문 최고!","2023-04-22 11:31:08",158,839369
214,"이 질문은 재미없어요","2023-04-22 11:55:13",300,840511
215,"어떻게 이런 생각을? 이 질문 최고!","2023-04-22 11:55:59",135,840096
216,"이 질문은 재미없어요","2023-04-22 11:58:38",109,840421
217,"이 질문은 재미없어요","2023-04-22 12:14:51",296,839456
219,"어떻게 이런 생각을? 이 질문 최고!","2023-04-22 12:28:08",107,840696
220,"어떻게 이런 생각을? 이 질문 최고!","2023-04-22 12:46:32",206,841448
221,"어떻게 이런 생각을? 이 질문 최고!","2023-04-22 13:08:33",174,839491
222,"어떻게 이런 생각을? 이 질문 최고!","2023-04-22 13:13:49",257,840260
223,"이 질문은 재미없어요","2023-04-22 13:29:18",302,841400
224,"어떻게 이런 생각을? 이 질문 최고!","2023-04-22 13:29:56",203,838638
225,"이 질문은 재미없어요","2023-04-22 14:07:55",108,839369
226,"이 질문은 재미없어요","2023-04-22 14:10:11",299,841310
227,기타,"2023-04-22 14:15:30",127,839539
228,"이 질문은 재미없어요","2023-04-22 14:43:36",302,839600
229,"이 질문은 재미없어요","2023-04-22 14:44:19",184,839600
230,"이 질문은 재미없어요","2023-04-22 14:46:58",118,839600
232,"어떻게 이런 생각을? 이 질문 최고!","2023-04-22 15:10:51",103,839137
233,"어떻게 이런 생각을? 이 질문 최고!","2023-04-22 15:16:37",214,841773
234,기타,"2023-04-22 15:30:04",172,838369
235,기타,"2023-04-22 15:30:08",172,838369
236,"어떻게 이런 생각을? 이 질문 최고!","2023-04-22 15:35:53",279,840623
237,"오타가 있음","2023-04-22 15:43:02",156,837764
238,"어떻게 이런 생각을? 이 질문 최고!","2023-04-22 16:03:05",162,842007
239,"어떻게 이런 생각을? 이 질문 최고!","2023-04-22 16:21:18",199,839060
240,"이 질문은 재미없어요","2023-04-22 16:21:26",199,839060
241,"어떻게 이런 생각을? 이 질문 최고!","2023-04-22 16:21:33",199,839060
242,"어떻게 이런 생각을? 이 질문 최고!","2023-04-22 16:26:00",299,839480
243,"이 질문은 재미없어요","2023-04-22 16:29:11",202,839056
244,"이 질문은 재미없어요","2023-04-22 16:30:14",194,839056
245,"이 질문은 재미없어요","2023-04-22 16:30:54",144,839056
246,"이 질문은 재미없어요","2023-04-22 16:31:26",310,839056
247,"어떻게 이런 생각을? 이 질문 최고!","2023-04-22 16:31:30",323,841425
248,기타,"2023-04-22 16:31:39",323,841425
249,"이 질문은 재미없어요","2023-04-22 16:31:43",202,839056
250,"어떻게 이런 생각을? 이 질문 최고!","2023-04-22 16:35:12",282,842024
251,"어떻게 이런 생각을? 이 질문 최고!","2023-04-22 16:35:14",282,842024
252,"어떻게 이런 생각을? 이 질문 최고!","2023-04-22 16:43:48",143,840737
253,기타,"2023-04-22 16:55:09",281,840426
254,"이 질문은 재미없어요","2023-04-22 17:21:41",138,840605
255,"이 질문은 재미없어요","2023-04-22 17:48:39",275,839056
256,"이 질문은 재미없어요","2023-04-22 17:49:50",253,839056
257,"이 질문은 재미없어요","2023-04-22 17:50:23",277,839056
258,"이 질문은 재미없어요","2023-04-22 17:51:19",122,839056
259,"이 질문은 재미없어요","2023-04-22 17:52:56",114,839056
260,"이 질문은 재미없어요","2023-04-22 17:55:50",293,839056
261,"이 질문은 재미없어요","2023-04-22 17:56:32",303,839056
262,"이 질문은 재미없어요","2023-04-22 17:59:28",233,839056
263,"이 질문은 재미없어요","2023-04-22 17:59:39",267,839056
264,"이 질문은 재미없어요","2023-04-22 18:00:14",202,839056
265,"이 질문은 재미없어요","2023-04-22 18:05:03",253,839056
266,"이 질문은 재미없어요","2023-04-22 18:09:17",154,839056
267,"이 질문은 재미없어요","2023-04-22 18:10:46",144,839056
268,"이 질문은 재미없어요","2023-04-22 18:11:56",225,839056
269,"어떻게 이런 생각을? 이 질문 최고!","2023-04-22 18:15:40",133,841297
270,"이 질문은 재미없어요","2023-04-22 18:15:52",144,839056
271,"이 질문은 재미없어요","2023-04-22 18:16:46",120,839056
272,"이 질문은 재미없어요","2023-04-22 18:19:24",156,839807
273,"이 질문은 재미없어요","2023-04-22 18:19:51",130,839056
274,"이 질문은 재미없어요","2023-04-22 18:20:24",120,839056
275,"이 질문은 재미없어요","2023-04-22 18:21:10",116,839056
276,"어떻게 이런 생각을? 이 질문 최고!","2023-04-22 18:22:53",296,841623
277,"이 질문은 재미없어요","2023-04-22 18:22:54",284,839056
278,"이 질문은 재미없어요","2023-04-22 18:25:39",112,839056
279,"이 질문은 재미없어요","2023-04-22 18:27:58",99,839056
280,"이 질문은 재미없어요","2023-04-22 18:29:55",310,839056
281,"이 질문은 재미없어요","2023-04-22 18:30:22",248,839056
282,"이 질문은 재미없어요","2023-04-22 18:33:51",203,839056
283,"이 질문은 재미없어요","2023-04-22 18:37:14",194,839056
284,"이 질문은 재미없어요","2023-04-22 18:38:26",204,839056
285,"이 질문은 재미없어요","2023-04-22 18:40:23",203,839056
286,"이 질문은 재미없어요","2023-04-22 18:40:52",281,839056
287,"이 질문은 재미없어요","2023-04-22 18:41:35",275,839056
288,"이 질문은 재미없어요","2023-04-22 18:42:58",204,839056
289,"이 질문은 재미없어요","2023-04-22 18:44:50",267,839056
290,"이 질문은 재미없어요","2023-04-22 18:48:35",281,839056
291,"이 질문은 재미없어요","2023-04-22 18:48:51",275,839056
292,"이 질문은 재미없어요","2023-04-22 18:49:46",189,839056
293,"이 질문은 재미없어요","2023-04-22 18:50:12",225,839056
294,"이 질문은 재미없어요","2023-04-22 18:50:21",227,839056
295,"이 질문은 재미없어요","2023-04-22 18:51:20",114,839056
296,"이 질문은 재미없어요","2023-04-22 18:53:11",286,839056
297,"어떻게 이런 생각을? 이 질문 최고!","2023-04-22 18:54:23",106,839056
298,"이 질문은 재미없어요","2023-04-22 18:54:53",291,839056
299,"이 질문은 재미없어요","2023-04-22 18:55:35",120,839056
300,"이 질문은 재미없어요","2023-04-22 19:09:00",310,839056
301,"이 질문은 재미없어요","2023-04-22 19:09:59",116,839056
302,"이 질문은 재미없어요","2023-04-22 19:11:06",113,839056
303,"이 질문은 재미없어요","2023-04-22 19:12:00",300,839056
304,기타,"2023-04-22 22:07:18",149,837617
305,"어떻게 이런 생각을? 이 질문 최고!","2023-04-22 22:07:46",233,837617
306,"어떻게 이런 생각을? 이 질문 최고!","2023-04-22 22:07:54",318,837617
308,기타,"2023-04-22 23:45:11",313,841477
309,기타,"2023-04-23 01:09:21",251,840181
310,"어떻게 이런 생각을? 이 질문 최고!","2023-04-23 02:18:32",193,839369
311,"어떻게 이런 생각을? 이 질문 최고!","2023-04-23 02:21:48",224,841209
312,"어떻게 이런 생각을? 이 질문 최고!","2023-04-23 03:11:22",134,842347
313,기타,"2023-04-23 03:13:00",136,841623
314,"어떻게 이런 생각을? 이 질문 최고!","2023-04-23 03:14:27",239,838582
315,"어떻게 이런 생각을? 이 질문 최고!","2023-04-23 03:34:32",202,841772
316,기타,"2023-04-23 04:01:42",204,842147
317,"어떻게 이런 생각을? 이 질문 최고!","2023-04-23 04:33:11",235,840957
318,기타,"2023-04-23 05:03:50",296,841839
319,"어떻게 이런 생각을? 이 질문 최고!","2023-04-23 05:06:28",197,841740
320,"어떻게 이런 생각을? 이 질문 최고!","2023-04-23 05:16:43",265,838986
321,기타,"2023-04-23 05:16:55",241,840743
322,"어떻게 이런 생각을? 이 질문 최고!","2023-04-23 05:17:06",241,840743
323,기타,"2023-04-23 05:21:09",247,840743
324,"어떻게 이런 생각을? 이 질문 최고!","2023-04-23 05:21:13",247,840743
325,"어떻게 이런 생각을? 이 질문 최고!","2023-04-23 05:23:16",126,841482
326,"어떻게 이런 생각을? 이 질문 최고!","2023-04-23 05:25:16",117,837786
327,기타,"2023-04-23 05:41:25",320,841668
328,기타,"2023-04-23 05:43:29",102,841768
329,"어떻게 이런 생각을? 이 질문 최고!","2023-04-23 05:53:40",125,841610
330,"어떻게 이런 생각을? 이 질문 최고!","2023-04-23 06:02:19",111,837587
331,"오타가 있음","2023-04-23 06:04:38",148,837764
332,기타,"2023-04-23 06:16:35",192,841589
333,기타,"2023-04-23 06:16:56",118,842647
334,기타,"2023-04-23 06:17:01",118,842647
335,기타,"2023-04-23 06:42:56",314,841519
336,"불쾌한 내용이 포함되어 있음","2023-04-23 07:06:05",108,839221
337,"불쾌한 내용이 포함되어 있음","2023-04-23 07:44:11",111,838743
338,"불쾌한 내용이 포함되어 있음","2023-04-23 07:44:17",111,838743
339,"어떻게 이런 생각을? 이 질문 최고!","2023-04-23 07:53:28",197,842716
340,"이 질문은 재미없어요","2023-04-23 08:35:50",219,839056
341,"이 질문은 재미없어요","2023-04-23 08:36:05",235,839056
342,"어떻게 이런 생각을? 이 질문 최고!","2023-04-23 08:45:59",307,841839
343,"이 질문은 재미없어요","2023-04-23 08:52:29",161,839056
344,"이 질문은 재미없어요","2023-04-23 08:54:03",248,839056
345,"이 질문은 재미없어요","2023-04-23 08:59:32",112,839056
346,"이 질문은 재미없어요","2023-04-23 09:11:59",206,839056
347,"이 질문은 재미없어요","2023-04-23 09:12:49",306,839056
348,"이 질문은 재미없어요","2023-04-23 09:14:33",277,837635
349,"이 질문은 재미없어요","2023-04-23 09:14:52",317,837635
350,기타,"2023-04-23 09:20:16",296,839456
351,"어떻게 이런 생각을? 이 질문 최고!","2023-04-23 09:28:29",319,841181
352,"어떻게 이런 생각을? 이 질문 최고!","2023-04-23 09:28:33",321,841181
353,"어떻게 이런 생각을? 이 질문 최고!","2023-04-23 09:28:36",157,841181
354,"어떻게 이런 생각을? 이 질문 최고!","2023-04-23 09:28:38",155,841181
355,"어떻게 이런 생각을? 이 질문 최고!","2023-04-23 09:28:41",127,841181
356,"어떻게 이런 생각을? 이 질문 최고!","2023-04-23 09:28:45",293,841181
357,"어떻게 이런 생각을? 이 질문 최고!","2023-04-23 09:28:50",249,841181
358,"어떻게 이런 생각을? 이 질문 최고!","2023-04-23 09:28:54",168,841181
359,"어떻게 이런 생각을? 이 질문 최고!","2023-04-23 09:29:00",262,841181
360,"어떻게 이런 생각을? 이 질문 최고!","2023-04-23 09:29:03",103,841181
361,"어떻게 이런 생각을? 이 질문 최고!","2023-04-23 09:29:08",319,841181
362,"어떻게 이런 생각을? 이 질문 최고!","2023-04-23 09:29:10",245,841181
363,"어떻게 이런 생각을? 이 질문 최고!","2023-04-23 09:29:12",201,841181
364,"어떻게 이런 생각을? 이 질문 최고!","2023-04-23 09:29:16",228,841181
365,"어떻게 이런 생각을? 이 질문 최고!","2023-04-23 09:29:19",202,841181
366,"어떻게 이런 생각을? 이 질문 최고!","2023-04-23 09:29:22",159,841181
367,"어떻게 이런 생각을? 이 질문 최고!","2023-04-23 09:29:27",286,841181
368,"어떻게 이런 생각을? 이 질문 최고!","2023-04-23 09:29:35",156,841181
369,"어떻게 이런 생각을? 이 질문 최고!","2023-04-23 09:29:39",318,841181
370,"어떻게 이런 생각을? 이 질문 최고!","2023-04-23 09:29:54",233,841181
371,"어떻게 이런 생각을? 이 질문 최고!","2023-04-23 09:29:57",235,841181
372,"어떻게 이런 생각을? 이 질문 최고!","2023-04-23 09:30:00",121,841181
373,"어떻게 이런 생각을? 이 질문 최고!","2023-04-23 09:30:03",255,841181
374,"어떻게 이런 생각을? 이 질문 최고!","2023-04-23 09:30:06",231,841181
375,"어떻게 이런 생각을? 이 질문 최고!","2023-04-23 09:30:09",182,841181
376,"어떻게 이런 생각을? 이 질문 최고!","2023-04-23 09:30:14",233,841181
377,"이 질문은 재미없어요","2023-04-23 09:44:20",130,839056
378,"이 질문은 재미없어요","2023-04-23 09:46:50",154,839056
379,"어떻게 이런 생각을? 이 질문 최고!","2023-04-23 09:51:59",209,842372
380,"어떻게 이런 생각을? 이 질문 최고!","2023-04-23 09:52:56",209,842372
381,"이 질문은 재미없어요","2023-04-23 10:04:49",255,839056
382,"어떻게 이런 생각을? 이 질문 최고!","2023-04-23 10:17:44",113,839893
383,기타,"2023-04-23 10:27:18",179,840565
384,기타,"2023-04-23 10:45:50",322,839893
385,"이 질문은 재미없어요","2023-04-23 11:16:04",299,839056
386,기타,"2023-04-23 11:20:42",130,841519
387,"오타가 있음","2023-04-23 11:39:28",103,837764
388,기타,"2023-04-23 11:40:12",232,840421
389,기타,"2023-04-23 11:40:19",232,840421
390,"어떻게 이런 생각을? 이 질문 최고!","2023-04-23 11:44:10",132,839836
391,"어떻게 이런 생각을? 이 질문 최고!","2023-04-23 11:44:40",251,840599
392,"어떻게 이런 생각을? 이 질문 최고!","2023-04-23 11:59:28",209,842372
393,"이 질문은 재미없어요","2023-04-23 11:59:49",111,842372
394,"어떻게 이런 생각을? 이 질문 최고!","2023-04-23 12:04:05",209,842372
395,기타,"2023-04-23 12:04:08",209,842372
396,"어떻게 이런 생각을? 이 질문 최고!","2023-04-23 12:04:15",209,842372
397,"이 질문은 재미없어요","2023-04-23 12:08:26",144,842662
398,"선정적이거나 자극적인 질문","2023-04-23 12:08:31",144,842662
399,"어떻게 이런 생각을? 이 질문 최고!","2023-04-23 12:10:01",224,838442
400,"이 질문은 재미없어요","2023-04-23 12:23:34",240,837786
401,"어떻게 이런 생각을? 이 질문 최고!","2023-04-23 12:23:37",240,837786
402,"어떻게 이런 생각을? 이 질문 최고!","2023-04-23 12:24:56",323,843118
403,"어떻게 이런 생각을? 이 질문 최고!","2023-04-23 12:24:59",323,843118
404,"어떻게 이런 생각을? 이 질문 최고!","2023-04-23 12:25:00",323,843118
405,"어떻게 이런 생각을? 이 질문 최고!","2023-04-23 13:12:56",307,839890
406,"어떻게 이런 생각을? 이 질문 최고!","2023-04-23 13:27:10",148,837642
407,"어떻게 이런 생각을? 이 질문 최고!","2023-04-23 13:27:13",148,837642
408,"어떻게 이런 생각을? 이 질문 최고!","2023-04-23 13:39:31",186,841050
409,기타,"2023-04-23 13:44:45",223,841244
410,"어떻게 이런 생각을? 이 질문 최고!","2023-04-23 13:52:42",199,843143
411,"오타가 있음","2023-04-23 14:14:05",298,840506
412,"어떻게 이런 생각을? 이 질문 최고!","2023-04-23 14:14:33",263,842772
413,"어떻게 이런 생각을? 이 질문 최고!","2023-04-23 14:16:20",312,838505
414,"어떻게 이런 생각을? 이 질문 최고!","2023-04-23 14:16:26",198,838505
415,기타,"2023-04-23 14:39:05",129,842749
416,"어떻게 이런 생각을? 이 질문 최고!","2023-04-23 14:43:00",224,843362
417,"어떻게 이런 생각을? 이 질문 최고!","2023-04-23 14:48:07",113,843118
418,"어떻게 이런 생각을? 이 질문 최고!","2023-04-23 14:53:54",242,841181
419,"어떻게 이런 생각을? 이 질문 최고!","2023-04-23 14:53:58",301,841181
420,"어떻게 이런 생각을? 이 질문 최고!","2023-04-23 14:54:02",209,841181
421,"어떻게 이런 생각을? 이 질문 최고!","2023-04-23 14:54:06",123,841181
422,"어떻게 이런 생각을? 이 질문 최고!","2023-04-23 15:03:58",292,841195
423,"어떻게 이런 생각을? 이 질문 최고!","2023-04-23 15:07:14",142,843172
424,기타,"2023-04-23 15:07:23",245,842736
425,"어떻게 이런 생각을? 이 질문 최고!","2023-04-23 15:10:33",203,840301
426,기타,"2023-04-23 15:11:20",318,841220
427,"어떻게 이런 생각을? 이 질문 최고!","2023-04-23 15:11:53",150,840301
428,"어떻게 이런 생각을? 이 질문 최고!","2023-04-23 15:12:00",304,840301
429,기타,"2023-04-23 15:18:18",111,840301
430,"이 질문은 재미없어요","2023-04-23 15:43:55",264,839056
431,"어떻게 이런 생각을? 이 질문 최고!","2023-04-23 16:22:33",174,839369
432,"어떻게 이런 생각을? 이 질문 최고!","2023-04-23 17:13:09",180,843348
433,기타,"2023-04-23 17:13:14",180,843348
434,기타,"2023-04-23 17:22:21",167,841419
435,"어떻게 이런 생각을? 이 질문 최고!","2023-04-23 18:01:06",149,841349
436,"어떻게 이런 생각을? 이 질문 최고!","2023-04-23 18:33:07",209,842168
437,"어떻게 이런 생각을? 이 질문 최고!","2023-04-23 18:33:16",181,842168
438,"이 질문은 재미없어요","2023-04-23 20:49:21",234,839056
439,"어떻게 이런 생각을? 이 질문 최고!","2023-04-23 22:00:48",235,843291
440,기타,"2023-04-23 22:04:48",124,841519
441,기타,"2023-04-23 22:50:58",197,840816
442,기타,"2023-04-23 22:51:15",320,843118
443,"어떻게 이런 생각을? 이 질문 최고!","2023-04-23 22:51:23",320,843118
444,"어떻게 이런 생각을? 이 질문 최고!","2023-04-23 23:09:57",239,841367
445,"어떻게 이런 생각을? 이 질문 최고!","2023-04-23 23:10:01",239,841367
446,기타,"2023-04-23 23:10:48",277,841487
447,"이 질문은 재미없어요","2023-04-23 23:48:41",190,843477
448,"어떻게 이런 생각을? 이 질문 최고!","2023-04-23 23:51:25",285,843477
449,"이 질문은 재미없어요","2023-04-24 00:37:19",321,839056
450,"선정적이거나 자극적인 질문","2023-04-24 00:57:45",286,841425
451,"선정적이거나 자극적인 질문","2023-04-24 02:11:35",108,842662
452,"불쾌한 내용이 포함되어 있음","2023-04-24 02:11:38",108,842662
453,"선정적이거나 자극적인 질문","2023-04-24 02:11:41",108,842662
454,기타,"2023-04-24 02:22:29",318,838803
455,"이 질문은 재미없어요","2023-04-24 02:22:35",318,838803
456,"불쾌한 내용이 포함되어 있음","2023-04-24 02:22:40",318,838803
457,"어떻게 이런 생각을? 이 질문 최고!","2023-04-24 02:23:29",321,842168
458,"어떻게 이런 생각을? 이 질문 최고!","2023-04-24 02:42:14",103,837617
459,"어떻게 이런 생각을? 이 질문 최고!","2023-04-24 03:00:48",258,844061
460,"어떻게 이런 생각을? 이 질문 최고!","2023-04-24 03:01:02",173,844061
461,"어떻게 이런 생각을? 이 질문 최고!","2023-04-24 03:10:03",115,843370
462,"어떻게 이런 생각을? 이 질문 최고!","2023-04-24 03:30:01",218,843873
463,"이 질문은 재미없어요","2023-04-24 03:34:34",281,843370
464,"어떻게 이런 생각을? 이 질문 최고!","2023-04-24 04:22:32",196,843477
465,"어떻게 이런 생각을? 이 질문 최고!","2023-04-24 05:21:19",150,839767
466,"어떻게 이런 생각을? 이 질문 최고!","2023-04-24 05:27:46",107,842147
467,기타,"2023-04-24 05:27:51",107,842147
468,"어떻게 이런 생각을? 이 질문 최고!","2023-04-24 05:39:33",221,842147
469,기타,"2023-04-24 05:42:11",133,841510
470,"어떻게 이런 생각을? 이 질문 최고!","2023-04-24 05:44:14",313,843291
471,기타,"2023-04-24 06:09:07",129,841534
472,"어떻게 이런 생각을? 이 질문 최고!","2023-04-24 06:09:10",129,841534
473,"어떻게 이런 생각을? 이 질문 최고!","2023-04-24 06:10:59",314,840260
474,"어떻게 이런 생각을? 이 질문 최고!","2023-04-24 06:24:45",210,839683
475,기타,"2023-04-24 06:39:14",209,841519
476,기타,"2023-04-24 06:43:49",210,838646
477,기타,"2023-04-24 06:43:53",210,838646
478,기타,"2023-04-24 06:44:29",184,843874
479,"어떻게 이런 생각을? 이 질문 최고!","2023-04-24 06:45:27",221,842742
480,"어떻게 이런 생각을? 이 질문 최고!","2023-04-24 06:48:23",303,841448
481,"어떻게 이런 생각을? 이 질문 최고!","2023-04-24 07:16:30",124,840656
482,기타,"2023-04-24 07:21:47",153,840822
483,"어떻게 이런 생각을? 이 질문 최고!","2023-04-24 07:24:44",257,839226
484,"이 질문은 재미없어요","2023-04-24 08:09:19",104,841251
485,"어떻게 이런 생각을? 이 질문 최고!","2023-04-24 08:26:42",215,840004
486,"어떻게 이런 생각을? 이 질문 최고!","2023-04-24 08:38:43",240,843291
487,"어떻게 이런 생각을? 이 질문 최고!","2023-04-24 09:10:14",179,843942
488,"어떻게 이런 생각을? 이 질문 최고!","2023-04-24 09:50:02",116,842108
489,"어떻게 이런 생각을? 이 질문 최고!","2023-04-24 09:50:38",103,839575
491,"어떻게 이런 생각을? 이 질문 최고!","2023-04-24 10:36:03",224,844700
494,"어떻게 이런 생각을? 이 질문 최고!","2023-04-24 11:37:53",268,840875
495,"어떻게 이런 생각을? 이 질문 최고!","2023-04-24 12:19:50",132,843874
496,"어떻게 이런 생각을? 이 질문 최고!","2023-04-24 12:28:18",110,839767
497,"이 질문은 재미없어요","2023-04-24 12:45:25",111,844851
498,"이 질문은 재미없어요","2023-04-24 12:46:01",111,844851
499,"이 질문은 재미없어요","2023-04-24 13:09:18",111,844489
500,"어떻게 이런 생각을? 이 질문 최고!","2023-04-24 13:12:59",203,841520
501,"이 질문은 재미없어요","2023-04-24 13:29:29",259,844851
502,"어떻게 이런 생각을? 이 질문 최고!","2023-04-24 13:31:34",133,844767
503,기타,"2023-04-24 13:35:13",141,843728
504,"이 질문은 재미없어요","2023-04-24 13:40:04",318,844851
505,"어떻게 이런 생각을? 이 질문 최고!","2023-04-24 14:14:06",289,844587
506,"이 질문은 재미없어요","2023-04-24 14:28:35",318,844851
507,"이 질문은 재미없어요","2023-04-24 14:30:30",185,844851
508,"불쾌한 내용이 포함되어 있음","2023-04-24 14:51:21",109,839888
509,기타,"2023-04-24 14:59:42",282,842168
510,"어떻게 이런 생각을? 이 질문 최고!","2023-04-24 15:00:07",230,842168
511,기타,"2023-04-24 15:03:31",305,839138
512,기타,"2023-04-24 15:16:47",192,843429
513,"어떻게 이런 생각을? 이 질문 최고!","2023-04-24 15:18:36",231,844265
514,기타,"2023-04-24 15:18:53",231,844265
515,"이 질문은 재미없어요","2023-04-24 15:24:35",116,844851
516,"이 질문은 재미없어요","2023-04-24 15:24:39",179,844851
517,"어떻게 이런 생각을? 이 질문 최고!","2023-04-24 15:49:05",323,843650
518,"어떻게 이런 생각을? 이 질문 최고!","2023-04-24 15:49:12",110,843650
519,"어떻게 이런 생각을? 이 질문 최고!","2023-04-24 15:49:24",318,843650
520,"어떻게 이런 생각을? 이 질문 최고!","2023-04-24 15:49:29",309,843650
521,"어떻게 이런 생각을? 이 질문 최고!","2023-04-24 15:49:39",244,843650
522,"어떻게 이런 생각을? 이 질문 최고!","2023-04-24 15:49:43",253,843650
523,"어떻게 이런 생각을? 이 질문 최고!","2023-04-24 15:49:54",210,843650
524,"어떻게 이런 생각을? 이 질문 최고!","2023-04-24 15:49:59",300,843650
525,"어떻게 이런 생각을? 이 질문 최고!","2023-04-24 15:50:14",107,843650
526,"어떻게 이런 생각을? 이 질문 최고!","2023-04-24 15:50:18",150,843650
527,"어떻게 이런 생각을? 이 질문 최고!","2023-04-24 15:50:45",140,843650
528,"어떻게 이런 생각을? 이 질문 최고!","2023-04-24 15:50:51",124,843650
529,"어떻게 이런 생각을? 이 질문 최고!","2023-04-24 16:11:44",304,844034
530,기타,"2023-04-24 16:12:14",201,844034
531,"이 질문은 재미없어요","2023-04-24 16:20:47",141,844851
532,기타,"2023-04-24 16:46:07",111,842742
533,"어떻게 이런 생각을? 이 질문 최고!","2023-04-24 17:01:34",228,840854
534,"이 질문은 재미없어요","2023-04-24 17:21:48",112,839056
535,"어떻게 이런 생각을? 이 질문 최고!","2023-04-24 17:40:06",173,843438
536,기타,"2023-04-24 17:40:12",173,843438
537,"어떻게 이런 생각을? 이 질문 최고!","2023-04-24 18:38:55",209,842168
538,"어떻게 이런 생각을? 이 질문 최고!","2023-04-24 18:38:59",209,842168
539,"어떻게 이런 생각을? 이 질문 최고!","2023-04-24 21:39:01",259,840570
540,"어떻게 이런 생각을? 이 질문 최고!","2023-04-24 21:39:09",221,840570
541,기타,"2023-04-24 22:28:12",132,843779
542,"어떻게 이런 생각을? 이 질문 최고!","2023-04-24 22:28:18",132,843779
543,"이 질문은 재미없어요","2023-04-24 22:57:59",191,844851
544,"어떻게 이런 생각을? 이 질문 최고!","2023-04-24 23:11:31",196,843477
545,"어떻게 이런 생각을? 이 질문 최고!","2023-04-24 23:16:56",240,843876
546,"어떻게 이런 생각을? 이 질문 최고!","2023-04-25 00:51:07",198,840608
547,"어떻게 이런 생각을? 이 질문 최고!","2023-04-25 01:15:57",238,844665
548,"어떻게 이런 생각을? 이 질문 최고!","2023-04-25 02:27:48",150,844353
549,"불쾌한 내용이 포함되어 있음","2023-04-25 03:15:29",238,842686
550,기타,"2023-04-25 03:15:35",238,842686
551,"불쾌한 내용이 포함되어 있음","2023-04-25 03:24:15",238,842686
552,"불쾌한 내용이 포함되어 있음","2023-04-25 03:25:41",219,842686
553,"이 질문은 재미없어요","2023-04-25 03:47:38",217,844851
554,기타,"2023-04-25 04:58:11",112,838460
555,기타,"2023-04-25 04:59:19",205,844526
556,기타,"2023-04-25 06:20:05",111,842742
557,"어떻게 이런 생각을? 이 질문 최고!","2023-04-25 06:49:52",109,839890
558,"이 질문은 재미없어요","2023-04-25 06:54:25",135,844851
559,"어떻게 이런 생각을? 이 질문 최고!","2023-04-25 07:07:51",103,844737
560,"어떻게 이런 생각을? 이 질문 최고!","2023-04-25 07:14:27",134,844737
561,"오타가 있음","2023-04-25 08:06:53",139,837764
562,"어떻게 이런 생각을? 이 질문 최고!","2023-04-25 08:22:07",221,840816
563,"이 질문은 재미없어요","2023-04-25 08:27:30",188,840657
564,"어떻게 이런 생각을? 이 질문 최고!","2023-04-25 08:28:50",106,844664
565,기타,"2023-04-25 08:28:54",106,844664
566,"이 질문은 재미없어요","2023-04-25 08:44:27",249,844851
567,"불쾌한 내용이 포함되어 있음","2023-04-25 09:02:24",108,845236
568,"어떻게 이런 생각을? 이 질문 최고!","2023-04-25 09:08:28",247,844737
569,"어떻게 이런 생각을? 이 질문 최고!","2023-04-25 09:08:33",103,844737
570,"이 질문은 재미없어요","2023-04-25 09:11:50",108,845236
571,"어떻게 이런 생각을? 이 질문 최고!","2023-04-25 09:21:53",153,842855
572,"어떻게 이런 생각을? 이 질문 최고!","2023-04-25 09:32:48",303,844587
574,"어떻게 이런 생각을? 이 질문 최고!","2023-04-25 10:34:14",104,838492
575,"오타가 있음","2023-04-25 10:49:03",120,837764
576,"어떻게 이런 생각을? 이 질문 최고!","2023-04-25 11:01:17",210,845431
577,"어떻게 이런 생각을? 이 질문 최고!","2023-04-25 11:32:27",221,844381
578,"어떻게 이런 생각을? 이 질문 최고!","2023-04-25 11:42:13",267,845629
579,"불쾌한 내용이 포함되어 있음","2023-04-25 11:48:07",167,845451
580,기타,"2023-04-25 11:51:11",193,838603
582,"이 질문은 재미없어요","2023-04-25 12:46:08",213,839056
583,"어떻게 이런 생각을? 이 질문 최고!","2023-04-25 13:09:22",128,845562
584,"어떻게 이런 생각을? 이 질문 최고!","2023-04-25 13:12:06",171,842008
585,"이 질문은 재미없어요","2023-04-25 13:15:06",201,845783
586,"어떻게 이런 생각을? 이 질문 최고!","2023-04-25 13:16:51",201,845783
587,"어떻게 이런 생각을? 이 질문 최고!","2023-04-25 13:21:06",107,839404
589,"어떻게 이런 생각을? 이 질문 최고!","2023-04-25 13:46:56",192,840834
590,기타,"2023-04-25 14:08:53",261,845535
591,"어떻게 이런 생각을? 이 질문 최고!","2023-04-25 14:12:20",265,845383
592,"어떻게 이런 생각을? 이 질문 최고!","2023-04-25 14:12:29",156,845383
593,"어떻게 이런 생각을? 이 질문 최고!","2023-04-25 14:30:51",130,843175
594,기타,"2023-04-25 15:18:58",221,838620
595,"어떻게 이런 생각을? 이 질문 최고!","2023-04-25 15:46:35",259,839432
596,"어떻게 이런 생각을? 이 질문 최고!","2023-04-25 15:46:38",259,839432
597,"어떻게 이런 생각을? 이 질문 최고!","2023-04-25 16:08:39",267,846136
598,"어떻게 이런 생각을? 이 질문 최고!","2023-04-25 16:08:42",267,846136
599,"어떻게 이런 생각을? 이 질문 최고!","2023-04-25 16:40:43",180,837617
600,"어떻게 이런 생각을? 이 질문 최고!","2023-04-25 16:45:06",146,841181
601,기타,"2023-04-25 16:45:07",307,838423
602,"어떻게 이런 생각을? 이 질문 최고!","2023-04-25 16:56:32",306,846235
603,"어떻게 이런 생각을? 이 질문 최고!","2023-04-25 17:15:38",233,839426
612,기타,"2023-04-25 19:18:34",197,839610
613,기타,"2023-04-25 20:16:54",131,832340
614,"어떻게 이런 생각을? 이 질문 최고!","2023-04-25 20:17:00",131,832340
615,"어떻게 이런 생각을? 이 질문 최고!","2023-04-25 21:31:25",129,842310
616,"어떻게 이런 생각을? 이 질문 최고!","2023-04-25 22:24:07",244,841065
617,"어떻게 이런 생각을? 이 질문 최고!","2023-04-25 22:37:37",231,845883
618,"어떻게 이런 생각을? 이 질문 최고!","2023-04-25 22:40:38",199,843306
619,"어떻게 이런 생각을? 이 질문 최고!","2023-04-25 22:59:06",126,845806
620,"어떻게 이런 생각을? 이 질문 최고!","2023-04-25 23:36:02",104,846425
621,"어떻게 이런 생각을? 이 질문 최고!","2023-04-26 01:09:01",110,843305
622,"불쾌한 내용이 포함되어 있음","2023-04-26 01:12:52",238,842686
623,"어떻게 이런 생각을? 이 질문 최고!","2023-04-26 01:18:08",114,845727
624,"어떻게 이런 생각을? 이 질문 최고!","2023-04-26 01:31:46",206,840520
625,"어떻게 이런 생각을? 이 질문 최고!","2023-04-26 01:33:59",162,842942
626,기타,"2023-04-26 01:34:12",162,842942
627,"어떻게 이런 생각을? 이 질문 최고!","2023-04-26 01:50:13",280,845675
628,"어떻게 이런 생각을? 이 질문 최고!","2023-04-26 01:50:24",151,845675
629,"어떻게 이런 생각을? 이 질문 최고!","2023-04-26 01:50:30",206,845675
630,"어떻게 이런 생각을? 이 질문 최고!","2023-04-26 01:50:34",323,845675
631,"이 질문은 재미없어요","2023-04-26 01:54:22",111,839092
632,"불쾌한 내용이 포함되어 있음","2023-04-26 01:54:28",111,839092
633,"어떻게 이런 생각을? 이 질문 최고!","2023-04-26 02:09:01",265,845472
634,"어떻게 이런 생각을? 이 질문 최고!","2023-04-26 02:21:34",116,843389
635,"어떻게 이런 생각을? 이 질문 최고!","2023-04-26 02:31:43",318,846414
636,기타,"2023-04-26 02:32:31",132,842952
637,"불쾌한 내용이 포함되어 있음","2023-04-26 02:44:43",305,845616
638,"어떻게 이런 생각을? 이 질문 최고!","2023-04-26 03:14:46",315,846095
639,"이 질문은 재미없어요","2023-04-26 03:21:14",144,844851
640,"어떻게 이런 생각을? 이 질문 최고!","2023-04-26 03:33:57",170,839084
641,"불쾌한 내용이 포함되어 있음","2023-04-26 03:49:40",111,839817
642,기타,"2023-04-26 04:01:47",186,845438
643,"불쾌한 내용이 포함되어 있음","2023-04-26 04:03:13",111,841437
645,"어떻게 이런 생각을? 이 질문 최고!","2023-04-26 04:05:42",113,840519
646,기타,"2023-04-26 04:13:52",268,840977
647,"어떻게 이런 생각을? 이 질문 최고!","2023-04-26 04:14:17",205,846503
648,"어떻게 이런 생각을? 이 질문 최고!","2023-04-26 04:14:43",205,846503
649,"어떻게 이런 생각을? 이 질문 최고!","2023-04-26 04:15:28",182,843891
650,"어떻게 이런 생각을? 이 질문 최고!","2023-04-26 04:26:35",153,845472
651,기타,"2023-04-26 04:44:25",234,838724
652,"이 질문은 재미없어요","2023-04-26 05:11:37",287,837836
653,"이 질문은 재미없어요","2023-04-26 05:14:06",254,845588
654,"어떻게 이런 생각을? 이 질문 최고!","2023-04-26 05:32:47",205,846503
655,"어떻게 이런 생각을? 이 질문 최고!","2023-04-26 05:35:30",298,841286
656,기타,"2023-04-26 05:57:37",113,839058
657,"어떻게 이런 생각을? 이 질문 최고!","2023-04-26 06:19:12",180,839026
658,기타,"2023-04-26 06:34:45",180,839026
659,기타,"2023-04-26 06:42:14",274,846573
660,"어떻게 이런 생각을? 이 질문 최고!","2023-04-26 06:52:51",136,843231
661,"어떻게 이런 생각을? 이 질문 최고!","2023-04-26 07:12:12",157,844645
662,"어떻게 이런 생각을? 이 질문 최고!","2023-04-26 07:13:34",199,846938
663,기타,"2023-04-26 07:54:11",206,842742
664,"어떻게 이런 생각을? 이 질문 최고!","2023-04-26 08:04:34",243,846974
665,"어떻게 이런 생각을? 이 질문 최고!","2023-04-26 08:04:45",257,846974
666,"어떻게 이런 생각을? 이 질문 최고!","2023-04-26 08:15:26",191,845523
667,"어떻게 이런 생각을? 이 질문 최고!","2023-04-26 08:15:56",209,842010
668,"선정적이거나 자극적인 질문","2023-04-26 08:27:55",108,846994
669,"어떻게 이런 생각을? 이 질문 최고!","2023-04-26 08:41:01",140,840008
671,기타,"2023-04-26 08:56:24",181,840629
672,"어떻게 이런 생각을? 이 질문 최고!","2023-04-26 09:03:55",231,846065
673,기타,"2023-04-26 09:13:41",145,839404
674,"어떻게 이런 생각을? 이 질문 최고!","2023-04-26 09:13:45",145,839404
675,"어떻게 이런 생각을? 이 질문 최고!","2023-04-26 09:13:50",194,844088
676,"이 질문은 재미없어요","2023-04-26 09:24:45",306,837635
677,"어떻게 이런 생각을? 이 질문 최고!","2023-04-26 09:25:13",107,838128
678,"어떻게 이런 생각을? 이 질문 최고!","2023-04-26 10:02:47",235,846280
679,기타,"2023-04-26 10:24:11",296,846391
680,기타,"2023-04-26 10:31:42",307,838706
681,"어떻게 이런 생각을? 이 질문 최고!","2023-04-26 10:33:46",286,846680
682,기타,"2023-04-26 10:36:59",192,839147
683,"어떻게 이런 생각을? 이 질문 최고!","2023-04-26 10:38:54",136,846015
684,"어떻게 이런 생각을? 이 질문 최고!","2023-04-26 10:39:03",99,846015
685,기타,"2023-04-26 10:53:51",146,842375
686,"어떻게 이런 생각을? 이 질문 최고!","2023-04-26 10:54:02",146,842375
687,"어떻게 이런 생각을? 이 질문 최고!","2023-04-26 10:54:36",252,847230
688,기타,"2023-04-26 10:57:24",211,845953
690,"어떻게 이런 생각을? 이 질문 최고!","2023-04-26 11:03:17",291,847081
691,"어떻게 이런 생각을? 이 질문 최고!","2023-04-26 11:24:54",273,846640
692,"어떻게 이런 생각을? 이 질문 최고!","2023-04-26 11:25:35",194,841120
693,"어떻게 이런 생각을? 이 질문 최고!","2023-04-26 11:44:28",131,838158
694,"어떻게 이런 생각을? 이 질문 최고!","2023-04-26 11:45:37",159,847383
696,기타,"2023-04-26 12:38:39",136,843231
698,"어떻게 이런 생각을? 이 질문 최고!","2023-04-26 13:12:32",105,845472
699,"어떻게 이런 생각을? 이 질문 최고!","2023-04-26 14:01:47",156,846486
700,기타,"2023-04-26 14:03:40",185,840403
701,기타,"2023-04-26 14:11:52",297,838830
702,기타,"2023-04-26 14:22:13",144,846486
703,"어떻게 이런 생각을? 이 질문 최고!","2023-04-26 14:36:39",233,846148
704,"어떻게 이런 생각을? 이 질문 최고!","2023-04-26 14:38:22",265,845877
705,"이 질문은 재미없어요","2023-04-26 14:38:39",259,844851
706,"어떻게 이런 생각을? 이 질문 최고!","2023-04-26 14:40:30",156,844369
707,"어떻게 이런 생각을? 이 질문 최고!","2023-04-26 14:44:34",191,846124
709,"불쾌한 내용이 포함되어 있음","2023-04-26 15:01:13",125,845630
710,"불쾌한 내용이 포함되어 있음","2023-04-26 15:01:24",278,845630
711,"불쾌한 내용이 포함되어 있음","2023-04-26 15:01:34",277,845630
712,"불쾌한 내용이 포함되어 있음","2023-04-26 15:01:43",117,845630
713,"불쾌한 내용이 포함되어 있음","2023-04-26 15:01:59",242,845630
714,"불쾌한 내용이 포함되어 있음","2023-04-26 15:02:08",150,845630
715,"불쾌한 내용이 포함되어 있음","2023-04-26 15:02:13",246,845630
716,"선정적이거나 자극적인 질문","2023-04-26 15:02:23",252,845630
717,"불쾌한 내용이 포함되어 있음","2023-04-26 15:02:28",141,845630
718,"어떻게 이런 생각을? 이 질문 최고!","2023-04-26 15:04:33",136,845535
719,기타,"2023-04-26 15:05:01",136,845535
723,"이 질문은 재미없어요","2023-04-26 15:24:17",208,844851
726,기타,"2023-04-26 15:27:50",109,845785
727,"이 질문은 재미없어요","2023-04-26 15:52:06",261,838538
728,"어떻게 이런 생각을? 이 질문 최고!","2023-04-26 15:52:11",261,838538
729,"선정적이거나 자극적인 질문","2023-04-26 16:03:17",227,846069
730,"어떻게 이런 생각을? 이 질문 최고!","2023-04-26 16:03:24",227,846069
731,"어떻게 이런 생각을? 이 질문 최고!","2023-04-26 16:07:12",288,841071
732,"이 질문은 재미없어요","2023-04-26 16:19:04",179,844851
733,기타,"2023-04-26 16:30:30",184,845189
734,기타,"2023-04-26 17:21:05",280,845877
735,"어떻게 이런 생각을? 이 질문 최고!","2023-04-26 19:25:36",196,843089
736,"불쾌한 내용이 포함되어 있음","2023-04-26 19:29:57",116,842005
737,"어떻게 이런 생각을? 이 질문 최고!","2023-04-26 20:09:38",235,839893
738,"어떻게 이런 생각을? 이 질문 최고!","2023-04-26 20:33:08",324,847422
739,"이 질문은 재미없어요","2023-04-26 21:51:50",111,847253
740,"이 질문은 재미없어요","2023-04-26 21:52:06",111,847253
741,"이 질문은 재미없어요","2023-04-26 21:58:21",301,845673
742,"어떻게 이런 생각을? 이 질문 최고!","2023-04-27 00:19:38",308,847422
743,"어떻게 이런 생각을? 이 질문 최고!","2023-04-27 00:45:58",321,845472
744,"어떻게 이런 생각을? 이 질문 최고!","2023-04-27 01:48:29",197,848381
745,"불쾌한 내용이 포함되어 있음","2023-04-27 01:57:41",321,843948
746,"어떻게 이런 생각을? 이 질문 최고!","2023-04-27 03:04:47",263,847082
747,"어떻게 이런 생각을? 이 질문 최고!","2023-04-27 03:27:47",116,847003
748,기타,"2023-04-27 05:05:54",175,843218
749,"어떻게 이런 생각을? 이 질문 최고!","2023-04-27 05:15:14",124,845660
750,"불쾌한 내용이 포함되어 있음","2023-04-27 05:19:44",108,848341
751,"이 질문은 재미없어요","2023-04-27 07:21:01",197,844851
752,"어떻게 이런 생각을? 이 질문 최고!","2023-04-27 07:53:21",141,847110
753,"어떻게 이런 생각을? 이 질문 최고!","2023-04-27 08:20:52",165,848197
754,"이 질문은 재미없어요","2023-04-27 08:21:29",111,846505
755,"불쾌한 내용이 포함되어 있음","2023-04-27 08:27:51",305,845616
756,"어떻게 이런 생각을? 이 질문 최고!","2023-04-27 08:29:54",239,843089
757,"선정적이거나 자극적인 질문","2023-04-27 08:31:17",125,848117
758,"어떻게 이런 생각을? 이 질문 최고!","2023-04-27 08:45:11",255,848743
759,"어떻게 이런 생각을? 이 질문 최고!","2023-04-27 09:51:39",118,848171
760,"어떻게 이런 생각을? 이 질문 최고!","2023-04-27 09:53:32",295,847004
761,"선정적이거나 자극적인 질문","2023-04-27 09:53:49",237,847004
762,"어떻게 이런 생각을? 이 질문 최고!","2023-04-27 09:53:56",295,847004
763,"어떻게 이런 생각을? 이 질문 최고!","2023-04-27 09:54:07",295,847004
764,기타,"2023-04-27 09:54:16",298,847004
765,"오타가 있음","2023-04-27 09:54:40",301,847004
766,"불쾌한 내용이 포함되어 있음","2023-04-27 09:54:45",111,847004
767,"오타가 있음","2023-04-27 09:54:53",295,847004
768,"이 질문은 재미없어요","2023-04-27 09:55:02",298,847004
769,"어떻게 이런 생각을? 이 질문 최고!","2023-04-27 09:57:57",197,848380
770,"어떻게 이런 생각을? 이 질문 최고!","2023-04-27 10:07:09",193,840156
771,기타,"2023-04-27 10:26:58",132,840867
772,"이 질문은 재미없어요","2023-04-27 10:28:33",189,839885
773,"어떻게 이런 생각을? 이 질문 최고!","2023-04-27 10:41:43",231,847366
774,"어떻게 이런 생각을? 이 질문 최고!","2023-04-27 11:08:25",315,846860
775,"어떻게 이런 생각을? 이 질문 최고!","2023-04-27 11:36:47",309,848775
776,"어떻게 이런 생각을? 이 질문 최고!","2023-04-27 11:47:41",106,846795
777,"이 질문은 재미없어요","2023-04-27 11:54:02",295,847188
778,"어떻게 이런 생각을? 이 질문 최고!","2023-04-27 12:45:49",133,846324
779,"이 질문은 재미없어요","2023-04-27 12:47:21",317,848090
780,"불쾌한 내용이 포함되어 있음","2023-04-27 12:47:34",255,847408
781,기타,"2023-04-27 12:58:21",130,845660
782,"어떻게 이런 생각을? 이 질문 최고!","2023-04-27 13:04:09",134,843985
783,"어떻게 이런 생각을? 이 질문 최고!","2023-04-27 13:04:40",175,843985
784,"어떻게 이런 생각을? 이 질문 최고!","2023-04-27 13:16:33",266,847422
788,"어떻게 이런 생각을? 이 질문 최고!","2023-04-27 13:55:06",108,848131
789,"이 질문은 재미없어요","2023-04-27 13:58:55",138,847383
790,기타,"2023-04-27 13:59:01",138,847383
791,"어떻게 이런 생각을? 이 질문 최고!","2023-04-27 14:06:26",147,842124
792,"어떻게 이런 생각을? 이 질문 최고!","2023-04-27 14:09:06",252,848374
793,"이 질문은 재미없어요","2023-04-27 14:18:38",246,848349
794,"불쾌한 내용이 포함되어 있음","2023-04-27 14:22:10",131,848788
795,"어떻게 이런 생각을? 이 질문 최고!","2023-04-27 14:34:16",126,840893
796,기타,"2023-04-27 14:40:38",197,840911
797,"불쾌한 내용이 포함되어 있음","2023-04-27 14:46:42",299,848980
798,"불쾌한 내용이 포함되어 있음","2023-04-27 14:48:42",270,845222
799,"어떻게 이런 생각을? 이 질문 최고!","2023-04-27 14:50:10",100,840509
800,"이 질문은 재미없어요","2023-04-27 14:59:00",190,848743
801,"불쾌한 내용이 포함되어 있음","2023-04-27 15:50:22",247,847383
802,"이 질문은 재미없어요","2023-04-27 15:50:29",247,847383
803,"선정적이거나 자극적인 질문","2023-04-27 15:50:32",247,847383
804,기타,"2023-04-27 15:50:36",247,847383
805,"오타가 있음","2023-04-27 15:50:38",247,847383
806,"어떻게 이런 생각을? 이 질문 최고!","2023-04-27 16:03:40",180,842310
807,"어떻게 이런 생각을? 이 질문 최고!","2023-04-27 16:51:00",286,846046
808,"어떻게 이런 생각을? 이 질문 최고!","2023-04-27 17:42:34",252,846947
809,"어떻게 이런 생각을? 이 질문 최고!","2023-04-27 18:43:14",306,848964
810,"어떻게 이런 생각을? 이 질문 최고!","2023-04-27 19:12:38",224,848237
811,기타,"2023-04-27 19:13:19",272,848237
812,기타,"2023-04-27 21:40:57",132,841351
813,"선정적이거나 자극적인 질문","2023-04-27 22:02:44",108,843347
814,"불쾌한 내용이 포함되어 있음","2023-04-27 22:09:42",301,847004
815,"이 질문은 재미없어요","2023-04-27 22:21:05",220,844851
816,기타,"2023-04-27 22:39:57",296,841174
817,"이 질문은 재미없어요","2023-04-27 22:40:01",296,841174
818,"이 질문은 재미없어요","2023-04-27 22:40:32",296,841174
819,"이 질문은 재미없어요","2023-04-27 22:40:47",296,841174
820,"어떻게 이런 생각을? 이 질문 최고!","2023-04-27 22:44:18",284,843688
821,"불쾌한 내용이 포함되어 있음","2023-04-27 23:05:57",108,846505
822,"불쾌한 내용이 포함되어 있음","2023-04-27 23:08:40",111,846735
823,"이 질문은 재미없어요","2023-04-27 23:08:49",111,846735
824,"어떻게 이런 생각을? 이 질문 최고!","2023-04-28 00:55:05",264,843089
825,"이 질문은 재미없어요","2023-04-28 01:53:32",194,849393
826,"불쾌한 내용이 포함되어 있음","2023-04-28 02:05:04",109,848501
829,"어떻게 이런 생각을? 이 질문 최고!","2023-04-28 02:21:14",141,844852
830,기타,"2023-04-28 02:21:17",141,844852
833,"선정적이거나 자극적인 질문","2023-04-28 03:48:54",109,849112
834,"어떻게 이런 생각을? 이 질문 최고!","2023-04-28 04:16:24",268,848617
835,기타,"2023-04-28 04:28:21",171,849436
836,"어떻게 이런 생각을? 이 질문 최고!","2023-04-28 04:47:19",197,843089
837,"어떻게 이런 생각을? 이 질문 최고!","2023-04-28 05:07:39",251,847024
838,"어떻게 이런 생각을? 이 질문 최고!","2023-04-28 05:37:28",148,849097
839,"어떻게 이런 생각을? 이 질문 최고!","2023-04-28 05:46:31",193,849480
840,기타,"2023-04-28 05:46:40",193,849480
841,기타,"2023-04-28 05:58:44",129,847651
842,기타,"2023-04-28 05:58:47",129,847651
843,"이 질문은 재미없어요","2023-04-28 06:33:09",108,847265
844,"어떻게 이런 생각을? 이 질문 최고!","2023-04-28 07:35:36",279,849379
845,"어떻게 이런 생각을? 이 질문 최고!","2023-04-28 09:31:10",162,843429
846,"어떻게 이런 생각을? 이 질문 최고!","2023-04-28 10:08:16",163,839893
847,기타,"2023-04-28 10:09:54",190,849417
848,"어떻게 이런 생각을? 이 질문 최고!","2023-04-28 10:53:35",100,846912
849,"어떻게 이런 생각을? 이 질문 최고!","2023-04-28 11:32:08",252,840893
850,"어떻게 이런 생각을? 이 질문 최고!","2023-04-28 11:32:31",109,840893
851,"이 질문은 재미없어요","2023-04-28 11:58:24",323,847222
852,"어떻게 이런 생각을? 이 질문 최고!","2023-04-28 12:06:05",243,849759
853,"어떻게 이런 생각을? 이 질문 최고!","2023-04-28 12:45:05",183,849454
854,"이 질문은 재미없어요","2023-04-28 13:11:11",111,849596
855,"어떻게 이런 생각을? 이 질문 최고!","2023-04-28 13:16:00",183,848264
857,기타,"2023-04-28 13:41:30",291,847587
858,기타,"2023-04-28 13:41:36",291,847587
859,"어떻게 이런 생각을? 이 질문 최고!","2023-04-28 13:54:23",137,847422
860,"어떻게 이런 생각을? 이 질문 최고!","2023-04-28 14:20:34",203,849562
861,기타,"2023-04-28 14:23:29",185,849689
862,"이 질문은 재미없어요","2023-04-28 14:26:48",308,845806
863,"이 질문은 재미없어요","2023-04-28 14:26:57",128,845806
864,"이 질문은 재미없어요","2023-04-28 14:27:03",158,845806
865,"이 질문은 재미없어요","2023-04-28 14:27:07",265,845806
866,"불쾌한 내용이 포함되어 있음","2023-04-28 14:29:22",305,850007
867,"어떻게 이런 생각을? 이 질문 최고!","2023-04-28 14:31:07",323,849479
868,"어떻게 이런 생각을? 이 질문 최고!","2023-04-28 14:59:39",249,850255
869,"어떻게 이런 생각을? 이 질문 최고!","2023-04-28 14:59:43",279,850255
870,"어떻게 이런 생각을? 이 질문 최고!","2023-04-28 14:59:46",323,850255
871,"불쾌한 내용이 포함되어 있음","2023-04-28 15:03:44",108,847108
872,"어떻게 이런 생각을? 이 질문 최고!","2023-04-28 15:03:53",207,849439
873,"선정적이거나 자극적인 질문","2023-04-28 15:06:22",272,845426
874,"어떻게 이런 생각을? 이 질문 최고!","2023-04-28 15:07:06",111,849342
875,기타,"2023-04-28 15:07:11",111,849342
876,"불쾌한 내용이 포함되어 있음","2023-04-28 15:07:23",181,845426
877,"어떻게 이런 생각을? 이 질문 최고!","2023-04-28 15:09:00",305,848848
878,기타,"2023-04-28 15:09:14",305,848848
880,"어떻게 이런 생각을? 이 질문 최고!","2023-04-28 15:18:43",224,849264
881,"어떻게 이런 생각을? 이 질문 최고!","2023-04-28 15:19:05",194,849051
882,"어떻게 이런 생각을? 이 질문 최고!","2023-04-28 15:19:09",291,849051
883,"어떻게 이런 생각을? 이 질문 최고!","2023-04-28 15:19:10",291,849051
884,"어떻게 이런 생각을? 이 질문 최고!","2023-04-28 15:45:10",169,849051
885,"어떻게 이런 생각을? 이 질문 최고!","2023-04-28 15:45:17",199,841064
886,"어떻게 이런 생각을? 이 질문 최고!","2023-04-28 15:45:43",141,849933
887,"어떻게 이런 생각을? 이 질문 최고!","2023-04-28 15:47:49",207,843417
888,"어떻게 이런 생각을? 이 질문 최고!","2023-04-28 15:54:28",218,849751
889,기타,"2023-04-28 15:54:55",266,849452
890,"어떻게 이런 생각을? 이 질문 최고!","2023-04-28 16:05:58",199,848830
891,"어떻게 이런 생각을? 이 질문 최고!","2023-04-28 16:07:59",269,848830
892,"어떻게 이런 생각을? 이 질문 최고!","2023-04-28 16:09:17",279,850255
893,기타,"2023-04-28 16:14:36",268,850276
894,"이 질문은 재미없어요","2023-04-28 16:22:25",194,843439
895,기타,"2023-04-28 16:36:34",219,843988
896,"어떻게 이런 생각을? 이 질문 최고!","2023-04-28 16:42:19",115,850617
897,기타,"2023-04-28 16:44:13",235,849727
898,"어떻게 이런 생각을? 이 질문 최고!","2023-04-28 16:56:26",130,849209
899,"어떻게 이런 생각을? 이 질문 최고!","2023-04-28 16:57:01",130,849209
900,"어떻게 이런 생각을? 이 질문 최고!","2023-04-28 17:51:31",181,846663
901,"어떻게 이런 생각을? 이 질문 최고!","2023-04-28 17:51:35",181,846663
902,"어떻게 이런 생각을? 이 질문 최고!","2023-04-28 18:07:27",99,847472
903,기타,"2023-04-28 19:25:32",126,850284
906,"어떻게 이런 생각을? 이 질문 최고!","2023-04-29 00:44:10",262,849051
907,"어떻게 이런 생각을? 이 질문 최고!","2023-04-29 00:44:16",313,849051
908,"어떻게 이런 생각을? 이 질문 최고!","2023-04-29 00:44:20",155,849051
909,"어떻게 이런 생각을? 이 질문 최고!","2023-04-29 00:44:24",219,849051
911,"어떻게 이런 생각을? 이 질문 최고!","2023-04-29 01:10:56",245,838172
912,기타,"2023-04-29 01:30:02",218,850405
913,"어떻게 이런 생각을? 이 질문 최고!","2023-04-29 01:51:00",254,846048
914,"어떻게 이런 생각을? 이 질문 최고!","2023-04-29 01:54:40",99,849845
915,"어떻게 이런 생각을? 이 질문 최고!","2023-04-29 01:58:32",233,850231
916,"어떻게 이런 생각을? 이 질문 최고!","2023-04-29 02:06:19",103,850231
917,"어떻게 이런 생각을? 이 질문 최고!","2023-04-29 02:11:39",308,847052
918,"어떻게 이런 생각을? 이 질문 최고!","2023-04-29 02:20:56",274,848169
919,"어떻게 이런 생각을? 이 질문 최고!","2023-04-29 02:21:01",255,848169
920,기타,"2023-04-29 02:29:15",322,842896
921,"어떻게 이런 생각을? 이 질문 최고!","2023-04-29 02:33:58",226,849703
922,"어떻게 이런 생각을? 이 질문 최고!","2023-04-29 02:34:39",217,848830
923,"어떻게 이런 생각을? 이 질문 최고!","2023-04-29 03:05:23",292,848830
924,기타,"2023-04-29 03:06:24",292,848830
925,"어떻게 이런 생각을? 이 질문 최고!","2023-04-29 03:25:42",117,839082
926,"어떻게 이런 생각을? 이 질문 최고!","2023-04-29 03:27:54",265,849676
927,"어떻게 이런 생각을? 이 질문 최고!","2023-04-29 03:28:01",316,849676
928,"어떻게 이런 생각을? 이 질문 최고!","2023-04-29 03:28:12",215,849676
929,"어떻게 이런 생각을? 이 질문 최고!","2023-04-29 03:34:50",284,849992
930,"어떻게 이런 생각을? 이 질문 최고!","2023-04-29 03:38:00",257,845325
931,"이 질문은 재미없어요","2023-04-29 03:39:06",103,849057
932,"어떻게 이런 생각을? 이 질문 최고!","2023-04-29 03:46:48",240,851072
933,"어떻게 이런 생각을? 이 질문 최고!","2023-04-29 03:51:01",117,843089
934,"선정적이거나 자극적인 질문","2023-04-29 03:54:49",199,850599
935,"어떻게 이런 생각을? 이 질문 최고!","2023-04-29 03:59:31",233,848830
936,"어떻게 이런 생각을? 이 질문 최고!","2023-04-29 04:01:59",223,849896
937,"어떻게 이런 생각을? 이 질문 최고!","2023-04-29 04:05:43",152,849896
938,"어떻게 이런 생각을? 이 질문 최고!","2023-04-29 04:05:51",195,849896
939,"어떻게 이런 생각을? 이 질문 최고!","2023-04-29 04:06:09",184,849896
940,"어떻게 이런 생각을? 이 질문 최고!","2023-04-29 04:13:41",288,842224
941,기타,"2023-04-29 04:16:20",270,850049
942,"이 질문은 재미없어요","2023-04-29 04:28:19",111,839884
943,"어떻게 이런 생각을? 이 질문 최고!","2023-04-29 04:51:00",238,849100
944,"어떻게 이런 생각을? 이 질문 최고!","2023-04-29 04:56:01",300,844245
945,기타,"2023-04-29 04:56:06",300,844245
946,"어떻게 이런 생각을? 이 질문 최고!","2023-04-29 05:03:58",136,849620
947,"어떻게 이런 생각을? 이 질문 최고!","2023-04-29 05:24:04",265,848964
948,"어떻게 이런 생각을? 이 질문 최고!","2023-04-29 05:24:57",312,849696
949,"어떻게 이런 생각을? 이 질문 최고!","2023-04-29 05:40:26",174,849832
950,"어떻게 이런 생각을? 이 질문 최고!","2023-04-29 05:45:19",295,844370
951,"어떻게 이런 생각을? 이 질문 최고!","2023-04-29 05:54:22",278,850224
952,"어떻게 이런 생각을? 이 질문 최고!","2023-04-29 05:56:05",266,845728
953,"어떻게 이런 생각을? 이 질문 최고!","2023-04-29 05:58:31",203,850058
954,"어떻게 이런 생각을? 이 질문 최고!","2023-04-29 05:59:29",277,849842
955,"어떻게 이런 생각을? 이 질문 최고!","2023-04-29 06:02:31",101,849379
956,기타,"2023-04-29 06:11:53",249,848381
957,"어떻게 이런 생각을? 이 질문 최고!","2023-04-29 06:12:36",291,848381
958,"어떻게 이런 생각을? 이 질문 최고!","2023-04-29 06:13:36",282,850942
959,기타,"2023-04-29 06:26:03",309,850298
960,"어떻게 이런 생각을? 이 질문 최고!","2023-04-29 06:43:10",284,848830
961,"어떻게 이런 생각을? 이 질문 최고!","2023-04-29 06:43:14",102,848830
962,"어떻게 이런 생각을? 이 질문 최고!","2023-04-29 06:45:49",224,850715
963,"선정적이거나 자극적인 질문","2023-04-29 06:51:16",208,838660
964,"어떻게 이런 생각을? 이 질문 최고!","2023-04-29 06:51:53",271,849922
965,기타,"2023-04-29 06:55:42",265,850424
966,"어떻게 이런 생각을? 이 질문 최고!","2023-04-29 06:56:16",270,850747
967,"어떻게 이런 생각을? 이 질문 최고!","2023-04-29 07:08:41",224,850888
968,"어떻게 이런 생각을? 이 질문 최고!","2023-04-29 07:14:08",114,851329
969,"어떻게 이런 생각을? 이 질문 최고!","2023-04-29 07:44:48",231,847162
970,"어떻게 이런 생각을? 이 질문 최고!","2023-04-29 07:45:15",212,848625
971,"어떻게 이런 생각을? 이 질문 최고!","2023-04-29 07:56:25",299,851262
972,"어떻게 이런 생각을? 이 질문 최고!","2023-04-29 08:09:34",278,848830
973,"어떻게 이런 생각을? 이 질문 최고!","2023-04-29 08:10:38",281,846399
975,"이 질문은 재미없어요","2023-04-29 08:16:17",111,843946
976,"이 질문은 재미없어요","2023-04-29 08:20:20",278,844851
977,"어떻게 이런 생각을? 이 질문 최고!","2023-04-29 08:33:32",150,846425
978,"어떻게 이런 생각을? 이 질문 최고!","2023-04-29 08:33:40",323,846425
979,"어떻게 이런 생각을? 이 질문 최고!","2023-04-29 08:38:23",104,849696
980,"어떻게 이런 생각을? 이 질문 최고!","2023-04-29 08:40:24",197,850100
981,"불쾌한 내용이 포함되어 있음","2023-04-29 08:41:12",108,850100
982,"어떻게 이런 생각을? 이 질문 최고!","2023-04-29 08:51:22",146,842361
983,"어떻게 이런 생각을? 이 질문 최고!","2023-04-29 08:53:48",276,850335
984,"어떻게 이런 생각을? 이 질문 최고!","2023-04-29 09:02:06",123,848264
985,"어떻게 이런 생각을? 이 질문 최고!","2023-04-29 09:10:12",211,849057
986,"불쾌한 내용이 포함되어 있음","2023-04-29 09:22:44",108,851219
987,"어떻게 이런 생각을? 이 질문 최고!","2023-04-29 09:23:58",235,846831
988,"어떻게 이런 생각을? 이 질문 최고!","2023-04-29 09:39:25",237,848793
989,"불쾌한 내용이 포함되어 있음","2023-04-29 09:39:39",215,845673
990,"이 질문은 재미없어요","2023-04-29 09:40:06",227,839417
991,"선정적이거나 자극적인 질문","2023-04-29 09:40:20",128,845673
992,"어떻게 이런 생각을? 이 질문 최고!","2023-04-29 09:40:58",128,850587
993,기타,"2023-04-29 09:41:39",134,850587
994,"이 질문은 재미없어요","2023-04-29 09:45:02",111,846936
995,기타,"2023-04-29 09:48:45",218,848788
996,"어떻게 이런 생각을? 이 질문 최고!","2023-04-29 09:57:27",247,851842
997,"오타가 있음","2023-04-29 09:58:12",133,851884
998,"어떻게 이런 생각을? 이 질문 최고!","2023-04-29 09:58:39",176,850268
999,기타,"2023-04-29 10:01:51",175,841519
1000,"어떻게 이런 생각을? 이 질문 최고!","2023-04-29 10:01:59",175,841519
1001,"어떻게 이런 생각을? 이 질문 최고!","2023-04-29 10:02:47",126,850501
1002,"이 질문은 재미없어요","2023-04-29 10:09:03",109,851323
1003,기타,"2023-04-29 10:09:06",109,851323
1004,기타,"2023-04-29 10:09:11",109,851323
1005,"어떻게 이런 생각을? 이 질문 최고!","2023-04-29 10:12:43",192,845313
1006,"어떻게 이런 생각을? 이 질문 최고!","2023-04-29 10:16:27",186,850129
1007,"어떻게 이런 생각을? 이 질문 최고!","2023-04-29 10:17:06",308,850784
1008,"어떻게 이런 생각을? 이 질문 최고!","2023-04-29 10:22:38",323,843477
1009,기타,"2023-04-29 10:26:11",233,852134
1010,기타,"2023-04-29 10:34:36",309,849548
1011,"어떻게 이런 생각을? 이 질문 최고!","2023-04-29 10:38:10",306,851560
1012,"어떻게 이런 생각을? 이 질문 최고!","2023-04-29 10:39:06",227,847995
1013,기타,"2023-04-29 10:39:17",319,852087
1014,"어떻게 이런 생각을? 이 질문 최고!","2023-04-29 10:42:15",248,852268
1015,"어떻게 이런 생각을? 이 질문 최고!","2023-04-29 10:45:28",217,851256
1016,"이 질문은 재미없어요","2023-04-29 10:54:42",232,851212
1017,"어떻게 이런 생각을? 이 질문 최고!","2023-04-29 10:55:02",148,849057
1018,기타,"2023-04-29 10:58:30",319,839580
1019,"어떻게 이런 생각을? 이 질문 최고!","2023-04-29 10:59:41",140,851154
1020,"불쾌한 내용이 포함되어 있음","2023-04-29 11:00:42",144,847475
1021,"어떻게 이런 생각을? 이 질문 최고!","2023-04-29 11:00:48",218,848788
1022,"불쾌한 내용이 포함되어 있음","2023-04-29 11:00:55",218,848788
1023,"어떻게 이런 생각을? 이 질문 최고!","2023-04-29 11:13:18",123,852179
1024,"이 질문은 재미없어요","2023-04-29 11:14:36",136,846466
1025,"어떻게 이런 생각을? 이 질문 최고!","2023-04-29 11:14:43",136,846466
1026,"어떻게 이런 생각을? 이 질문 최고!","2023-04-29 11:16:15",169,847712
1027,기타,"2023-04-29 11:16:18",111,851717
1028,기타,"2023-04-29 11:16:22",111,851717
1029,"어떻게 이런 생각을? 이 질문 최고!","2023-04-29 11:20:08",251,852116
1030,기타,"2023-04-29 11:28:28",134,849676
1031,기타,"2023-04-29 11:28:52",217,851256
1032,"어떻게 이런 생각을? 이 질문 최고!","2023-04-29 11:30:37",306,846535
1033,"어떻게 이런 생각을? 이 질문 최고!","2023-04-29 11:31:47",281,850852
1035,"어떻게 이런 생각을? 이 질문 최고!","2023-04-29 11:44:09",180,846179
1036,기타,"2023-04-29 11:49:04",150,843840
1037,"어떻게 이런 생각을? 이 질문 최고!","2023-04-29 11:49:57",239,852592
1038,"어떻게 이런 생각을? 이 질문 최고!","2023-04-29 11:50:36",196,852113
1039,"어떻게 이런 생각을? 이 질문 최고!","2023-04-29 12:03:40",287,847906
1040,기타,"2023-04-29 12:03:51",315,847906
1041,"어떻게 이런 생각을? 이 질문 최고!","2023-04-29 12:05:28",203,847861
1042,"어떻게 이런 생각을? 이 질문 최고!","2023-04-29 12:07:55",159,848159
1043,기타,"2023-04-29 12:07:59",159,848159
1044,"이 질문은 재미없어요","2023-04-29 12:10:06",111,849408
1045,기타,"2023-04-29 12:15:04",123,850852
1046,"이 질문은 재미없어요","2023-04-29 12:16:11",185,849454
1047,"불쾌한 내용이 포함되어 있음","2023-04-29 12:26:38",108,852569
1048,"이 질문은 재미없어요","2023-04-29 12:26:43",108,852569
1049,"어떻게 이런 생각을? 이 질문 최고!","2023-04-29 12:31:26",152,850728
1050,기타,"2023-04-29 12:31:30",152,850728
1051,"어떻게 이런 생각을? 이 질문 최고!","2023-04-29 12:37:47",215,852622
1052,"어떻게 이런 생각을? 이 질문 최고!","2023-04-29 12:39:02",102,851482
1053,"어떻게 이런 생각을? 이 질문 최고!","2023-04-29 12:40:03",99,851144
1054,"어떻게 이런 생각을? 이 질문 최고!","2023-04-29 12:42:33",301,852750
